日期,股票代码,名称,收盘价,最高价,最低价,开盘价,前收盘,涨跌额,涨跌幅,成交量,成交金额
2022-06-29,'000688,科创50,1090.6825,1121.2367,1089.2481,1112.5906,1117.284,-26.6015,-2.3809,13435015,64007362686.0
2022-06-28,'000688,科创50,1117.284,1119.1846,1084.5866,1105.1145,1103.3992,13.8848,1.2584,12493418,59065500457.0
2022-06-27,'000688,科创50,1103.3992,1121.4479,1101.317,1113.2171,1101.4769,1.9223,0.1745,11837409,58368299304.0
2022-06-24,'000688,科创50,1101.4769,1107.332,1084.6086,1084.6086,1081.8437,19.6332,1.8148,12574040,60920314953.0
2022-06-23,'000688,科创50,1081.8437,1083.1024,1054.9114,1064.731,1063.6899,18.1538,1.7067,11016481,51783724674.0
2022-06-22,'000688,科创50,1063.6899,1090.0236,1063.5897,1084.7111,1083.0207,-19.3308,-1.7849,10786063,50509220158.0
2022-06-21,'000688,科创50,1083.0207,1098.9015,1073.5046,1094.3283,1095.3284,-12.3077,-1.1237,10545015,48908016628.0
2022-06-20,'000688,科创50,1095.3284,1109.7435,1086.7545,1099.4648,1092.0872,3.2412,0.2968,10970631,53714442705.0
2022-06-17,'000688,科创50,1092.0872,1094.267,1066.1682,1070.6175,1078.9465,13.1407,1.2179,10617344,50000414257.0
2022-06-16,'000688,科创50,1078.9465,1094.7025,1065.4434,1065.69,1062.7133,16.2332,1.5275,10129777,45297339619.0
2022-06-15,'000688,科创50,1062.7133,1085.8778,1061.4614,1069.9379,1070.5371,-7.8238,-0.7308,11204511,47345744076.0
2022-06-14,'000688,科创50,1070.5371,1076.8211,1038.9973,1073.7477,1088.3772,-17.8401,-1.6391,11274084,50175254790.0
2022-06-13,'000688,科创50,1088.3772,1094.7905,1080.3858,1088.7597,1102.8486,-14.4714,-1.3122,11242662,50825746065.0
2022-06-10,'000688,科创50,1102.8486,1103.1454,1072.1815,1074.0719,1081.1731,21.6755,2.0048,12923596,59807403165.0
2022-06-09,'000688,科创50,1081.1731,1109.7339,1073.66,1108.9307,1111.6738,-30.5007,-2.7437,11377633,49277059636.0
2022-06-08,'000688,科创50,1111.6738,1126.464,1091.6764,1108.594,1111.3951,0.2787,0.0251,15056600,66838053875.0
2022-06-07,'000688,科创50,1111.3951,1124.5225,1104.4332,1124.162,1121.5373,-10.1422,-0.9043,16527788,63981168506.0
2022-06-06,'000688,科创50,1121.5373,1130.7569,1081.4477,1084.6559,1079.8543,41.683,3.8601,22940399,86152862531.0
2022-06-02,'000688,科创50,1079.8543,1081.9235,1023.9882,1028.6856,1031.5833,48.271,4.6793,19161110,65527463070.0
2022-06-01,'000688,科创50,1031.5833,1038.7025,1024.7637,1029.0909,1035.3156,-3.7323,-0.3605,13257484,48489690654.0
2022-05-31,'000688,科创50,1035.3156,1035.3156,991.7451,1004.0805,1001.5397,33.7759,3.3724,12296032,44653234049.0
2022-05-30,'000688,科创50,1001.5397,1007.1244,984.2813,995.9564,993.6989,7.8408,0.7891,7110602,31716279173.0
2022-05-27,'000688,科创50,993.6989,1015.4621,988.2122,1008.0577,1004.2564,-10.5575,-1.0513,6835761,29557921283.0
2022-05-26,'000688,科创50,1004.2564,1014.8498,986.4223,1006.0996,1006.5233,-2.2669,-0.2252,6793010,30087268502.0
2022-05-25,'000688,科创50,1006.5233,1008.5834,991.9746,996.7532,996.648,9.8753,0.9909,6407957,28654570958.0
2022-05-24,'000688,科创50,996.648,1045.0282,996.648,1045.0073,1046.1456,-49.4976,-4.7314,9146504,40634755595.0
2022-05-23,'000688,科创50,1046.1456,1050.0646,1033.7887,1044.1836,1045.3768,0.7688,0.0735,7552498,35743893068.0
2022-05-20,'000688,科创50,1045.3768,1049.038,1028.945,1045.6902,1036.3409,9.0359,0.8719,8060715,38339562828.0
2022-05-19,'000688,科创50,1036.3409,1036.6655,999.4038,1002.6563,1013.997,22.3439,2.2035,7902840,35414716281.0
2022-05-18,'000688,科创50,1013.997,1023.9293,1007.5721,1011.5258,1010.3701,3.6269,0.359,6720129,30256742092.0
2022-05-17,'000688,科创50,1010.3701,1013.9504,993.3804,995.9742,996.5061,13.864,1.3913,7342573,33454328071.0
2022-05-16,'000688,科创50,996.5061,1025.6011,995.2484,1016.941,1010.8038,-14.2977,-1.4145,7612821,31859903205.0
2022-05-13,'000688,科创50,1010.8038,1021.3733,1002.2742,1020.3921,1013.0628,-2.259,-0.223,6622283,30044975131.0
2022-05-12,'000688,科创50,1013.0628,1021.9634,996.469,999.5381,1002.456,10.6068,1.0581,8131937,35773881466.0
2022-05-11,'000688,科创50,1002.456,1026.4892,972.8599,974.5371,972.1412,30.3148,3.1184,10648066,45957025094.0
2022-05-10,'000688,科创50,972.1412,983.6753,931.5821,935.0587,946.7246,25.4166,2.6847,8374513,36751721896.0
2022-05-09,'000688,科创50,946.7246,953.5994,937.4347,938.3929,942.2273,4.4973,0.4773,6765286,28141796468.0
2022-05-06,'000688,科创50,942.2273,960.0423,929.8231,933.0104,956.1268,-13.8995,-1.4537,7183487,30829293647.0
2022-05-05,'000688,科创50,956.1268,967.253,944.0617,944.5541,947.1508,8.976,0.9477,8590368,37635407717.0
2022-04-29,'000688,科创50,947.1508,949.0618,902.5828,910.1357,903.0643,44.0865,4.8819,9738874,40114880859.0
2022-04-28,'000688,科创50,903.0643,908.4528,885.2511,899.6609,906.4327,-3.3684,-0.3716,8793258,35869711522.0
2022-04-27,'000688,科创50,906.4327,910.0714,853.2135,857.3813,868.0672,38.3655,4.4196,9287122,36178188051.0
2022-04-26,'000688,科创50,868.0672,901.7612,865.6522,884.1803,884.3049,-16.2377,-1.8362,8059534,31634771487.0
2022-04-25,'000688,科创50,884.3049,924.9594,884.3049,924.9594,942.0685,-57.7636,-6.1316,9136037,33579640145.0
2022-04-22,'000688,科创50,942.0685,959.7311,940.2646,953.6411,957.7174,-15.6489,-1.634,6360020,29501742216.0
2022-04-21,'000688,科创50,957.7174,989.2479,954.8413,968.4769,973.5102,-15.7928,-1.6223,6865450,29289045594.0
2022-04-20,'000688,科创50,973.5102,992.4669,973.0504,988.751,989.933,-16.4228,-1.659,6078594,27981625148.0
2022-04-19,'000688,科创50,989.933,1010.5771,987.773,1002.9761,1004.6079,-14.6749,-1.4608,6158754,28189142665.0
2022-04-18,'000688,科创50,1004.6079,1005.8905,964.4929,969.0595,973.3632,31.2447,3.21,7087611,30602442907.0
2022-04-15,'000688,科创50,973.3632,980.147,955.7685,968.9073,975.574,-2.2108,-0.2266,6724774,30706156658.0
2022-04-14,'000688,科创50,975.574,982.7034,961.536,972.2369,964.8323,10.7417,1.1133,6624018,33156219004.0
2022-04-13,'000688,科创50,964.8323,989.6626,964.8323,989.6626,994.4384,-29.6061,-2.9772,5728478,26146132139.0
2022-04-12,'000688,科创50,994.4384,994.8326,970.0519,987.451,988.7613,5.6771,0.5742,6643485,30018158616.0
2022-04-11,'000688,科创50,988.7613,1022.9117,985.5852,1022.9117,1027.2438,-38.4825,-3.7462,7376606,30848958697.0
2022-04-08,'000688,科创50,1027.2438,1039.0962,1017.1813,1032.8376,1036.0738,-8.83,-0.8523,7185175,31345365771.0
2022-04-07,'000688,科创50,1036.0738,1059.3597,1036.0738,1050.4342,1058.4927,-22.4189,-2.118,7199422,30482509986.0
2022-04-06,'000688,科创50,1058.4927,1087.7552,1054.6987,1087.7552,1089.1947,-30.702,-2.8188,7593340,35342580870.0
2022-04-01,'000688,科创50,1089.1947,1095.4553,1074.7932,1085.3059,1091.0588,-1.8641,-0.1709,6563324,31147489768.0
2022-03-31,'000688,科创50,1091.0588,1109.553,1086.9895,1109.553,1112.5186,-21.4598,-1.9289,7493790,33701363377.0
2022-03-30,'000688,科创50,1112.5186,1112.6275,1084.7637,1084.7637,1079.933,32.5856,3.0174,7382173,34920037079.0
2022-03-29,'000688,科创50,1079.933,1099.2434,1078.3421,1097.3573,1090.7343,-10.8013,-0.9903,6966104,31442742848.0
2022-03-28,'000688,科创50,1090.7343,1101.3291,1085.2738,1097.8697,1106.8627,-16.1284,-1.4571,6734435,29905053728.0
2022-03-25,'000688,科创50,1106.8627,1140.9204,1106.3626,1137.7967,1134.57,-27.7073,-2.4421,7338739,33573881983.0
2022-03-24,'000688,科创50,1134.57,1141.7551,1121.6449,1135.8469,1144.0887,-9.5187,-0.832,8134171,36435083633.0
2022-03-23,'000688,科创50,1144.0887,1150.2031,1130.2245,1138.7304,1134.3184,9.7703,0.8613,8990593,37533051630.0
2022-03-22,'000688,科创50,1134.3184,1149.4688,1131.875,1145.082,1152.3256,-18.0072,-1.5627,10100149,39676749074.0
2022-03-21,'000688,科创50,1152.3256,1160.7095,1137.8125,1143.5474,1144.3212,8.0044,0.6995,9242880,46531974243.0
2022-03-18,'000688,科创50,1144.3212,1144.3212,1124.8531,1136.9841,1142.713,1.6082,0.1407,8593988,42491108799.0
2022-03-17,'000688,科创50,1142.713,1163.5062,1138.0115,1144.9754,1125.4845,17.2285,1.5308,11980371,58802348581.0
2022-03-16,'000688,科创50,1125.4845,1128.1155,1070.7745,1115.8404,1093.4328,32.0517,2.9313,11589989,54132659090.0
2022-03-15,'000688,科创50,1093.4328,1142.81,1093.4328,1115.1873,1126.282,-32.8492,-2.9166,10622022,49802723254.0
2022-03-14,'000688,科创50,1126.282,1154.7026,1126.2614,1151.9658,1161.2101,-34.9281,-3.0079,8923501,49002009517.0
2022-03-11,'000688,科创50,1161.2101,1162.5962,1125.3437,1137.6069,1153.3575,7.8526,0.6808,10553236,52556982618.0
2022-03-10,'000688,科创50,1153.3575,1168.1394,1149.4154,1161.9879,1129.6471,23.7104,2.0989,10228939,50046955570.0
2022-03-09,'000688,科创50,1129.6471,1156.4004,1097.0722,1148.1814,1137.0749,-7.4278,-0.6532,10917419,48790637558.0
2022-03-08,'000688,科创50,1137.0749,1179.1959,1135.5194,1167.5937,1169.9825,-32.9076,-2.8127,9672312,47418263838.0
2022-03-07,'000688,科创50,1169.9825,1198.0119,1164.9814,1198.0119,1203.0891,-33.1066,-2.7518,8184385,41972092269.0
2022-03-04,'000688,科创50,1203.0891,1228.1876,1197.8335,1201.1241,1209.8187,-6.7296,-0.5562,7767776,39930472638.0
2022-03-03,'000688,科创50,1209.8187,1237.1979,1208.8194,1235.9584,1230.2782,-20.4595,-1.663,7620905,39447162344.0
2022-03-02,'000688,科创50,1230.2782,1233.9161,1216.4668,1233.1042,1239.019,-8.7408,-0.7055,7208667,36213535916.0
2022-03-01,'000688,科创50,1239.019,1259.677,1232.0914,1254.5696,1249.5852,-10.5662,-0.8456,8568308,42394223284.0
2022-02-28,'000688,科创50,1249.5852,1249.5852,1230.6454,1243.9803,1240.8776,8.7076,0.7017,9812227,50069597610.0
2022-02-25,'000688,科创50,1240.8776,1253.4553,1230.6061,1231.5406,1214.9889,25.8887,2.1308,8620741,46247054185.0
2022-02-24,'000688,科创50,1214.9889,1240.3537,1199.0721,1226.9481,1231.077,-16.0881,-1.3068,11331530,51365988764.0
2022-02-23,'000688,科创50,1231.077,1233.4417,1181.4023,1182.4218,1183.9818,47.0952,3.9777,9068585,45910558536.0
2022-02-22,'000688,科创50,1183.9818,1186.7833,1168.5652,1184.835,1193.6012,-9.6194,-0.8059,7696765,34764818367.0
2022-02-21,'000688,科创50,1193.6012,1212.4942,1191.8391,1207.1474,1204.3705,-10.7693,-0.8942,7576727,32960332337.0
2022-02-18,'000688,科创50,1204.3705,1206.0129,1195.2398,1200.3428,1207.8211,-3.4506,-0.2857,6396948,29866344015.0
2022-02-17,'000688,科创50,1207.8211,1217.4702,1191.4463,1196.5983,1197.5615,10.2596,0.8567,7402910,34088935467.0
2022-02-16,'000688,科创50,1197.5615,1211.5529,1195.9717,1210.4158,1203.1243,-5.5628,-0.4624,7084265,32165254606.0
2022-02-15,'000688,科创50,1203.1243,1204.34,1171.6756,1172.7707,1169.4421,33.6822,2.8802,7440951,34578447290.0
2022-02-14,'000688,科创50,1169.4421,1179.8879,1148.7033,1161.8449,1169.5896,-0.1475,-0.0126,6205633,29024141822.0
2022-02-11,'000688,科创50,1169.5896,1188.5179,1168.9044,1182.8686,1188.1974,-18.6078,-1.5661,8975096,37864107548.0
2022-02-10,'000688,科创50,1188.1974,1215.2781,1182.3976,1214.9815,1210.2863,-22.0889,-1.8251,9020558,40602727373.0
2022-02-09,'000688,科创50,1210.2863,1212.4495,1195.0854,1204.241,1204.0542,6.2321,0.5176,8613441,36392738612.0
2022-02-08,'000688,科创50,1204.0542,1233.6572,1191.4926,1233.6572,1233.6183,-29.5641,-2.3965,8219262,34921999307.0
2022-02-07,'000688,科创50,1233.6183,1263.9658,1230.7044,1247.5846,1229.2236,4.3947,0.3575,8199670,33876596597.0
2022-01-28,'000688,科创50,1229.2236,1255.1908,1229.2236,1253.942,1240.5543,-11.3307,-0.9134,9061238,37089018612.0
2022-01-27,'000688,科创50,1240.5543,1280.2453,1239.4889,1274.6265,1276.3622,-35.8079,-2.8055,11187482,41994952495.0
2022-01-26,'000688,科创50,1276.3622,1289.4081,1261.9509,1281.5104,1277.0039,-0.6417,-0.0503,15139954,43889405966.0
2022-01-25,'000688,科创50,1277.0039,1311.7283,1276.196,1303.93,1307.7417,-30.7378,-2.3504,8234706,42025406994.0
2022-01-24,'000688,科创50,1307.7417,1311.5068,1285.0377,1286.1386,1290.4057,17.336,1.3435,7030921,41625125269.0
2022-01-21,'000688,科创50,1290.4057,1308.4372,1288.7805,1304.1581,1306.023,-15.6173,-1.1958,8648363,45936325969.0
2022-01-20,'000688,科创50,1306.023,1329.8129,1304.6922,1326.6377,1324.0889,-18.0659,-1.3644,9122820,49500717264.0
2022-01-19,'000688,科创50,1324.0889,1343.3027,1318.3106,1340.7132,1342.356,-18.2671,-1.3608,8753067,48702658329.0
2022-01-18,'000688,科创50,1342.356,1362.4779,1328.4021,1340.414,1338.3172,4.0388,0.3018,11182558,62509376314.0
2022-01-17,'000688,科创50,1338.3172,1341.1732,1313.6157,1317.385,1312.2923,26.0249,1.9832,10462288,67043438400.0
2022-01-14,'000688,科创50,1312.2923,1316.3277,1288.8503,1289.3818,1294.6527,17.6396,1.3625,9975888,60827015852.0
2022-01-13,'000688,科创50,1294.6527,1319.1868,1294.6527,1319.1868,1316.3531,-21.7004,-1.6485,8251106,51538527249.0
2022-01-12,'000688,科创50,1316.3531,1317.523,1298.6229,1298.6229,1294.4038,21.9493,1.6957,8890363,54801854442.0
2022-01-11,'000688,科创50,1294.4038,1317.9274,1291.5074,1317.9239,1318.2665,-23.8627,-1.8102,8035785,48705084901.0
2022-01-10,'000688,科创50,1318.2665,1323.1549,1291.4089,1306.5973,1305.4918,12.7747,0.9785,8517367,49356827246.0
2022-01-07,'000688,科创50,1305.4918,1331.9148,1305.1409,1322.8916,1320.935,-15.4432,-1.1691,9117416,48006858049.0
2022-01-06,'000688,科创50,1320.935,1331.4326,1309.8973,1327.6967,1333.3348,-12.3998,-0.93,7953740,45491782397.0
2022-01-05,'000688,科创50,1333.3348,1365.7661,1328.2901,1364.0143,1364.9894,-31.6546,-2.319,9000497,51248062399.0
2022-01-04,'000688,科创50,1364.9894,1405.5148,1361.4322,1403.3937,1398.1941,-33.2047,-2.3748,9302562,53289175337.0
2021-12-31,'000688,科创50,1398.1941,1399.7538,1383.8355,1384.2783,1375.5602,22.6339,1.6454,7840208,46438686183.0
2021-12-30,'000688,科创50,1375.5602,1381.4354,1355.4075,1355.9678,1356.2141,19.3461,1.4265,7816841,44883693416.0
2021-12-29,'000688,科创50,1356.2141,1370.4936,1351.9984,1370.4936,1369.6193,-13.4052,-0.9788,6304036,36993070189.0
2021-12-28,'000688,科创50,1369.6193,1370.3113,1355.6539,1355.6539,1355.6358,13.9835,1.0315,6636276,38673312160.0
2021-12-27,'000688,科创50,1355.6358,1369.2119,1349.1108,1356.4098,1358.7302,-3.0944,-0.2277,6350202,37254102355.0
2021-12-24,'000688,科创50,1358.7302,1378.2987,1353.6535,1375.1782,1375.9682,-17.238,-1.2528,7635981,43953080972.0
2021-12-23,'000688,科创50,1375.9682,1380.147,1366.9899,1375.8297,1375.0299,0.9383,0.0682,7016695,39277392722.0
2021-12-22,'000688,科创50,1375.0299,1386.2428,1373.5253,1378.3107,1374.6495,0.3804,0.0277,7598660,41126794178.0
2021-12-21,'000688,科创50,1374.6495,1378.4886,1363.9685,1366.2729,1363.9562,10.6933,0.784,6785367,39417534188.0
2021-12-20,'000688,科创50,1363.9562,1401.3367,1363.1149,1389.1787,1399.0594,-35.1032,-2.5091,7751401,49468157664.0
2021-12-17,'000688,科创50,1399.0594,1430.3917,1395.6431,1426.7922,1425.9289,-26.8695,-1.8844,8054162,47203642608.0
2021-12-16,'000688,科创50,1425.9289,1436.0615,1419.7022,1425.5285,1424.8995,1.0294,0.0722,7414006,45586156575.0
2021-12-15,'000688,科创50,1424.8995,1443.5514,1424.769,1439.116,1439.4694,-14.5699,-1.0122,8234987,52994807111.0
2021-12-14,'000688,科创50,1439.4694,1451.6787,1435.8854,1445.0515,1445.7068,-6.2374,-0.4314,7914952,46923829789.0
2021-12-13,'000688,科创50,1445.7068,1450.8272,1434.1481,1439.1869,1435.7028,10.004,0.6968,8536485,52692244311.0
2021-12-10,'000688,科创50,1435.7028,1442.6215,1424.9966,1431.848,1434.5223,1.1805,0.0823,10303018,65177424558.0
2021-12-09,'000688,科创50,1434.5223,1438.4892,1410.1452,1417.3439,1415.3738,19.1485,1.3529,8145978,50724633789.0
2021-12-08,'000688,科创50,1415.3738,1416.6852,1394.9886,1394.9886,1389.437,25.9368,1.8667,7151266,43464660479.0
2021-12-07,'000688,科创50,1389.437,1415.0539,1380.5106,1412.997,1405.7709,-16.3339,-1.1619,8730994,49753478346.0
2021-12-06,'000688,科创50,1405.7709,1445.1648,1405.5084,1444.9333,1444.8339,-39.063,-2.7036,9235243,52675883724.0
2021-12-03,'000688,科创50,1444.8339,1444.9906,1431.5923,1432.2287,1429.5001,15.3338,1.0727,8489747,49199143832.0
2021-12-02,'000688,科创50,1429.5001,1458.0848,1427.9764,1454.7395,1456.4829,-26.9828,-1.8526,9043364,53134454513.0
2021-12-01,'000688,科创50,1456.4829,1479.0866,1452.7528,1473.5206,1475.7129,-19.23,-1.3031,8961384,57971666770.0
2021-11-30,'000688,科创50,1475.7129,1479.926,1463.1472,1477.8041,1471.2291,4.4838,0.3048,10256269,61559709266.0
2021-11-29,'000688,科创50,1471.2291,1474.4443,1444.3016,1448.4979,1459.9317,11.2974,0.7738,10436432,65692939858.0
2021-11-26,'000688,科创50,1459.9317,1470.5331,1450.9315,1466.3632,1468.072,-8.1403,-0.5545,9106979,55082466660.0
2021-11-25,'000688,科创50,1468.072,1477.7368,1465.6396,1472.6356,1472.2247,-4.1527,-0.2821,9806109,55635892746.0
2021-11-24,'000688,科创50,1472.2247,1489.7134,1471.6161,1477.9611,1476.2528,-4.0281,-0.2729,10066693,59766566189.0
2021-11-23,'000688,科创50,1476.2528,1485.7988,1473.5517,1477.6681,1479.9874,-3.7346,-0.2523,10579714,62351543264.0
2021-11-22,'000688,科创50,1479.9874,1483.4845,1449.3754,1449.4523,1444.7839,35.2035,2.4366,11213782,67432278583.0
2021-11-19,'000688,科创50,1444.7839,1447.1857,1424.7587,1424.7587,1423.9704,20.8135,1.4617,9380937,52706234189.0
2021-11-18,'000688,科创50,1423.9704,1433.635,1417.1655,1433.508,1436.1583,-12.1879,-0.8486,10239622,57006568885.0
2021-11-17,'000688,科创50,1436.1583,1438.8014,1414.1235,1420.9881,1421.2749,14.8834,1.0472,9775222,51587227800.0
2021-11-16,'000688,科创50,1421.2749,1438.6107,1418.1952,1428.481,1432.5994,-11.3245,-0.7905,10301429,52554665695.0
2021-11-15,'000688,科创50,1432.5994,1448.0286,1429.3163,1441.4073,1440.1567,-7.5573,-0.5248,11415896,61527266128.0
2021-11-12,'000688,科创50,1440.1567,1444.4057,1425.581,1432.7093,1437.1495,3.0072,0.2092,10727916,59031351941.0
2021-11-11,'000688,科创50,1437.1495,1443.6028,1416.1839,1418.4838,1420.4519,16.6976,1.1755,10200216,57249078165.0
2021-11-10,'000688,科创50,1420.4519,1423.3063,1398.8821,1417.6609,1420.5088,-0.0569,-0.004,8704593,48751038564.0
2021-11-09,'000688,科创50,1420.5088,1422.8961,1397.8212,1404.8897,1400.7951,19.7137,1.4073,8749737,48290344945.0
2021-11-08,'000688,科创50,1400.7951,1401.0456,1381.6178,1398.5658,1396.7382,4.0569,0.2905,8082439,45547620469.0
2021-11-05,'000688,科创50,1396.7382,1418.8812,1396.0334,1416.243,1410.7421,-14.0039,-0.9927,9115940,48447465368.0
2021-11-04,'000688,科创50,1410.7421,1420.334,1404.6586,1404.6586,1399.5496,11.1925,0.7997,8411022,46770260781.0
2021-11-03,'000688,科创50,1399.5496,1416.4734,1386.3954,1408.1959,1405.6405,-6.0909,-0.4333,7383885,43143724386.0
2021-11-02,'000688,科创50,1405.6405,1423.9262,1395.6992,1405.8651,1404.2078,1.4327,0.102,9807672,55141910705.0
2021-11-01,'000688,科创50,1404.2078,1415.5761,1392.4007,1398.5852,1396.1952,8.0126,0.5739,9112094,55378881937.0
2021-10-29,'000688,科创50,1396.1952,1398.4168,1355.3709,1363.25,1356.3747,39.8205,2.9358,8218328,50999073360.0
2021-10-28,'000688,科创50,1356.3747,1371.1742,1354.7179,1359.0729,1361.8172,-5.4425,-0.3996,8884098,47427890543.0
2021-10-27,'000688,科创50,1361.8172,1374.3617,1354.3047,1371.7912,1376.1258,-14.3086,-1.0398,8823225,46287276919.0
2021-10-26,'000688,科创50,1376.1258,1389.4832,1372.6554,1379.785,1380.3088,-4.183,-0.303,7720807,46384983677.0
2021-10-25,'000688,科创50,1380.3088,1381.2355,1359.6254,1366.2051,1368.1361,12.1727,0.8897,7034967,42113126249.0
2021-10-22,'000688,科创50,1368.1361,1379.1876,1359.2732,1367.0587,1362.4049,5.7312,0.4207,6723731,37975476344.0
2021-10-21,'000688,科创50,1362.4049,1379.1943,1355.9314,1374.6488,1373.593,-11.1881,-0.8145,6545723,35526154285.0
2021-10-20,'000688,科创50,1373.593,1381.0631,1363.6535,1370.2134,1366.7911,6.8019,0.4977,7260010,39490454471.0
2021-10-19,'000688,科创50,1366.7911,1369.1628,1352.0107,1355.07,1352.5749,14.2162,1.051,6254979,35742204530.0
2021-10-18,'000688,科创50,1352.5749,1366.5541,1338.8891,1366.5541,1363.1635,-10.5886,-0.7768,6536446,37979670438.0
2021-10-15,'000688,科创50,1363.1635,1367.2346,1341.7523,1349.4048,1347.268,15.8955,1.1798,6729274,38052889205.0
2021-10-14,'000688,科创50,1347.268,1356.2118,1339.562,1346.9885,1344.7629,2.5051,0.1863,5616097,30878604208.0
2021-10-13,'000688,科创50,1344.7629,1349.167,1322.8884,1322.8884,1319.3894,25.3735,1.9231,5223684,31080566725.0
2021-10-12,'000688,科创50,1319.3894,1355.9199,1312.4399,1348.2245,1349.7707,-30.3813,-2.2508,5915764,33115024273.0
2021-10-11,'000688,科创50,1349.7707,1377.3116,1348.0499,1367.2126,1364.4581,-14.6874,-1.0764,5145543,31268013696.0
2021-10-08,'000688,科创50,1364.4581,1388.0228,1361.0371,1378.5305,1368.7158,-4.2577,-0.3111,5502787,31614688004.0
2021-09-30,'000688,科创50,1368.7158,1371.4941,1348.6497,1348.6497,1345.7697,22.9461,1.7051,5485896,31771115684.0
2021-09-29,'000688,科创50,1345.7697,1356.6437,1336.5058,1344.8873,1354.0959,-8.3262,-0.6149,6903713,35658624806.0
2021-09-28,'000688,科创50,1354.0959,1379.5922,1350.794,1362.3276,1368.6905,-14.5946,-1.0663,5858258,32249890685.0
2021-09-27,'000688,科创50,1368.6905,1397.1804,1354.2019,1386.5235,1374.9995,-6.309,-0.4588,8402437,43661038139.0
2021-09-24,'000688,科创50,1374.9995,1390.5031,1359.845,1362.9793,1363.7869,11.2126,0.8222,7169070,39188780550.0
2021-09-23,'000688,科创50,1363.7869,1376.5717,1354.2102,1359.6721,1355.2812,8.5057,0.6276,7350698,38058800264.0
2021-09-22,'000688,科创50,1355.2812,1361.2129,1335.5035,1338.0143,1349.6848,5.5964,0.4146,7818997,40621275606.0
2021-09-17,'000688,科创50,1349.6848,1360.9092,1332.0953,1349.342,1351.4252,-1.7404,-0.1288,8729839,45905528412.0
2021-09-16,'000688,科创50,1351.4252,1380.1621,1347.9022,1378.1767,1384.5213,-33.0961,-2.3904,9126226,47704416479.0
2021-09-15,'000688,科创50,1384.5213,1395.9883,1378.9494,1395.6109,1396.6687,-12.1474,-0.8697,7924336,43589586772.0
2021-09-14,'000688,科创50,1396.6687,1414.0915,1383.4105,1384.2827,1384.4339,12.2348,0.8837,9748823,51653707667.0
2021-09-13,'000688,科创50,1384.4339,1426.7633,1384.0201,1426.5403,1426.814,-42.3801,-2.9703,9265900,50564744294.0
2021-09-10,'000688,科创50,1426.814,1431.7057,1392.2062,1398.3316,1402.1908,24.6232,1.7561,10523019,55580134910.0
2021-09-09,'000688,科创50,1402.1908,1425.2845,1393.6076,1414.073,1412.7232,-10.5324,-0.7455,9410267,46975512618.0
2021-09-08,'000688,科创50,1412.7232,1439.6636,1408.7209,1439.6636,1438.5691,-25.8459,-1.7966,9905056,50089986842.0
2021-09-07,'000688,科创50,1438.5691,1443.3424,1426.026,1435.7342,1438.9953,-0.4262,-0.0296,9452685,51064312997.0
2021-09-06,'000688,科创50,1438.9953,1441.7099,1393.5389,1398.2433,1400.8902,38.1051,2.7201,9785658,50305730257.0
2021-09-03,'000688,科创50,1400.8902,1415.237,1382.6425,1399.4653,1399.4817,1.4085,0.1006,11395644,54303637225.0
2021-09-02,'000688,科创50,1399.4817,1424.1718,1395.5062,1416.1576,1424.6642,-25.1825,-1.7676,11488714,53149175718.0
2021-09-01,'000688,科创50,1424.6642,1438.3776,1400.1594,1437.2638,1441.1734,-16.5092,-1.1455,12748492,62190218473.0
2021-08-31,'000688,科创50,1441.1734,1463.5577,1423.5114,1463.1299,1471.4549,-30.2815,-2.0579,10729866,62148290260.0
2021-08-30,'000688,科创50,1471.4549,1508.7841,1463.403,1487.8965,1480.3135,-8.8586,-0.5984,11875582,69044750194.0
2021-08-27,'000688,科创50,1480.3135,1506.6457,1476.5555,1491.3405,1497.3375,-17.024,-1.137,10400805,58225637132.0
2021-08-26,'000688,科创50,1497.3375,1555.0359,1494.8873,1546.324,1542.7755,-45.438,-2.9452,10721530,66111394653.0
2021-08-25,'000688,科创50,1542.7755,1574.395,1535.0926,1573.7417,1578.0306,-35.2551,-2.2341,10847549,67461347058.0
2021-08-24,'000688,科创50,1578.0306,1586.5219,1550.8781,1567.6996,1564.1108,13.9198,0.8899,11717098,69500388700.0
2021-08-23,'000688,科创50,1564.1108,1568.8396,1524.1951,1534.3905,1529.0863,35.0245,2.2906,11546176,67456763825.0
2021-08-20,'000688,科创50,1529.0863,1557.106,1514.0672,1537.9117,1546.11,-17.0237,-1.1011,10376035,57383894234.0
2021-08-19,'000688,科创50,1546.11,1553.1607,1508.1674,1509.7193,1507.9886,38.1214,2.528,9872179,56067593288.0
2021-08-18,'000688,科创50,1507.9886,1530.2449,1501.1767,1514.4591,1509.2474,-1.2588,-0.0834,10366160,54323878974.0
2021-08-17,'000688,科创50,1509.2474,1555.4482,1506.7171,1544.4024,1547.931,-38.6836,-2.4991,10909613,58317663859.0
2021-08-16,'000688,科创50,1547.931,1565.9964,1535.3542,1547.3948,1552.7807,-4.8497,-0.3123,10953033,65695098997.0
2021-08-13,'000688,科创50,1552.7807,1588.2323,1549.6766,1580.1244,1586.5006,-33.7199,-2.1254,12574406,68917960763.0
2021-08-12,'000688,科创50,1586.5006,1604.7333,1570.3497,1572.1462,1578.7892,7.7114,0.4884,12889128,66518920447.0
2021-08-11,'000688,科创50,1578.7892,1593.1532,1564.9702,1589.4269,1588.1948,-9.4056,-0.5922,13221209,66406378796.0
2021-08-10,'000688,科创50,1588.1948,1592.827,1569.277,1574.0119,1574.4378,13.757,0.8738,11203302,66588106522.0
2021-08-09,'000688,科创50,1574.4378,1582.9184,1548.6866,1567.4415,1586.6732,-12.2354,-0.7711,10713509,64946507294.0
2021-08-06,'000688,科创50,1586.6732,1639.1861,1575.4241,1630.3025,1604.8067,-18.1335,-1.1299,12602316,75773482527.0
2021-08-05,'000688,科创50,1604.8067,1616.0522,1584.3093,1606.6509,1605.8939,-1.0872,-0.0677,12622179,75699982985.0
2021-08-04,'000688,科创50,1605.8939,1608.498,1564.462,1566.4455,1564.1926,41.7013,2.666,12551651,73505017897.0
2021-08-03,'000688,科创50,1564.1926,1593.0311,1558.1014,1586.3501,1599.4739,-35.2813,-2.2058,13659596,80646940226.0
2021-08-02,'000688,科创50,1599.4739,1619.3592,1572.1135,1594.0332,1591.2189,8.255,0.5188,15124102,84982615023.0
2021-07-30,'000688,科创50,1591.2189,1608.9628,1570.4464,1582.5752,1588.4653,2.7536,0.1733,15280930,84057006734.0
2021-07-29,'000688,科创50,1588.4653,1598.3409,1545.1058,1554.1336,1518.7027,69.7626,4.5936,12811655,75953387787.0
2021-07-28,'000688,科创50,1518.7027,1555.246,1476.5899,1532.4201,1545.2893,-26.5866,-1.7205,13614854,72690828020.0
2021-07-27,'000688,科创50,1545.2893,1627.848,1541.3577,1556.9327,1556.979,-11.6897,-0.7508,18598248,100863647335.0
2021-07-26,'000688,科创50,1556.979,1566.676,1496.651,1559.8363,1563.4901,-6.5111,-0.4164,12628435,73792406292.0
2021-07-23,'000688,科创50,1563.4901,1593.7044,1548.3876,1593.3136,1582.1315,-18.6414,-1.1782,11488401,66628546667.0
2021-07-22,'000688,科创50,1582.1315,1584.3174,1549.447,1570.4877,1565.6381,16.4934,1.0535,12357063,73695829527.0
2021-07-21,'000688,科创50,1565.6381,1576.7745,1527.6022,1528.5975,1522.6265,43.0116,2.8248,9164912,53221651744.0
2021-07-20,'000688,科创50,1522.6265,1529.266,1501.9213,1505.0779,1514.1808,8.4457,0.5578,7907029,41626662283.0
2021-07-19,'000688,科创50,1514.1808,1530.5864,1503.1132,1514.8295,1525.2341,-11.0533,-0.7247,8526475,46666353370.0
2021-07-16,'000688,科创50,1525.2341,1569.2475,1523.6395,1568.1706,1560.7038,-35.4697,-2.2727,9509712,51914556920.0
2021-07-15,'000688,科创50,1560.7038,1567.2733,1536.895,1549.277,1556.7196,3.9842,0.2559,9376894,50086693911.0
2021-07-14,'000688,科创50,1556.7196,1585.6033,1556.6854,1579.0331,1590.9772,-34.2576,-2.1532,9198546,49704057283.0
2021-07-13,'000688,科创50,1590.9772,1621.714,1573.7824,1602.1191,1601.6058,-10.6286,-0.6636,11111536,59109874205.0
2021-07-12,'000688,科创50,1601.6058,1611.5968,1576.7171,1593.5735,1583.7142,17.8916,1.1297,10538463,61743101788.0
2021-07-09,'000688,科创50,1583.7142,1602.0001,1556.5771,1598.2811,1610.7749,-27.0607,-1.68,10147818,56891995380.0
2021-07-08,'000688,科创50,1610.7749,1616.7019,1577.4094,1577.4971,1570.028,40.7469,2.5953,11734788,66145754568.0
2021-07-07,'000688,科创50,1570.028,1573.1517,1519.4098,1523.8271,1532.7917,37.2363,2.4293,10339861,56581070465.0
2021-07-06,'000688,科创50,1532.7917,1584.6855,1510.7134,1580.2838,1575.8944,-43.1027,-2.7351,11070754,64604987629.0
2021-07-05,'000688,科创50,1575.8944,1581.0663,1545.6784,1545.6784,1538.1577,37.7367,2.4534,9806062,59017051094.0
2021-07-02,'000688,科创50,1538.1577,1564.8776,1527.196,1563.8279,1579.8041,-41.6464,-2.6362,9514212,56474886976.0
2021-07-01,'000688,科创50,1579.8041,1594.1122,1569.9003,1587.5273,1588.2167,-8.4126,-0.5297,10411769,59093844796.0
2021-06-30,'000688,科创50,1588.2167,1603.3523,1558.9567,1564.3164,1562.0783,26.1384,1.6733,11534991,61925901624.0
2021-06-29,'000688,科创50,1562.0783,1576.8712,1546.6782,1567.8825,1562.9795,-0.9012,-0.0577,10390392,51286649082.0
2021-06-28,'000688,科创50,1562.9795,1579.2213,1536.7115,1538.0184,1534.8494,28.1301,1.8328,10952572,55064925604.0
2021-06-25,'000688,科创50,1534.8494,1536.504,1502.8909,1505.2867,1504.8079,30.0415,1.9964,10854452,50140701684.0
2021-06-24,'000688,科创50,1504.8079,1537.5767,1496.9428,1531.2377,1534.3008,-29.4929,-1.9222,14070093,52396247766.0
2021-06-23,'000688,科创50,1534.3008,1551.9191,1516.6888,1530.6356,1523.3628,10.938,0.718,16034833,60476807451.0
2021-06-22,'000688,科创50,1523.3628,1534.4254,1506.3066,1531.5201,1528.1267,-4.7639,-0.3117,19707938,52742259842.0
2021-06-21,'000688,科创50,1528.1267,1529.2843,1482.4864,1485.66,1494.7009,33.4258,2.2363,10219505,51327326484.0
2021-06-18,'000688,科创50,1494.7009,1499.8239,1474.6843,1475.2089,1473.5119,21.189,1.438,10061074,49393830003.0
2021-06-17,'000688,科创50,1473.5119,1477.049,1409.0464,1409.0464,1406.4701,67.0418,4.7667,11908654,50681775516.0
2021-06-16,'000688,科创50,1406.4701,1454.9208,1404.689,1452.9459,1448.2004,-41.7303,-2.8815,8539387,40793261350.0
2021-06-15,'000688,科创50,1448.2004,1467.4683,1435.0533,1442.0868,1436.2754,11.925,0.8303,10071064,45159091638.0
2021-06-11,'000688,科创50,1436.2754,1455.6558,1433.0607,1453.5999,1450.4038,-14.1284,-0.9741,10683273,50396679240.0
2021-06-10,'000688,科创50,1450.4038,1455.8284,1426.4914,1427.8708,1427.321,23.0828,1.6172,10102674,44182355496.0
2021-06-09,'000688,科创50,1427.321,1442.1619,1417.7675,1420.3062,1419.0751,8.2459,0.5811,8264218,38843313291.0
2021-06-08,'000688,科创50,1419.0751,1446.3779,1411.2287,1443.7446,1433.565,-14.4899,-1.0108,9490826,44630369656.0
2021-06-07,'000688,科创50,1433.565,1451.3862,1425.1148,1443.8616,1431.522,2.043,0.1427,10420182,42593187431.0
2021-06-04,'000688,科创50,1431.522,1445.1442,1405.5064,1406.3145,1414.5342,16.9878,1.2009,10000221,38867525998.0
2021-06-03,'000688,科创50,1414.5342,1438.6404,1410.1209,1425.7959,1426.8466,-12.3124,-0.8629,11441596,41140115339.0
2021-06-02,'000688,科创50,1426.8466,1465.1601,1423.4526,1461.7363,1460.5432,-33.6966,-2.3071,14395871,51265799614.0
2021-06-01,'000688,科创50,1460.5432,1467.9398,1432.9668,1437.317,1442.6682,17.875,1.239,15904982,52542498096.0
2021-05-31,'000688,科创50,1442.6682,1442.6682,1398.1925,1398.1925,1386.0385,56.6297,4.0857,16376296,47689304716.0
2021-05-28,'000688,科创50,1386.0385,1414.6095,1381.4536,1395.4269,1397.7685,-11.73,-0.8392,21565099,44217151419.0
2021-05-27,'000688,科创50,1397.7685,1400.3773,1361.0099,1362.9473,1364.0368,33.7317,2.4729,8323018,39612624259.0
2021-05-26,'000688,科创50,1364.0368,1375.8099,1360.5891,1371.7814,1370.121,-6.0842,-0.4441,6150436,31014348738.0
2021-05-25,'000688,科创50,1370.121,1371.5883,1329.6762,1329.6762,1330.8721,39.2489,2.9491,6243466,33248470662.0
2021-05-24,'000688,科创50,1330.8721,1333.4194,1304.6401,1314.7921,1315.2065,15.6656,1.1911,5612988,28963844573.0
2021-05-21,'000688,科创50,1315.2065,1341.2782,1314.3974,1334.6006,1329.7908,-14.5843,-1.0967,6261344,29856622126.0
2021-05-20,'000688,科创50,1329.7908,1339.972,1321.0416,1322.0457,1326.1434,3.6474,0.275,6869658,31439268587.0
2021-05-19,'000688,科创50,1326.1434,1335.2511,1318.1551,1320.6797,1321.6411,4.5023,0.3407,7668543,30292582973.0
2021-05-18,'000688,科创50,1321.6411,1332.3211,1316.3799,1330.4724,1328.9164,-7.2753,-0.5475,5422690,28134249952.0
2021-05-17,'000688,科创50,1328.9164,1338.2904,1301.0574,1303.0827,1300.5353,28.3811,2.1823,5946864,33438069418.0
2021-05-14,'000688,科创50,1300.5353,1301.3749,1273.9556,1277.9689,1275.4766,25.0587,1.9647,5060970,26604846560.0
2021-05-13,'000688,科创50,1275.4766,1287.921,1257.8666,1257.8666,1270.9074,4.5692,0.3595,5027245,24950591937.0
2021-05-12,'000688,科创50,1270.9074,1273.6855,1251.8105,1254.7379,1258.1073,12.8001,1.0174,4739303,24180662677.0
2021-05-11,'000688,科创50,1258.1073,1260.82,1240.2006,1243.8093,1254.4859,3.6214,0.2887,4367330,22551893756.0
2021-05-10,'000688,科创50,1254.4859,1265.8015,1249.4867,1262.4841,1263.8969,-9.411,-0.7446,4379785,24427798637.0
2021-05-07,'000688,科创50,1263.8969,1315.752,1263.6868,1311.6565,1310.125,-46.2281,-3.5285,4847937,27879511741.0
2021-05-06,'000688,科创50,1310.125,1322.6819,1298.9111,1321.2138,1322.2396,-12.1146,-0.9162,4730640,29484876049.0
2021-04-30,'000688,科创50,1322.2396,1327.3675,1313.8254,1319.008,1324.0547,-1.8151,-0.1371,6061533,34987167416.0
2021-04-29,'000688,科创50,1324.0547,1337.8502,1312.9405,1320.8884,1324.2358,-0.1811,-0.0137,5513658,31421906943.0
2021-04-28,'000688,科创50,1324.2358,1326.0059,1304.3314,1318.5481,1311.9129,12.3229,0.9393,5728293,33119088968.0
2021-04-27,'000688,科创50,1311.9129,1316.2025,1297.266,1310.6593,1314.9072,-2.9943,-0.2277,5052354,28414528413.0
2021-04-26,'000688,科创50,1314.9072,1335.4661,1313.0568,1315.5149,1311.8272,3.08,0.2348,6231161,37525801738.0
2021-04-23,'000688,科创50,1311.8272,1318.3006,1300.102,1303.2925,1305.1805,6.6467,0.5093,4761955,26846069183.0
2021-04-22,'000688,科创50,1305.1805,1308.3421,1288.5833,1288.5833,1286.855,18.3255,1.4241,4982010,27191379706.0
2021-04-21,'000688,科创50,1286.855,1291.5319,1275.6085,1285.3118,1290.5026,-3.6476,-0.2826,5194641,26179862056.0
2021-04-20,'000688,科创50,1290.5026,1304.7648,1290.0194,1295.6107,1299.0072,-8.5046,-0.6547,6992433,32150302496.0
2021-04-19,'000688,科创50,1299.0072,1300.5424,1268.9866,1273.0801,1274.7023,24.3049,1.9067,6874662,29702852520.0
2021-04-16,'000688,科创50,1274.7023,1279.2862,1255.8404,1265.1498,1264.1578,10.5445,0.8341,4652616,22040894551.0
2021-04-15,'000688,科创50,1264.1578,1266.5767,1245.1786,1250.3591,1254.7097,9.4481,0.753,3525387,18377244150.0
2021-04-14,'000688,科创50,1254.7097,1258.1666,1243.2447,1243.2447,1241.3979,13.3118,1.0723,3526558,18282043917.0
2021-04-13,'000688,科创50,1241.3979,1259.0362,1239.462,1242.7579,1243.4959,-2.098,-0.1687,3849525,18215072975.0
2021-04-12,'000688,科创50,1243.4959,1280.0779,1240.4425,1269.0164,1271.4428,-27.9469,-2.198,4406542,21808873175.0
2021-04-09,'000688,科创50,1271.4428,1296.8573,1269.9184,1290.3149,1291.8566,-20.4138,-1.5802,4141692,21190639933.0
2021-04-08,'000688,科创50,1291.8566,1305.4275,1287.0123,1293.6405,1298.7847,-6.9281,-0.5334,4764705,23521508400.0
2021-04-07,'000688,科创50,1298.7847,1300.7716,1283.1572,1296.8168,1296.6196,2.1651,0.167,4135531,21052827639.0
2021-04-06,'000688,科创50,1296.6196,1309.9482,1291.9245,1304.6418,1299.9198,-3.3002,-0.2539,4364205,21112141616.0
2021-04-02,'000688,科创50,1299.9198,1302.6173,1274.3807,1276.0341,1266.7451,33.1747,2.6189,5421746,27831421868.0
2021-04-01,'000688,科创50,1266.7451,1269.8783,1248.9644,1250.9978,1248.3317,18.4134,1.475,4255372,21356111629.0
2021-03-31,'000688,科创50,1248.3317,1253.7873,1236.2608,1248.1606,1248.3415,-0.0098,-0.0008,3552431,17697793860.0
2021-03-30,'000688,科创50,1248.3415,1259.2793,1245.0068,1250.2822,1250.7696,-2.4281,-0.1941,3490176,18175300294.0
2021-03-29,'000688,科创50,1250.7696,1263.4358,1248.327,1262.2904,1256.6638,-5.8942,-0.469,3478752,18109326458.0
2021-03-26,'000688,科创50,1256.6638,1258.1642,1224.6435,1224.6435,1219.7097,36.9541,3.0297,3534232,18385482411.0
2021-03-25,'000688,科创50,1219.7097,1231.9608,1212.3827,1212.83,1221.4468,-1.7371,-0.1422,3365032,17372560780.0
2021-03-24,'000688,科创50,1221.4468,1244.4515,1219.5068,1228.6053,1236.4736,-15.0268,-1.2153,3866384,18395085417.0
2021-03-23,'000688,科创50,1236.4736,1257.3752,1232.259,1246.361,1242.7556,-6.282,-0.5055,4327683,19244190567.0
2021-03-22,'000688,科创50,1242.7556,1247.4945,1227.8357,1229.4669,1231.2922,11.4634,0.931,3570030,17705671162.0
2021-03-19,'000688,科创50,1231.2922,1242.1309,1221.4186,1226.4137,1241.31,-10.0178,-0.807,3970796,19373367917.0
2021-03-18,'000688,科创50,1241.31,1251.5595,1237.6167,1241.5625,1236.5406,4.7694,0.3857,3572963,17983650644.0
2021-03-17,'000688,科创50,1236.5406,1237.9081,1213.3455,1220.4463,1220.3665,16.1741,1.3253,3172300,16850207758.0
2021-03-16,'000688,科创50,1220.3665,1231.9906,1212.3398,1223.7954,1223.3899,-3.0234,-0.2471,3304112,17683260828.0
2021-03-15,'000688,科创50,1223.3899,1254.6753,1213.4295,1254.6753,1261.3246,-37.9347,-3.0075,3478461,20858496450.0
2021-03-12,'000688,科创50,1261.3246,1269.2061,1251.197,1268.4422,1267.3009,-5.9763,-0.4716,3716221,22424517106.0
2021-03-11,'000688,科创50,1267.3009,1273.9619,1227.3324,1241.1033,1232.735,34.5659,2.804,3855338,25001092090.0
2021-03-10,'000688,科创50,1232.735,1258.881,1227.4158,1251.183,1230.1371,2.5979,0.2112,3711132,19600521880.0
2021-03-09,'000688,科创50,1230.1371,1278.3243,1227.182,1275.3229,1275.4562,-45.3191,-3.5532,5040233,26492249550.0
2021-03-08,'000688,科创50,1275.4562,1340.4153,1275.4562,1337.0213,1329.8392,-54.383,-4.0894,4922588,28984739806.0
2021-03-05,'000688,科创50,1329.8392,1338.8254,1305.916,1307.0636,1324.1584,5.6808,0.429,3836834,23076216333.0
2021-03-04,'000688,科创50,1324.1584,1362.9943,1322.3375,1358.2833,1359.3978,-35.2394,-2.5923,5243798,29925857446.0
2021-03-03,'000688,科创50,1359.3978,1359.7916,1340.3222,1350.0074,1352.0436,7.3542,0.5439,4491709,28112309641.0
2021-03-02,'000688,科创50,1352.0436,1373.6599,1342.8965,1373.0314,1358.1412,-6.0976,-0.449,5245032,28183824939.0
2021-03-01,'000688,科创50,1358.1412,1359.7201,1337.1925,1339.9939,1325.5865,32.5547,2.4559,4967721,27942860696.0
2021-02-26,'000688,科创50,1325.5865,1344.1548,1319.6485,1319.8902,1349.711,-24.1245,-1.7874,4743338,27756646976.0
2021-02-25,'000688,科创50,1349.711,1375.613,1349.711,1373.8442,1365.6372,-15.9262,-1.1662,4900397,25511458377.0
2021-02-24,'000688,科创50,1365.6372,1398.3271,1358.4093,1393.7184,1390.5265,-24.8893,-1.7899,4513936,27847238462.0
2021-02-23,'000688,科创50,1390.5265,1401.5101,1370.9097,1371.6265,1389.9159,0.6106,0.0439,4358750,25718346286.0
2021-02-22,'000688,科创50,1389.9159,1436.8001,1388.5213,1431.5584,1427.9066,-37.9907,-2.6606,5450826,31366685535.0
2021-02-19,'000688,科创50,1427.9066,1430.7221,1404.1475,1426.101,1429.74,-1.8334,-0.1282,4339918,26403207344.0
2021-02-18,'000688,科创50,1429.74,1465.6813,1429.0858,1457.7965,1437.0247,-7.2847,-0.5069,4797954,31047946462.0
2021-02-10,'000688,科创50,1437.0247,1440.2116,1407.6446,1424.7737,1427.6823,9.3424,0.6544,4082148,27639423326.0
2021-02-09,'000688,科创50,1427.6823,1434.8707,1383.8564,1389.0651,1382.4816,45.2007,3.2695,3905478,25790978324.0
2021-02-08,'000688,科创50,1382.4816,1395.1449,1367.3272,1371.7543,1368.8003,13.6813,0.9995,3771755,23679081698.0
2021-02-05,'000688,科创50,1368.8003,1407.3245,1368.6528,1396.1248,1394.0966,-25.2963,-1.8145,4227634,26311162686.0
2021-02-04,'000688,科创50,1394.0966,1412.7128,1367.7127,1402.0893,1410.1465,-16.0499,-1.1382,4842044,27993705422.0
2021-02-03,'000688,科创50,1410.1465,1443.9764,1410.1465,1436.0038,1438.0584,-27.9119,-1.9409,5084930,30152505307.0
2021-02-02,'000688,科创50,1438.0584,1438.0868,1414.3587,1419.7111,1421.4807,16.5777,1.1662,4469188,27327224246.0
2021-02-01,'000688,科创50,1421.4807,1439.0389,1412.1587,1419.1797,1421.9618,-0.4811,-0.0338,4623272,28612523106.0
2021-01-29,'000688,科创50,1421.9618,1440.251,1400.6705,1435.2835,1421.5872,0.3746,0.0264,4920399,30162851130.0
2021-01-28,'000688,科创50,1421.5872,1461.8424,1418.9424,1441.3975,1458.3723,-36.7851,-2.5223,4281555,28182121307.0
2021-01-27,'000688,科创50,1458.3723,1489.7587,1441.1761,1481.486,1478.451,-20.0787,-1.3581,4527917,30381286100.0
2021-01-26,'000688,科创50,1478.451,1509.413,1471.3055,1497.9992,1498.595,-20.144,-1.3442,4841190,34015119123.0
2021-01-25,'000688,科创50,1498.595,1513.7253,1471.1805,1481.7379,1486.3075,12.2875,0.8267,6035836,42910105115.0
2021-01-22,'000688,科创50,1486.3075,1487.6145,1456.0156,1482.6459,1482.2847,4.0228,0.2714,5801637,40773614492.0
2021-01-21,'000688,科创50,1482.2847,1492.9472,1465.8868,1485.6495,1481.4526,0.8321,0.0562,5260490,33695348549.0
2021-01-20,'000688,科创50,1481.4526,1482.1113,1444.7375,1450.7178,1443.9205,37.5321,2.5993,4920432,31745829673.0
2021-01-19,'000688,科创50,1443.9205,1489.2174,1441.6158,1485.463,1481.2494,-37.3289,-2.5201,5731520,36172567641.0
2021-01-18,'000688,科创50,1481.2494,1496.3662,1437.0207,1443.8197,1447.5828,33.6666,2.3257,6290347,40072199879.0
2021-01-15,'000688,科创50,1447.5828,1465.6919,1431.4545,1450.8567,1447.2668,0.316,0.0218,6054884,36295712714.0
2021-01-14,'000688,科创50,1447.2668,1478.7529,1399.5588,1406.0497,1407.4146,39.8522,2.8316,7542993,40687823840.0
2021-01-13,'000688,科创50,1407.4146,1416.6616,1389.7677,1412.0725,1405.2226,2.192,0.156,5709620,33967491777.0
2021-01-12,'000688,科创50,1405.2226,1408.4155,1379.8032,1389.4666,1390.6553,14.5673,1.0475,4511353,29205335511.0
2021-01-11,'000688,科创50,1390.6553,1407.9141,1378.1175,1385.3531,1378.7397,11.9156,0.8642,5762420,37307166814.0
2021-01-08,'000688,科创50,1378.7397,1385.1151,1366.1829,1382.1486,1381.9421,-3.2024,-0.2317,5424099,35318626639.0
2021-01-07,'000688,科创50,1381.9421,1417.4289,1370.1896,1414.8967,1415.0221,-33.08,-2.3378,6633573,41545663417.0
2021-01-06,'000688,科创50,1415.0221,1434.1945,1408.0555,1430.0675,1425.16,-10.1379,-0.7114,6071455,36142763293.0
2021-01-05,'000688,科创50,1425.16,1427.1207,1409.5412,1413.1818,1422.1246,3.0354,0.2134,6097512,38510325529.0
2021-01-04,'000688,科创50,1422.1246,1425.697,1389.5854,1398.9557,1393.0272,29.0974,2.0888,5855451,39021079336.0
2020-12-31,'000688,科创50,1393.0272,1394.7391,1368.47,1370.4413,1362.9107,30.1165,2.2097,5460861,36316902720.0
2020-12-30,'000688,科创50,1362.9107,1367.7624,1335.2072,1336.7202,1337.4696,25.4411,1.9022,5200486,32904164973.0
2020-12-29,'000688,科创50,1337.4696,1353.0612,1336.0901,1338.2399,1339.0068,-1.5372,-0.1148,4819255,25857884011.0
2020-12-28,'000688,科创50,1339.0068,1349.3496,1335.2532,1345.2989,1349.7931,-10.7863,-0.7991,5208984,28804865985.0
2020-12-25,'000688,科创50,1349.7931,1357.6506,1340.7892,1348.4717,1348.0134,1.7797,0.132,4981681,26650843700.0
2020-12-24,'000688,科创50,1348.0134,1384.3115,1347.7976,1378.3835,1376.5953,-28.5819,-2.0763,5764382,30082831674.0
2020-12-23,'000688,科创50,1376.5953,1378.6058,1355.2452,1359.7276,1358.6185,17.9768,1.3232,5196093,29462096000.0
2020-12-22,'000688,科创50,1358.6185,1390.9858,1355.9715,1383.2888,1388.6685,-30.05,-2.1639,5162246,30438971878.0
2020-12-21,'000688,科创50,1388.6685,1390.5929,1355.9254,1359.6852,1361.108,27.5605,2.0249,5212184,30648978789.0
2020-12-18,'000688,科创50,1361.108,1381.4819,1357.7711,1381.4819,1363.3594,-2.2514,-0.1651,4663221,26611979498.0
2020-12-17,'000688,科创50,1363.3594,1364.8803,1339.8978,1343.2814,1345.1327,18.2267,1.355,4798301,28146396485.0
2020-12-16,'000688,科创50,1345.1327,1357.2222,1339.9581,1357.2222,1363.1833,-18.0506,-1.3242,5560614,33603798952.0
2020-12-15,'000688,科创50,1363.1833,1379.7689,1357.3638,1373.9593,1375.0635,-11.8802,-0.864,4713483,27105427946.0
2020-12-14,'000688,科创50,1375.0635,1380.0487,1353.8981,1361.6068,1362.9608,12.1027,0.888,4584335,26012355185.0
2020-12-11,'000688,科创50,1362.9608,1365.4317,1345.316,1362.3437,1360.1842,2.7766,0.2041,6665413,36417145365.0
2020-12-10,'000688,科创50,1360.1842,1370.8285,1355.8829,1363.0033,1365.0375,-4.8533,-0.3555,5043398,29641890244.0
2020-12-09,'000688,科创50,1365.0375,1404.2317,1364.1951,1400.5665,1398.7298,-33.6923,-2.4088,4783357,25875931953.0
2020-12-08,'000688,科创50,1398.7298,1408.7868,1397.551,1405.7192,1406.1941,-7.4643,-0.5308,4279576,24149351342.0
2020-12-07,'000688,科创50,1406.1941,1417.7766,1403.4201,1410.4976,1404.8659,1.3282,0.0945,4758978,27388968317.0
2020-12-04,'000688,科创50,1404.8659,1410.9282,1401.5304,1409.5915,1410.8293,-5.9634,-0.4227,4178597,23365429253.0
2020-12-03,'000688,科创50,1410.8293,1418.1231,1398.0995,1410.4351,1408.4882,2.3411,0.1662,4585012,24754049993.0
2020-12-02,'000688,科创50,1408.4882,1419.1076,1403.7274,1408.6704,1404.2375,4.2507,0.3027,5738486,30701966235.0
2020-12-01,'000688,科创50,1404.2375,1408.0376,1381.9561,1386.5778,1385.4828,18.7547,1.3537,3731742,22256174120.0
2020-11-30,'000688,科创50,1385.4828,1397.0145,1380.2173,1392.9541,1387.7688,-2.286,-0.1647,4183574,25008644813.0
2020-11-27,'000688,科创50,1387.7688,1398.1427,1380.6407,1386.6546,1385.3103,2.4585,0.1775,3723177,20984495376.0
2020-11-26,'000688,科创50,1385.3103,1398.5671,1380.1303,1386.2137,1388.3639,-3.0536,-0.2199,3800503,21603493400.0
2020-11-25,'000688,科创50,1388.3639,1414.5144,1387.5569,1414.1887,1412.7466,-24.3827,-1.7259,4652580,26488928819.0
2020-11-24,'000688,科创50,1412.7466,1420.3439,1409.3969,1412.0244,1418.1014,-5.3548,-0.3776,4864347,27536383615.0
2020-11-23,'000688,科创50,1418.1014,1429.3892,1412.0226,1429.3892,1430.7197,-12.6183,-0.882,4743939,25854985870.0
2020-11-20,'000688,科创50,1430.7197,1442.3083,1427.3091,1433.9469,1435.9245,-5.2048,-0.3625,4702930,23421296686.0
2020-11-19,'000688,科创50,1435.9245,1436.4879,1408.2186,1415.6368,1419.2262,16.6983,1.1766,4496034,22954188646.0
2020-11-18,'000688,科创50,1419.2262,1441.2247,1418.3613,1431.6594,1430.8084,-11.5822,-0.8095,5021121,26304109095.0
2020-11-17,'000688,科创50,1430.8084,1455.2311,1425.2591,1455.2311,1446.9513,-16.1429,-1.1156,4858681,26785769360.0
2020-11-16,'000688,科创50,1446.9513,1520.2737,1444.3946,1520.2737,1436.887,10.0643,0.7004,4716782,26215785252.0
2020-11-13,'000688,科创50,1436.887,1441.0067,1401.461,1406.6849,1413.2936,23.5934,1.6694,4160211,23627754016.0
2020-11-12,'000688,科创50,1413.2936,1421.7398,1404.5715,1404.8095,1395.51,17.7836,1.2743,4220596,23261592941.0
2020-11-11,'000688,科创50,1395.51,1441.0049,1393.7349,1440.7792,1441.965,-46.455,-3.2216,5615446,32561808637.0
2020-11-10,'000688,科创50,1441.965,1483.656,1438.5865,1483.656,1485.1478,-43.1828,-2.9076,5811330,33881578512.0
2020-11-09,'000688,科创50,1485.1478,1491.5152,1442.6223,1446.4716,1441.4739,43.6739,3.0298,7796951,45618788210.0
2020-11-06,'000688,科创50,1441.4739,1477.5278,1429.1191,1477.5278,1475.3752,-33.9013,-2.2978,4453441,26228602226.0
2020-11-05,'000688,科创50,1475.3752,1479.4708,1453.7243,1477.6142,1458.8957,16.4795,1.1296,4796505,27364524126.0
2020-11-04,'000688,科创50,1458.8957,1462.6744,1443.4236,1454.73,1449.0068,9.8889,0.6825,4180001,24098062962.0
2020-11-03,'000688,科创50,1449.0068,1451.6319,1402.2637,1403.6429,1400.9122,48.0946,3.4331,5020761,28680493307.0
2020-11-02,'000688,科创50,1400.9122,1406.9352,1370.8999,1402.0829,1393.9095,7.0027,0.5024,5250701,28983972084.0
2020-10-30,'000688,科创50,1393.9095,1430.1186,1393.9095,1413.5108,1412.0554,-18.1459,-1.2851,6123725,35304499985.0
2020-10-29,'000688,科创50,1412.0554,1418.4061,1387.3837,1394.2803,1406.0745,5.9809,0.4254,4612046,26794454255.0
2020-10-28,'000688,科创50,1406.0745,1413.6585,1392.0673,1396.5597,1385.7453,20.3292,1.467,4166346,24310315128.0
2020-10-27,'000688,科创50,1385.7453,1386.8033,1354.8069,1359.1758,1356.1074,29.6379,2.1855,3147773,19204476095.0
2020-10-26,'000688,科创50,1356.1074,1364.9658,1313.4511,1332.6842,1336.527,19.5804,1.465,3074009,18436475066.0
2020-10-23,'000688,科创50,1336.527,1389.5165,1336.373,1380.3698,1376.5804,-40.0534,-2.9096,3775379,23887906287.0
2020-10-22,'000688,科创50,1376.5804,1395.1306,1373.5056,1395.1306,1396.9773,-20.3969,-1.4601,3329097,21553842422.0
2020-10-21,'000688,科创50,1396.9773,1429.4538,1396.1225,1427.2363,1426.181,-29.2037,-2.0477,3849928,23104114708.0
2020-10-20,'000688,科创50,1426.181,1428.0754,1402.7109,1413.8658,1412.1484,14.0326,0.9937,3879556,22134582969.0
2020-10-19,'000688,科创50,1412.1484,1446.4907,1411.2694,1444.8406,1438.5283,-26.3799,-1.8338,4009461,25584666218.0
2020-10-16,'000688,科创50,1438.5283,1461.8287,1429.0797,1457.1513,1453.7887,-15.2604,-1.0497,3777447,22630827773.0
2020-10-15,'000688,科创50,1453.7887,1492.9969,1451.8771,1489.3806,1488.6697,-34.881,-2.3431,4520312,26861929746.0
2020-10-14,'000688,科创50,1488.6697,1498.0027,1481.1209,1495.3401,1497.5955,-8.9258,-0.596,4673418,25563811851.0
2020-10-13,'000688,科创50,1497.5955,1498.8282,1485.1321,1491.8546,1490.5754,7.0201,0.471,5095454,27840585366.0
2020-10-12,'000688,科创50,1490.5754,1491.605,1469.6515,1475.2581,1465.9591,24.6163,1.6792,6598166,35293726351.0
2020-10-09,'000688,科创50,1465.9591,1467.983,1446.5161,1446.5161,1418.7961,47.163,3.3242,4921015,24754719794.0
2020-09-30,'000688,科创50,1418.7961,1431.8762,1393.9116,1394.8631,1389.9628,28.8333,2.0744,3985063,20256329556.0
2020-09-29,'000688,科创50,1389.9628,1403.4346,1345.9908,1345.9908,1338.9521,51.0107,3.8097,4293616,21227415374.0
2020-09-28,'000688,科创50,1338.9521,1369.039,1335.9926,1367.462,1364.0245,-25.0724,-1.8381,4523227,22568496170.0
2020-09-25,'000688,科创50,1364.0245,1402.675,1360.5504,1399.3884,1394.9263,-30.9018,-2.2153,3824131,19971286165.0
2020-09-24,'000688,科创50,1394.9263,1416.3779,1392.014,1412.1571,1423.9035,-28.9772,-2.0351,5031487,24940740420.0
2020-09-23,'000688,科创50,1423.9035,1440.6395,1400.2817,1401.3748,1390.0862,33.8173,2.4327,6208908,30743660639.0
2020-09-22,'000688,科创50,1390.0862,1403.2588,1379.0104,1389.7831,1397.7463,-7.6601,-0.548,5571567,27299775530.0
2020-09-21,'000688,科创50,1397.7463,1411.5049,1390.9045,1407.0685,1403.8988,-6.1525,-0.4382,5173416,27612911980.0
2020-09-18,'000688,科创50,1403.8988,1403.919,1379.9158,1386.3824,1383.5899,20.3089,1.4678,6376210,30212127551.0
2020-09-17,'000688,科创50,1383.5899,1393.853,1335.0274,1347.4536,1349.6719,33.918,2.5131,8406254,36518775884.0
2020-09-16,'000688,科创50,1349.6719,1364.4173,1341.6757,1363.3186,1364.6026,-14.9307,-1.0941,4133686,20704595574.0
2020-09-15,'000688,科创50,1364.6026,1372.4398,1334.8168,1348.7882,1348.0697,16.5329,1.2264,4109504,22576948542.0
2020-09-14,'000688,科创50,1348.0697,1372.8277,1334.9847,1334.9847,1312.5123,35.5574,2.7091,4373248,24507233504.0
2020-09-11,'000688,科创50,1312.5123,1313.8472,1272.8442,1279.8406,1280.1888,32.3235,2.5249,4036201,20366235616.0
2020-09-10,'000688,科创50,1280.1888,1321.0598,1276.4983,1309.3155,1298.0784,-17.8896,-1.3782,4750599,23353059949.0
2020-09-09,'000688,科创50,1298.0784,1332.0747,1289.3502,1331.4285,1344.6124,-46.534,-3.4608,6252185,29373070918.0
2020-09-08,'000688,科创50,1344.6124,1363.2754,1328.9241,1356.8211,1356.6991,-12.0867,-0.8909,4448545,26848112397.0
2020-09-07,'000688,科创50,1356.6991,1394.9037,1349.7673,1387.4929,1390.2835,-33.5844,-2.4157,6207608,36867638316.0
2020-09-04,'000688,科创50,1390.2835,1396.0039,1371.1643,1377.3939,1402.1443,-11.8608,-0.8459,4909810,29608111465.0
2020-09-03,'000688,科创50,1402.1443,1423.8929,1396.1111,1422.4154,1422.9526,-20.8083,-1.4623,5304861,31018071537.0
2020-09-02,'000688,科创50,1422.9526,1434.9204,1411.842,1430.8669,1426.6505,-3.6979,-0.2592,4919830,28487959233.0
2020-09-01,'000688,科创50,1426.6505,1435.6476,1419.6013,1424.4333,1423.2355,3.415,0.2399,4431871,24755292416.0
2020-08-31,'000688,科创50,1423.2355,1441.4578,1417.6578,1417.6635,1413.6374,9.5981,0.679,5475692,31463771648.0
2020-08-28,'000688,科创50,1413.6374,1416.8167,1393.8469,1415.6485,1417.5587,-3.9213,-0.2766,5652897,34076318139.0
2020-08-27,'000688,科创50,1417.5587,1429.955,1380.125,1389.9399,1383.305,34.2537,2.4762,6056520,32528230159.0
2020-08-26,'000688,科创50,1383.305,1430.7877,1377.2066,1422.0026,1427.7048,-44.3998,-3.1099,6544953,35154034864.0
2020-08-25,'000688,科创50,1427.7048,1462.8962,1424.4151,1449.5374,1450.6667,-22.9619,-1.5829,5269909,28269377099.0
2020-08-24,'000688,科创50,1450.6667,1457.5771,1421.8894,1453.4923,1447.7135,2.9532,0.204,5606668,29855211003.0
2020-08-21,'000688,科创50,1447.7135,1467.9805,1443.5203,1447.8013,1442.5793,5.1342,0.3559,5215102,27691331562.0
2020-08-20,'000688,科创50,1442.5793,1473.0528,1438.4556,1460.0349,1472.0212,-29.4419,-2.0001,6154748,32206408514.0
2020-08-19,'000688,科创50,1472.0212,1517.8933,1470.344,1516.9763,1512.5092,-40.488,-2.6769,8016528,42729476783.0
2020-08-18,'000688,科创50,1512.5092,1512.7557,1492.9592,1496.4213,1496.4003,16.1089,1.0765,7946743,45462336090.0
2020-08-17,'000688,科创50,1496.4003,1501.2509,1471.9158,1486.8129,1484.0407,12.3596,0.8328,7506811,38489792373.0
2020-08-14,'000688,科创50,1484.0407,1486.4016,1453.7359,1466.795,1468.2291,15.8116,1.0769,4313049,29906442951.0
2020-08-13,'000688,科创50,1468.2291,1482.6307,1453.3811,1465.6044,1458.6425,9.5866,0.6572,4944971,37719205369.0
2020-08-12,'000688,科创50,1458.6425,1488.88,1422.7308,1485.5571,1491.8414,-33.1989,-2.2254,6336105,42597006679.0
2020-08-11,'000688,科创50,1491.8414,1539.8359,1490.8349,1531.6047,1535.5971,-43.7557,-2.8494,5771384,38932760654.0
2020-08-10,'000688,科创50,1535.5971,1555.6842,1507.2707,1520.1025,1526.8034,8.7937,0.576,6018437,43695168799.0
2020-08-07,'000688,科创50,1526.8034,1568.5611,1492.2461,1561.8557,1573.869,-47.0656,-2.9904,7357510,50034092741.0
2020-08-06,'000688,科创50,1573.869,1589.7518,1552.5356,1582.4745,1588.6219,-14.7529,-0.9287,6986209,50466276943.0
2020-08-05,'000688,科创50,1588.6219,1597.4714,1556.6811,1592.3878,1566.0553,22.5666,1.441,7167247,51790274122.0
2020-08-04,'000688,科创50,1566.0553,1628.138,1555.9031,1620.7948,1622.8132,-56.7579,-3.4975,7827533,55106588631.0
2020-08-03,'000688,科创50,1622.8132,1622.8132,1533.2272,1533.2272,1512.9764,109.8368,7.2597,9665389,66759438506.0
2020-07-31,'000688,科创50,1512.9764,1513.7613,1467.7757,1469.0996,1472.7914,40.185,2.7285,8554323,59272295221.0
2020-07-30,'000688,科创50,1472.7914,1496.269,1467.7982,1484.4299,1476.9248,-4.1334,-0.2799,7402878,50620078654.0
2020-07-29,'000688,科创50,1476.9248,1476.9248,1395.9744,1400.9201,1400.5353,76.3895,5.4543,7326990,48468194584.0
2020-07-28,'000688,科创50,1400.5353,1404.9026,1383.2842,1385.7933,1374.5189,26.0164,1.8928,5444707,33909664447.0
2020-07-27,'000688,科创50,1374.5189,1403.1125,1361.9814,1396.4882,1389.3051,-14.7862,-1.0643,6206763,38244656359.0
2020-07-24,'000688,科创50,1389.3051,1474.4601,1389.3051,1467.1027,1494.1393,-104.8342,-7.0164,10254387,58754658081.0
2020-07-23,'000688,科创50,1494.1393,1512.4677,1459.7342,1487.1965,1497.2305,-3.0912,-0.2065,8947755,57698592616.0
2020-07-22,'000688,科创50,1497.2305,1519.1222,1468.1118,1474.0151,1490.1714,7.0591,0.4737,9910811,64406298258.0
2020-07-21,'000688,科创50,1490.1714,1499.8536,1454.588,1456.4868,1459.0339,31.1375,2.1341,7598157,49947393973.0
2020-07-20,'000688,科创50,1459.0339,1463.7069,1388.277,1459.7843,1443.3965,15.6374,1.0834,9053350,57905387955.0
2020-07-17,'000688,科创50,1443.3965,1495.9136,1425.6423,1475.4641,1469.7978,-26.4013,-1.7963,8965056,56025843852.0
2020-07-16,'000688,科创50,1469.7978,1612.3281,1460.64,1606.4351,1612.0349,-142.2371,-8.8235,13819920,97427952652.0
2020-07-15,'000688,科创50,1612.0349,1707.6328,1611.9106,1702.5807,1701.5824,-89.5475,-5.2626,10008757,68051034073.0
2020-07-14,'000688,科创50,1701.5824,1726.1926,1647.6415,1714.8712,1721.9764,-20.394,-1.1843,9448435,62020287102.0
2020-07-13,'000688,科创50,1721.9764,1721.9764,1640.9838,1647.1828,1654.8264,67.15,4.0578,8097678,52812436503.0
2020-07-10,'000688,科创50,1654.8264,1682.6191,1633.1829,1653.5045,1666.8502,-12.0238,-0.7213,7818090,50611873531.0
2020-07-09,'000688,科创50,1666.8502,1681.9061,1594.2555,1596.9839,1599.9053,66.9449,4.1843,9680794,57622342895.0
2020-07-08,'000688,科创50,1599.9053,1608.1927,1555.3059,1572.7764,1572.189,27.7163,1.7629,7913152,45006799899.0
2020-07-07,'000688,科创50,1572.189,1617.5998,1550.2962,1550.2962,1538.402,33.787,2.1962,10320028,55697521536.0
2020-07-06,'000688,科创50,1538.402,1547.1352,1444.6859,1445.607,1438.5851,99.8169,6.9385,9449415,46127039527.0
2020-07-03,'000688,科创50,1438.5851,1441.0887,1408.0799,1435.0821,1437.0521,1.533,0.1067,6024870,31709384931.0
2020-07-02,'000688,科创50,1437.0521,1452.745,1424.1484,1439.0094,1439.8778,-2.8257,-0.1962,5994840,32374847140.0
2020-07-01,'000688,科创50,1439.8778,1459.7705,1417.6017,1453.2515,1447.8856,-8.0078,-0.5531,6278614,33221522578.0
2020-06-30,'000688,科创50,1447.8856,1454.3065,1410.5773,1410.5773,1401.644,46.2416,3.2991,5533660,28948822613.0
2020-06-29,'000688,科创50,1401.644,1415.911,1393.7148,1415.911,1424.2771,-22.6331,-1.5891,5241555,25493640883.0
2020-06-24,'000688,科创50,1424.2771,1432.9879,1406.8688,1408.5477,1407.1925,17.0846,1.2141,6376433,31501429734.0
2020-06-23,'000688,科创50,1407.1925,1407.1925,1365.3292,1365.3292,1371.2069,35.9856,2.6244,5800882,28882768472.0
2020-06-22,'000688,科创50,1371.2069,1380.374,1347.9423,1347.9423,1325.1466,46.0603,3.4759,7112390,33903733976.0
2020-06-19,'000688,科创50,1325.1466,1329.202,1301.0208,1301.0208,1302.3711,22.7755,1.7488,4724995,23066336736.0
2020-06-18,'000688,科创50,1302.3711,1304.4857,1286.4731,1289.7652,1291.1171,11.254,0.8716,4995969,24188476063.0
2020-06-17,'000688,科创50,1291.1171,1299.7768,1280.5193,1291.0353,1289.1346,1.9825,0.1538,5459737,26075359829.0
2020-06-16,'000688,科创50,1289.1346,1289.1346,1259.0858,1259.0858,1249.9087,39.2259,3.1383,5315518,25780402655.0
2020-06-15,'000688,科创50,1249.9087,1271.9054,1249.5828,1262.4755,1262.2901,-12.3814,-0.9809,4679292,22955299049.0
2020-06-12,'000688,科创50,1262.2901,1268.4599,1246.8028,1246.8028,1273.5896,-11.2995,-0.8872,4809826,22113866914.0
2020-06-11,'000688,科创50,1273.5896,1294.3397,1265.3776,1270.7235,1269.978,3.6116,0.2844,5348532,24499760302.0
2020-06-10,'000688,科创50,1269.978,1278.0743,1265.1112,1278.0743,1278.5069,-8.5289,-0.6671,5710625,22717977191.0
2020-06-09,'000688,科创50,1278.5069,1278.8515,1269.1124,1277.4465,1280.0526,-1.5457,-0.1208,4279471,21815816253.0
2020-06-08,'000688,科创50,1280.0526,1311.6822,1277.2889,1306.4968,1297.3057,-17.2531,-1.3299,4728843,24492202638.0
2020-06-05,'000688,科创50,1297.3057,1307.8866,1292.0506,1300.2535,1299.8034,-2.4977,-0.1922,4740083,23969376504.0
2020-06-04,'000688,科创50,1299.8034,1306.0673,1291.2077,1295.155,1294.2802,5.5232,0.4267,5499728,26653572188.0
2020-06-03,'000688,科创50,1294.2802,1314.1444,1293.595,1305.734,1305.6365,-11.3563,-0.8698,4800510,26350277312.0
2020-06-02,'000688,科创50,1305.6365,1312.5164,1294.2191,1305.7973,1300.7411,4.8954,0.3764,4847518,26330461544.0
2020-06-01,'000688,科创50,1300.7411,1309.9596,1257.9659,1257.9659,1246.1109,54.6302,4.3841,5072011,26138799847.0
2020-05-29,'000688,科创50,1246.1109,1267.4265,1227.2003,1227.2003,1232.2199,13.891,1.1273,4498588,22356906676.0
2020-05-28,'000688,科创50,1232.2199,1256.2175,1206.6174,1251.0592,1253.272,-21.0521,-1.6798,4239302,21204276758.0
2020-05-27,'000688,科创50,1253.272,1281.2054,1251.0817,1271.4568,1272.6605,-19.3885,-1.5235,4571550,21537386959.0
2020-05-26,'000688,科创50,1272.6605,1272.9197,1217.6223,1217.6223,1212.0871,60.5734,4.9974,4465922,20624875954.0
2020-05-25,'000688,科创50,1212.0871,1227.5593,1205.7252,1223.866,1230.6585,-18.5714,-1.5091,3390682,16447330918.0
2020-05-22,'000688,科创50,1230.6585,1258.3142,1208.8198,1247.6045,1251.9308,-21.2723,-1.6992,4240917,20607686622.0
2020-05-21,'000688,科创50,1251.9308,1309.5049,1251.5228,1305.9116,1306.9976,-55.0668,-4.2132,4949058,24672708158.0
2020-05-20,'000688,科创50,1306.9976,1348.5767,1297.6731,1317.4035,1324.4176,-17.42,-1.3153,5623681,28703402968.0
2020-05-19,'000688,科创50,1324.4176,1324.4176,1260.2208,1260.2208,1254.299,70.1186,5.5903,4807584,25379365377.0
2020-05-18,'000688,科创50,1254.299,1279.2904,1253.3279,1279.2904,1270.4805,-16.1815,-1.2737,5082221,26658565426.0
2020-05-15,'000688,科创50,1270.4805,1280.0498,1244.7412,1244.7412,1242.1685,28.312,2.2792,4315540,21383972249.0
2020-05-14,'000688,科创50,1242.1685,1258.2535,1238.2297,1241.8444,1247.034,-4.8655,-0.3902,4678296,20564429914.0
2020-05-13,'000688,科创50,1247.034,1252.5778,1227.7222,1227.7222,1233.5918,13.4422,1.0897,4068999,18802534322.0
2020-05-12,'000688,科创50,1233.5918,1233.6392,1203.1469,1222.3869,1226.0614,7.5304,0.6142,3822614,17346775223.0
2020-05-11,'000688,科创50,1226.0614,1268.0773,1215.9698,1244.3032,1240.2455,-14.1841,-1.1437,4125490,19265721580.0
2020-05-08,'000688,科创50,1240.2455,1272.6249,1230.9069,1230.9069,1224.1045,16.141,1.3186,4659407,21029284772.0
2020-05-07,'000688,科创50,1224.1045,1249.6362,1218.2383,1249.6362,1247.5125,-23.408,-1.8764,5422596,22549913018.0
2020-05-06,'000688,科创50,1247.5125,1252.7544,1155.117,1155.117,1166.348,81.1645,6.9589,5630940,24199155642.0
2020-04-30,'000688,科创50,1166.348,1171.7996,1107.4261,1107.4261,1102.6982,63.6498,5.7722,4087211,17154966598.0
2020-04-29,'000688,科创50,1102.6982,1125.193,1102.5717,1105.6001,1113.5126,-10.8144,-0.9712,3100418,12309269653.0
2020-04-28,'000688,科创50,1113.5126,1130.6148,1037.26,1130.6148,1138.0998,-24.5872,-2.1604,4609236,17843965585.0
2020-04-27,'000688,科创50,1138.0998,1145.7475,1136.2336,1140.1939,1144.153,-6.0532,-0.5291,3145269,13554399070.0
2020-04-24,'000688,科创50,1144.153,1155.5429,1139.3054,1148.5901,1149.7162,-5.5632,-0.4839,3590075,13544462915.0
2020-04-23,'000688,科创50,1149.7162,1157.8689,1140.5493,1140.8013,1135.8487,13.8675,1.2209,4052550,14290717406.0
2020-04-22,'000688,科创50,1135.8487,1135.8487,1108.6826,1108.6826,1119.2289,16.6198,1.4849,3821580,11812376878.0
2020-04-21,'000688,科创50,1119.2289,1127.6581,1108.476,1127.6581,1133.361,-14.1321,-1.2469,3842314,10679236463.0
2020-04-20,'000688,科创50,1133.361,1133.361,1115.7224,1119.2585,1117.07,16.291,1.4584,5014214,11803076473.0
2020-04-17,'000688,科创50,1117.07,1129.1195,1102.6574,1102.6574,1091.9326,25.1374,2.3021,2585719,12159868682.0
2020-04-16,'000688,科创50,1091.9326,1097.1977,1080.8726,1080.8726,1088.203,3.7296,0.3427,1784417,8710350178.0
2020-04-15,'000688,科创50,1088.203,1101.6743,1076.9412,1076.9412,1073.2172,14.9858,1.3963,1662279,9010288213.0
2020-04-14,'000688,科创50,1073.2172,1073.2172,1049.2117,1049.2117,1042.1452,31.072,2.9815,1430020,6939273662.0
2020-04-13,'000688,科创50,1042.1452,1052.0055,1038.818,1048.2062,1058.44,-16.2948,-1.5395,1519103,7140800283.0
2020-04-10,'000688,科创50,1058.44,1100.368,1054.3459,1100.368,1101.2814,-42.8414,-3.8901,2271445,10912793906.0
2020-04-09,'000688,科创50,1101.2814,1110.0596,1094.9236,1107.4743,1104.1448,-2.8634,-0.2593,2031735,9585174464.0
2020-04-08,'000688,科创50,1104.1448,1117.8064,1100.3095,1104.9553,1111.6535,-7.5087,-0.6755,1707433,8423084598.0
2020-04-07,'000688,科创50,1111.6535,1117.7889,1108.7778,1109.6114,1080.5303,31.1232,2.8804,1986227,9755513864.0
2020-04-03,'000688,科创50,1080.5303,1095.3112,1074.1858,1089.2419,1094.8263,-14.296,-1.3058,1814410,9302559130.0
2020-04-02,'000688,科创50,1094.8263,1094.8263,1033.559,1033.559,1037.9274,56.8989,5.482,2093097,11138761717.0
2020-04-01,'000688,科创50,1037.9274,1060.7077,1026.575,1026.575,1029.7493,8.1781,0.7942,1750561,8830290427.0
2020-03-31,'000688,科创50,1029.7493,1055.2678,1027.2243,1048.7356,1035.8273,-6.078,-0.5868,1703672,8725613569.0
2020-03-30,'000688,科创50,1035.8273,1062.8986,1021.4988,1062.8986,1084.5054,-48.6781,-4.4885,2260876,11065143743.0
2020-03-27,'000688,科创50,1084.5054,1110.5368,1082.9317,1109.5416,1095.3381,-10.8327,-0.989,2292013,10640810484.0
2020-03-26,'000688,科创50,1095.3381,1111.4841,1091.0044,1093.331,1101.3194,-5.9813,-0.5431,2113779,10986345455.0
2020-03-25,'000688,科创50,1101.3194,1110.0985,1094.1629,1097.3089,1060.8431,40.4763,3.8155,2496326,12434802515.0
2020-03-24,'000688,科创50,1060.8431,1071.3398,1020.2491,1067.0136,1039.8841,20.959,2.0155,2368342,12167972703.0
2020-03-23,'000688,科创50,1039.8841,1096.3995,1037.5282,1092.501,1127.3694,-87.4853,-7.7601,2830474,13991481718.0
2020-03-20,'000688,科创50,1127.3694,1148.09,1114.291,1140.0924,1128.9734,-1.604,-0.1421,2355961,13145479435.0
2020-03-19,'000688,科创50,1128.9734,1133.6946,1091.24,1116.2634,1115.0188,13.9546,1.2515,2785032,14456418824.0
2020-03-18,'000688,科创50,1115.0188,1173.2342,1115.0188,1145.3023,1131.5472,-16.5284,-1.4607,2999560,15906593165.0
2020-03-17,'000688,科创50,1131.5472,1141.3882,1079.8384,1132.9488,1115.0839,16.4633,1.4764,2972678,15475001526.0
2020-03-16,'000688,科创50,1115.0839,1200.4637,1115.0839,1188.0777,1175.2816,-60.1977,-5.122,3181187,16930302827.0
2020-03-13,'000688,科创50,1175.2816,1187.7005,1103.9561,1103.9561,1167.0649,8.2167,0.704,3383310,17857156876.0
2020-03-12,'000688,科创50,1167.0649,1177.3596,1151.7852,1161.9219,1184.7101,-17.6452,-1.4894,2805384,13230717967.0
2020-03-11,'000688,科创50,1184.7101,1233.4261,1184.7101,1218.5161,1216.3284,-31.6183,-2.5995,4248509,18151329837.0
2020-03-10,'000688,科创50,1216.3284,1216.3284,1135.2091,1148.3965,1171.8592,44.4692,3.7948,4064920,20635332923.0
2020-03-09,'000688,科创50,1171.8592,1223.2463,1171.8592,1216.0351,1243.3725,-71.5133,-5.7516,3872703,18877583868.0
2020-03-06,'000688,科创50,1243.3725,1255.074,1237.6234,1246.0962,1264.7876,-21.4151,-1.6932,3261213,16884830366.0
2020-03-05,'000688,科创50,1264.7876,1277.706,1246.7144,1277.706,1255.7232,9.0644,0.7218,4312616,20746222681.0
2020-03-04,'000688,科创50,1255.7232,1277.686,1226.8024,1268.834,1285.0342,-29.311,-2.281,3819524,21539763079.0
2020-03-03,'000688,科创50,1285.0342,1332.8353,1272.0626,1278.2685,1252.6243,32.4099,2.5874,5122939,27537029808.0
2020-03-02,'000688,科创50,1252.6243,1259.0764,1194.9372,1202.9589,1191.0548,61.5695,5.1693,4979736,24240042956.0
2020-02-28,'000688,科创50,1191.0548,1231.0944,1187.0962,1206.858,1264.9407,-73.8859,-5.8411,5132084,27546301318.0
2020-02-27,'000688,科创50,1264.9407,1293.1869,1251.4512,1293.1869,1288.2418,-23.3011,-1.8088,5032823,28442351821.0
2020-02-26,'000688,科创50,1288.2418,1361.0063,1286.3453,1348.075,1367.3683,-79.1265,-5.7868,5015814,28837575808.0
2020-02-25,'000688,科创50,1367.3683,1371.5759,1312.4786,1312.4786,1351.7098,15.6585,1.1584,4611599,29202484341.0
2020-02-24,'000688,科创50,1351.7098,1359.2267,1328.7467,1341.9878,1346.8628,4.847,0.3599,4199988,27239430462.0
2020-02-21,'000688,科创50,1346.8628,1373.6669,1337.5566,1337.5566,1348.3377,-1.4749,-0.1094,4475455,32799336628.0
2020-02-20,'000688,科创50,1348.3377,1390.0194,1321.7335,1377.7562,1373.4439,-25.1062,-1.828,4222266,25495526119.0
2020-02-19,'000688,科创50,1373.4439,1412.1691,1373.4439,1398.7812,1399.3841,-25.9402,-1.8537,4783190,29390754314.0
2020-02-18,'000688,科创50,1399.3841,1404.7123,1372.5255,1381.583,1381.5532,17.8309,1.2906,4905609,31443906973.0
2020-02-17,'000688,科创50,1381.5532,1381.5532,1332.9652,1332.9652,1327.224,54.3292,4.0934,4969889,27951676560.0
2020-02-14,'000688,科创50,1327.224,1382.9554,1305.9737,1359.3728,1360.7094,-33.4854,-2.4609,5310166,30495954578.0
2020-02-13,'000688,科创50,1360.7094,1409.6835,1353.0449,1360.1289,1348.7019,12.0075,0.8903,6144055,35045997410.0
2020-02-12,'000688,科创50,1348.7019,1360.549,1274.7963,1274.7963,1283.5724,65.1295,5.0741,4763906,27605196207.0
2020-02-11,'000688,科创50,1283.5724,1318.4202,1266.2142,1318.4202,1322.2502,-38.6778,-2.9251,5037531,26632123773.0
2020-02-10,'000688,科创50,1322.2502,1336.5258,1293.4299,1310.5262,1307.7568,14.4934,1.1083,5932907,30052305965.0
2020-02-07,'000688,科创50,1307.7568,1307.7568,1234.2337,1240.0377,1238.7573,68.9995,5.5701,5664785,32385770513.0
2020-02-06,'000688,科创50,1238.7573,1251.8427,1191.7314,1191.7314,1203.6128,35.1445,2.9199,5589982,28886970285.0
2020-02-05,'000688,科创50,1203.6128,1240.3675,1166.9733,1166.9733,1153.2316,50.3812,4.3687,5860213,31235308672.0
2020-02-04,'000688,科创50,1153.2316,1153.2316,1049.9556,1049.9556,1030.5503,122.6813,11.9044,5286206,25214022851.0
2020-02-03,'000688,科创50,1030.5503,1082.7892,1015.5965,1018.276,1202.1022,-171.5519,-14.271,5466543,22392218949.0
2020-01-23,'000688,科创50,1202.1022,1262.4357,1177.0936,1219.2328,1244.5246,-42.4224,-3.4087,4425934,23901230623.0
2020-01-22,'000688,科创50,1244.5246,1247.6097,1157.2903,1178.7835,1195.0142,49.5104,4.1431,4794740,23124808292.0
2020-01-21,'000688,科创50,1195.0142,1247.8409,1194.7968,1233.6459,1240.5094,-45.4952,-3.6675,4206789,20822897677.0
2020-01-20,'000688,科创50,1240.5094,1270.3586,1208.6903,1239.4391,1238.6638,1.8456,0.149,5202592,25890091114.0
2020-01-17,'000688,科创50,1238.6638,1252.5561,1159.372,1159.372,1154.3028,84.361,7.3084,5873597,26076157662.0
2020-01-16,'000688,科创50,1154.3028,1161.4769,1116.5084,1116.5084,1114.7655,39.5373,3.5467,3085288,16115816599.0
2020-01-15,'000688,科创50,1114.7655,1120.3455,1105.5754,1113.2521,1118.3063,-3.5408,-0.3166,2420464,11554276317.0
2020-01-14,'000688,科创50,1118.3063,1133.8986,1107.7757,1107.7757,1105.8481,12.4582,1.1266,3262464,15303201742.0
2020-01-13,'000688,科创50,1105.8481,1105.8481,1069.7789,1076.7616,1076.4379,29.4102,2.7322,2466259,11640010897.0
2020-01-10,'000688,科创50,1076.4379,1088.5431,1076.4379,1082.3097,1078.3117,-1.8738,-0.1738,2515475,10766677457.0
2020-01-09,'000688,科创50,1078.3117,1081.4038,1060.5802,1060.5802,1051.1599,27.1518,2.583,2843421,12913099511.0
2020-01-08,'000688,科创50,1051.1599,1059.4361,1034.5129,1035.8362,1043.0833,8.0766,0.7743,3207627,13506584528.0
2020-01-07,'000688,科创50,1043.0833,1043.0833,1019.8577,1025.6627,1027.2773,15.806,1.5386,2675922,11953768305.0
2020-01-06,'000688,科创50,1027.2773,1040.1404,1019.9989,1019.9989,1024.4819,2.7954,0.2729,2663012,11978945124.0
2020-01-03,'000688,科创50,1024.4819,1029.0713,1018.6813,1021.6693,1019.7234,4.7585,0.4666,2160583,9677367301.0
2020-01-02,'000688,科创50,1019.7234,1019.9098,1005.6174,1005.6174,1000.0,19.7234,1.9723,2193853,9315104841.0
