1,2020-03-03,4.31亿,1.02亿,1.19亿,-1709.03万,618.92,69.00,68.11,0.89,4.44亿
2,2020-03-02,4.48亿,1.12亿,1.54亿,-4178.08万,618.03,82.36,75.00,7.36,4.61亿
3,2020-02-28,4.90亿,1.93亿,1.60亿,3305.83万,610.67,90.34,84.08,6.26,5.02亿
4,2020-02-27,4.57亿,1.27亿,1.36亿,-847.32万,604.41,92.57,90.00,2.57,4.69亿
5,2020-02-26,4.65亿,1.20亿,1.36亿,-1559.70万,601.85,77.40,86.03,-8.63,4.78亿
6,2020-02-25,4.81亿,1.32亿,1.45亿,-1305.31万,610.48,84.98,83.66,1.32,4.94亿
7,2020-02-24,4.94亿,9711.77万,1.08亿,-1135.37万,609.16,100.82,85.00,15.82,5.07亿
8,2020-02-21,5.05亿,9750.76万,9336.63万,414.13万,593.34,71.91,102.70,-30.79,5.18亿
9,2020-02-20,5.01亿,1.28亿,8848.34万,3960.62万,624.13,110.34,75.00,35.34,5.14亿
10,2020-02-19,4.61亿,9475.85万,1.60亿,-6495.86万,588.79,71.00,60.00,11.00,4.73亿
11,2020-02-18,5.26亿,1.64亿,1.56亿,768.30万,577.79,10.00,24.33,-14.33,5.38亿
12,2020-02-17,5.19亿,2.22亿,5583.38万,1.66亿,592.12,0.04,0.00,0.04,5.31亿
13,2020-02-14,3.53亿,7554.38万,8166.64万,-612.26万,592.08,0.03,0.03,-0.00,3.64亿
14,2020-02-13,3.59亿,7753.62万,6755.41万,998.21万,592.08,74.96,0.00,74.96,3.71亿
15,2020-02-12,3.49亿,7304.37万,4765.88万,2538.49万,517.12,0.00,0.00,0.00,3.59亿
16,2020-02-11,3.23亿,3666.34万,5779.46万,-2113.12万,517.12,0.00,0.00,0.00,3.34亿
17,2020-02-10,3.45亿,5806.69万,5084.99万,721.70万,517.12,0.00,0.00,0.00,3.55亿
18,2020-02-07,3.37亿,7406.20万,7635.28万,-229.08万,517.12,0.00,0.00,0.00,3.47亿
19,2020-02-06,3.40亿,9997.81万,9742.71万,255.10万,517.12,0.00,0.00,0.00,3.50亿
20,2020-02-05,3.37亿,9174.21万,9785.65万,-611.44万,517.12,0.00,30.00,-30.00,3.47亿
21,2020-02-04,3.43亿,9704.85万,8072.93万,1631.92万,547.12,0.00,0.00,0.00,3.53亿
22,2020-02-03,3.27亿,8740.96万,7800.99万,939.97万,547.12,0.00,12.77,-12.77,3.36亿
23,2020-01-23,3.18亿,6462.75万,9924.74万,-3461.98万,559.89,41.95,10.23,31.72,3.28亿
24,2020-01-22,3.52亿,1.07亿,7225.09万,3500.19万,528.17,26.27,10.56,15.71,3.62亿
25,2020-01-21,3.17亿,6992.43万,1.00亿,-3034.49万,512.46,7.83,5.50,2.33,3.27亿
26,2020-01-20,3.47亿,8611.63万,4698.91万,3912.72万,510.13,8.50,5.96,2.54,3.57亿
27,2020-01-17,3.08亿,5693.91万,5918.52万,-224.61万,507.59,0.00,192.20,-192.20,3.18亿
28,2020-01-16,3.11亿,5234.61万,6424.76万,-1190.16万,699.79,7.55,0.00,7.55,3.24亿
29,2020-01-15,3.22亿,5863.80万,5983.10万,-119.30万,692.24,76.61,7.55,69.06,3.35亿
30,2020-01-14,3.24亿,5455.74万,9676.96万,-4221.22万,623.18,0.20,0.00,0.20,3.35亿
31,2020-01-13,3.66亿,9573.12万,5367.38万,4205.73万,622.98,0.00,76.31,-76.31,3.77亿
32,2020-01-10,3.24亿,6490.14万,8289.42万,-1799.28万,699.29,10.00,0.50,9.50,3.37亿
33,2020-01-09,3.42亿,1.00亿,6464.61万,3575.07万,689.79,67.58,10.00,57.58,3.55亿
34,2020-01-08,3.06亿,7504.57万,9248.13万,-1743.56万,632.21,485.37,65.39,419.98,3.17亿
35,2020-01-07,3.24亿,6987.74万,6666.90万,320.84万,212.23,33.19,39.25,-6.06,3.27亿
36,2020-01-06,3.20亿,7444.71万,5198.99万,2245.71万,218.29,177.99,1.30,176.69,3.24亿
37,2020-01-03,2.98亿,4410.61万,6510.47万,-2099.86万,41.60,1.00,5.00,-4.00,2.99亿
38,2020-01-02,3.19亿,8197.02万,5151.65万,3045.37万,45.60,45.00,0.00,45.00,3.20亿
39,2019-12-31,2.88亿,4872.60万,5638.24万,-765.64万,0.60,0.00,0.00,0.00,2.88亿
40,2019-12-30,2.96亿,6336.32万,3989.63万,2346.68万,0.60,0.60,0.00,0.60,2.96亿
41,2019-12-27,2.73亿,4690.06万,5117.99万,-427.94万,0.00,0.00,0.00,0.00,2.73亿
42,2019-12-26,2.77亿,4135.98万,4230.64万,-94.66万,0.00,0.00,0.00,0.00,2.77亿
43,2019-12-25,2.78亿,3699.06万,5417.20万,-1718.14万,0.00,0.00,0.00,0.00,2.78亿
44,2019-12-24,2.95亿,4034.96万,5963.34万,-1928.38万,0.00,0.00,0.00,0.00,2.95亿
45,2019-12-23,3.14亿,7031.80万,5703.70万,1328.10万,0.00,0.00,0.00,0.00,3.14亿
46,2019-12-20,3.01亿,5523.38万,6698.28万,-1174.90万,0.00,0.00,0.00,0.00,3.01亿
47,2019-12-19,3.13亿,5169.39万,3490.50万,1678.89万,0.00,0.00,0.00,0.00,3.13亿
48,2019-12-18,2.96亿,3491.76万,3593.62万,-101.86万,0.00,0.00,0.00,0.00,2.96亿
49,2019-12-17,2.97亿,4696.12万,4287.88万,408.24万,0.00,0.00,0.00,0.00,2.97亿
50,2019-12-16,2.93亿,5549.06万,6387.76万,-838.70万,0.00,0.00,0.00,0.00,2.93亿
51,2019-12-13,3.01亿,6197.85万,6536.25万,-338.40万,0.00,0.00,0.00,0.00,3.01亿
52,2019-12-12,3.05亿,3146.26万,3791.98万,-645.72万,0.00,0.00,0.00,0.00,3.05亿
53,2019-12-11,3.11亿,3833.91万,4173.26万,-339.35万,0.00,0.00,0.00,0.00,3.11亿
54,2019-12-10,3.15亿,4847.42万,3383.37万,1464.05万,0.00,0.00,0.00,0.00,3.15亿
55,2019-12-09,3.00亿,3539.22万,3644.41万,-105.19万,0.00,0.00,0.00,0.00,3.00亿
56,2019-12-06,3.01亿,3987.83万,5425.26万,-1437.42万,0.00,0.00,0.00,0.00,3.01亿
57,2019-12-05,3.15亿,5373.85万,4421.46万,952.39万,0.00,0.00,0.00,0.00,3.15亿
58,2019-12-04,3.06亿,3085.67万,3981.20万,-895.53万,0.00,0.00,0.00,0.00,3.06亿
59,2019-12-03,3.15亿,4153.91万,4557.69万,-403.78万,0.00,0.00,0.00,0.00,3.15亿
60,2019-12-02,3.19亿,3555.77万,3678.96万,-123.19万,0.00,0.00,0.00,0.00,3.19亿
61,2019-11-29,3.20亿,4454.87万,3854.20万,600.67万,0.00,0.00,0.00,0.00,3.20亿
62,2019-11-28,3.14亿,2579.40万,3346.86万,-767.46万,0.00,0.00,0.00,0.00,3.14亿
63,2019-11-27,3.22亿,3153.13万,4318.01万,-1164.88万,0.00,0.00,0.00,0.00,3.22亿
64,2019-11-26,3.33亿,4049.00万,4937.52万,-888.52万,0.00,0.00,0.00,0.00,3.33亿
65,2019-11-25,3.42亿,5342.05万,5153.79万,188.26万,0.00,0.00,0.00,0.00,3.42亿
66,2019-11-22,3.40亿,1.04亿,6802.49万,3552.49万,0.00,0.00,0.00,0.00,3.40亿
67,2019-11-21,3.05亿,3327.84万,3078.93万,248.91万,0.00,0.00,0.00,0.00,3.05亿
68,2019-11-20,3.02亿,5497.93万,4607.08万,890.86万,0.00,0.00,0.00,0.00,3.02亿
69,2019-11-19,2.93亿,5906.76万,5389.88万,516.89万,0.00,0.00,0.00,0.00,2.93亿
70,2019-11-18,2.88亿,4136.47万,3458.19万,678.28万,0.00,0.00,0.00,0.00,2.88亿
71,2019-11-15,2.81亿,3996.92万,3522.71万,474.21万,0.00,0.00,0.00,0.00,2.81亿
72,2019-11-14,2.77亿,2580.37万,4161.27万,-1580.90万,0.00,0.00,0.00,0.00,2.77亿
73,2019-11-13,2.93亿,3630.64万,4520.97万,-890.34万,0.00,0.00,0.00,0.00,2.93亿
74,2019-11-12,3.01亿,5013.35万,4980.26万,33.09万,0.00,0.00,0.00,0.00,3.01亿
75,2019-11-11,3.01亿,4294.89万,3988.59万,306.30万,0.00,0.00,0.00,0.00,3.01亿
76,2019-11-08,2.98亿,4444.78万,5325.56万,-880.78万,0.00,0.00,0.00,0.00,2.98亿
77,2019-11-07,3.07亿,4643.93万,4259.85万,384.08万,0.00,0.00,0.00,0.00,3.07亿
78,2019-11-06,3.03亿,3605.09万,4982.08万,-1376.99万,0.00,0.00,0.00,0.00,3.03亿
79,2019-11-05,3.17亿,5107.41万,4021.06万,1086.35万,0.00,0.00,0.00,0.00,3.17亿
80,2019-11-04,3.06亿,4308.59万,4740.36万,-431.78万,0.00,0.00,0.00,0.00,3.06亿
81,2019-11-01,3.10亿,5896.11万,4928.45万,967.66万,0.00,0.00,0.00,0.00,3.10亿
82,2019-10-31,3.01亿,5120.13万,6040.22万,-920.08万,0.00,0.00,0.00,0.00,3.01亿
83,2019-10-30,3.10亿,4009.45万,5067.15万,-1057.70万,0.00,0.00,0.00,0.00,3.10亿
84,2019-10-29,3.20亿,5665.70万,7453.19万,-1787.49万,0.00,0.00,0.00,0.00,3.20亿
85,2019-10-28,3.38亿,7869.11万,6223.62万,1645.49万,0.00,0.00,0.00,0.00,3.38亿
86,2019-10-25,3.22亿,7346.30万,7904.26万,-557.96万,0.00,0.00,0.00,0.00,3.22亿
87,2019-10-24,3.27亿,4802.78万,6478.47万,-1675.69万,0.00,0.00,0.00,0.00,3.27亿
88,2019-10-23,3.44亿,7601.80万,6672.85万,928.94万,0.00,0.00,0.00,0.00,3.44亿
89,2019-10-22,3.35亿,7418.00万,1.43亿,-6899.72万,0.00,0.00,0.00,0.00,3.35亿
90,2019-10-21,4.04亿,1.32亿,4072.71万,9118.66万,0.00,0.00,0.00,0.00,4.04亿
91,2019-10-18,3.13亿,5292.31万,5913.36万,-621.06万,0.00,0.00,0.00,0.00,3.13亿
92,2019-10-17,3.19亿,2776.39万,4059.93万,-1283.54万,0.00,0.00,0.00,0.00,3.19亿
93,2019-10-16,3.32亿,4447.27万,4220.46万,226.81万,0.00,0.00,0.00,0.00,3.32亿
94,2019-10-15,3.29亿,4837.31万,4788.05万,49.26万,0.00,0.00,0.00,0.00,3.29亿
95,2019-10-14,3.29亿,6719.58万,5191.33万,1528.25万,0.00,0.00,0.00,0.00,3.29亿
96,2019-10-11,3.14亿,5295.93万,6956.19万,-1660.26万,0.00,0.00,0.00,0.00,3.14亿
97,2019-10-10,3.30亿,4352.71万,8718.26万,-4365.55万,0.00,0.00,0.00,0.00,3.30亿
98,2019-10-09,3.74亿,6954.62万,5129.97万,1824.65万,0.00,0.00,0.00,0.00,3.74亿
99,2019-10-08,3.56亿,4754.61万,3335.22万,1419.39万,0.00,0.00,0.00,0.00,3.56亿
100,2019-09-30,3.41亿,4139.10万,5831.42万,-1692.32万,0.00,0.00,0.00,0.00,3.41亿
101,2019-09-27,3.58亿,3950.10万,6423.49万,-2473.39万,0.00,0.00,0.00,0.00,3.58亿
102,2019-09-26,3.83亿,9949.62万,6636.70万,3312.93万,0.00,0.00,0.00,0.00,3.83亿
103,2019-09-25,3.50亿,6170.02万,6717.08万,-547.06万,0.00,0.00,0.00,0.00,3.50亿
104,2019-09-24,3.55亿,5846.32万,7842.21万,-1995.89万,0.00,0.00,0.00,0.00,3.55亿
105,2019-09-23,3.75亿,7280.25万,6571.65万,708.60万,0.00,0.00,0.00,0.00,3.75亿
106,2019-09-20,3.68亿,4264.53万,6390.24万,-2125.70万,0.00,0.00,0.00,0.00,3.68亿
107,2019-09-19,3.90亿,5983.82万,7341.29万,-1357.46万,0.00,0.00,0.00,0.00,3.90亿
108,2019-09-18,4.03亿,5366.08万,5595.06万,-228.98万,0.00,0.00,0.00,0.00,4.03亿
109,2019-09-17,4.05亿,8146.97万,1.05亿,-2380.45万,0.00,0.00,0.00,0.00,4.05亿
110,2019-09-16,4.29亿,5839.91万,6352.24万,-512.33万,0.00,0.00,0.00,0.00,4.29亿
111,2019-09-12,4.34亿,7788.40万,6128.60万,1659.81万,0.00,0.00,0.00,0.00,4.34亿
112,2019-09-11,4.18亿,1.18亿,9240.80万,2557.07万,0.00,0.00,0.00,0.00,4.18亿
113,2019-09-10,3.92亿,6939.37万,9892.00万,-2952.63万,0.00,0.00,0.00,0.00,3.92亿
114,2019-09-09,4.22亿,8932.50万,7173.11万,1759.40万,0.00,0.00,0.00,0.00,4.22亿
115,2019-09-06,4.04亿,7154.68万,6910.42万,244.26万,0.00,0.00,0.00,0.00,4.04亿
116,2019-09-05,4.02亿,7664.70万,7549.78万,114.92万,0.00,0.00,0.00,0.00,4.02亿
117,2019-09-04,4.01亿,8358.88万,5306.26万,3052.61万,0.00,0.00,0.00,0.00,4.01亿
118,2019-09-03,3.70亿,5064.97万,7749.96万,-2684.99万,0.00,0.00,0.00,0.00,3.70亿
119,2019-09-02,3.97亿,6801.46万,1.06亿,-3771.27万,0.00,0.00,0.00,0.00,3.97亿
120,2019-08-30,4.35亿,9479.97万,8594.42万,885.55万,0.00,0.00,0.00,0.00,4.35亿
121,2019-08-29,4.26亿,4542.79万,4088.46万,454.33万,0.00,0.00,0.00,0.00,4.26亿
122,2019-08-28,4.21亿,6346.49万,9099.21万,-2752.72万,0.00,0.00,0.00,0.00,4.21亿
123,2019-08-27,4.49亿,9458.75万,1.13亿,-1810.06万,0.00,0.00,0.00,0.00,4.49亿
124,2019-08-26,4.67亿,7533.84万,6971.44万,562.40万,0.00,0.00,0.00,0.00,4.67亿
125,2019-08-23,4.61亿,8141.24万,7398.64万,742.60万,0.00,0.00,0.00,0.00,4.61亿
126,2019-08-22,4.54亿,6205.24万,6320.12万,-114.88万,0.00,0.00,0.00,0.00,4.54亿
127,2019-08-21,4.55亿,1.25亿,1.35亿,-1039.97万,0.00,0.00,0.00,0.00,4.55亿
128,2019-08-20,4.65亿,1.23亿,8471.31万,3843.01万,0.00,0.00,0.00,0.00,4.65亿
129,2019-08-19,4.27亿,1.27亿,7998.30万,4680.09万,0.00,0.00,0.00,0.00,4.27亿
130,2019-08-16,3.80亿,8686.66万,8256.69万,429.97万,0.00,0.00,0.00,0.00,3.80亿
131,2019-08-15,3.76亿,9464.45万,8353.89万,1110.56万,0.00,0.00,0.00,0.00,3.76亿
132,2019-08-14,3.65亿,6748.03万,6735.47万,12.55万,0.00,0.00,0.00,0.00,3.65亿
133,2019-08-13,3.65亿,5614.00万,5468.82万,145.18万,0.00,0.00,0.00,0.00,3.65亿
134,2019-08-12,3.63亿,4954.99万,6481.39万,-1526.40万,0.00,0.00,0.00,0.00,3.63亿
135,2019-08-09,3.78亿,5536.89万,5847.01万,-310.12万,0.00,0.00,0.00,0.00,3.78亿
136,2019-08-08,3.81亿,3865.86万,4315.67万,-449.81万,0.00,0.00,0.00,0.00,3.81亿
137,2019-08-07,3.86亿,3459.04万,7592.37万,-4133.33万,0.00,0.00,0.00,0.00,3.86亿
138,2019-08-06,4.27亿,8820.76万,8450.87万,369.89万,0.00,0.00,0.00,0.00,4.27亿
139,2019-08-05,4.24亿,8419.05万,9099.11万,-680.06万,0.00,0.00,0.00,0.00,4.24亿
140,2019-08-02,4.30亿,8719.79万,8845.85万,-126.07万,0.00,0.00,0.00,0.00,4.30亿
141,2019-08-01,4.32亿,5848.59万,6711.11万,-862.51万,0.00,0.00,0.00,0.00,4.32亿
142,2019-07-31,4.40亿,6404.88万,5613.36万,791.52万,0.00,0.00,0.00,0.00,4.40亿
143,2019-07-30,4.32亿,8029.10万,7476.19万,552.91万,0.00,0.00,0.00,0.00,4.32亿
144,2019-07-29,4.27亿,3403.01万,4991.66万,-1588.65万,0.00,0.00,0.00,0.00,4.27亿
145,2019-07-26,4.43亿,3940.24万,5517.41万,-1577.17万,0.00,0.00,0.00,0.00,4.43亿
146,2019-07-25,4.58亿,5679.06万,5834.85万,-155.78万,0.00,0.00,0.00,0.00,4.58亿
147,2019-07-24,4.60亿,7374.99万,7859.39万,-484.40万,0.00,0.00,0.00,0.00,4.60亿
148,2019-07-23,4.65亿,4967.78万,8697.54万,-3729.76万,0.00,0.00,0.00,0.00,4.65亿
149,2019-07-22,5.02亿,8960.04万,8066.15万,893.89万,0.00,0.00,0.00,0.00,5.02亿
150,2019-07-19,4.93亿,8290.55万,8232.87万,57.68万,0.00,0.00,0.00,0.00,4.93亿
151,2019-07-18,4.93亿,8798.90万,6465.28万,2333.62万,0.00,0.00,0.00,0.00,4.93亿
152,2019-07-17,4.69亿,5146.15万,6504.39万,-1358.24万,0.00,0.00,0.00,0.00,4.69亿
153,2019-07-16,4.83亿,5792.07万,9284.13万,-3492.06万,0.00,0.00,0.00,0.00,4.83亿
154,2019-07-15,5.18亿,1.32亿,9325.45万,3834.73万,0.00,0.00,0.00,0.00,5.18亿
155,2019-07-12,4.79亿,4903.22万,6187.30万,-1284.08万,0.00,0.00,0.00,0.00,4.79亿
156,2019-07-11,4.92亿,6059.14万,6243.32万,-184.18万,0.00,0.00,0.00,0.00,4.92亿
157,2019-07-10,4.94亿,5137.99万,4155.17万,982.82万,0.00,0.00,0.00,0.00,4.94亿
158,2019-07-09,4.84亿,4650.72万,6639.11万,-1988.39万,0.00,0.00,0.00,0.00,4.84亿
159,2019-07-08,5.04亿,8025.65万,7205.43万,820.22万,0.00,0.00,0.00,0.00,5.04亿
160,2019-07-05,4.96亿,4471.65万,8631.02万,-4159.37万,0.00,0.00,0.00,0.00,4.96亿
161,2019-07-04,5.38亿,1.01亿,6654.66万,3456.75万,0.00,0.00,0.00,0.00,5.38亿
162,2019-07-03,5.03亿,6806.89万,4868.96万,1937.92万,0.00,0.00,0.00,0.00,5.03亿
163,2019-07-02,4.84亿,5504.36万,9229.85万,-3725.49万,0.00,0.00,0.00,0.00,4.84亿
164,2019-07-01,5.21亿,9226.41万,1.33亿,-4074.94万,0.00,0.00,0.00,0.00,5.21亿
165,2019-06-28,5.62亿,7636.05万,1.12亿,-3538.36万,0.00,0.00,0.00,0.00,5.62亿
166,2019-06-27,5.97亿,6953.40万,9892.47万,-2939.07万,0.00,0.00,0.00,0.00,5.97亿
167,2019-06-26,6.26亿,5366.80万,7961.41万,-2594.61万,0.00,0.00,0.00,0.00,6.26亿
168,2019-06-25,6.52亿,1.06亿,1.14亿,-826.28万,0.00,0.00,0.00,0.00,6.52亿
169,2019-06-24,6.61亿,8416.06万,1.39亿,-5527.16万,0.00,0.00,0.00,0.00,6.61亿
170,2019-06-21,7.16亿,2.77亿,1.58亿,1.20亿,0.00,0.00,0.00,0.00,7.16亿
171,2019-06-20,5.96亿,1.22亿,1.14亿,790.48万,0.00,0.00,0.00,0.00,5.96亿
172,2019-06-19,5.88亿,1.28亿,1.16亿,1190.86万,0.00,0.00,0.00,0.00,5.88亿
173,2019-06-18,5.77亿,5370.67万,8806.74万,-3436.07万,0.00,0.00,0.00,0.00,5.77亿
174,2019-06-17,6.11亿,6899.39万,3586.22万,3313.18万,0.00,0.00,0.00,0.00,6.11亿
175,2019-06-14,5.78亿,6938.75万,6940.41万,-1.65万,0.00,0.00,0.00,0.00,5.78亿
176,2019-06-13,5.78亿,5480.96万,7940.95万,-2460.00万,0.00,0.00,0.00,0.00,5.78亿
177,2019-06-12,6.02亿,9702.32万,8064.67万,1637.65万,0.00,0.00,0.00,0.00,6.02亿
178,2019-06-11,5.86亿,9920.29万,1.55亿,-5553.42万,0.00,0.00,0.00,0.00,5.86亿
179,2019-06-10,6.42亿,7027.18万,8294.78万,-1267.60万,0.00,0.00,0.00,0.00,6.42亿
180,2019-06-06,6.54亿,1.21亿,7809.78万,4258.13万,0.00,0.00,0.00,0.00,6.54亿
181,2019-06-05,6.12亿,7911.85万,7755.02万,156.84万,0.00,0.00,0.00,0.00,6.12亿
182,2019-06-04,6.10亿,8271.65万,5024.96万,3246.70万,0.00,0.00,0.00,0.00,6.10亿
183,2019-06-03,5.78亿,9671.70万,9330.09万,341.60万,0.00,0.00,0.00,0.00,5.78亿
184,2019-05-31,5.74亿,6835.38万,6271.98万,563.40万,0.00,0.00,0.00,0.00,5.74亿
185,2019-05-30,5.69亿,7435.00万,4809.77万,2625.24万,0.00,0.00,0.00,0.00,5.69亿
186,2019-05-29,5.42亿,4421.87万,8408.91万,-3987.04万,0.00,0.00,0.00,0.00,5.42亿
187,2019-05-28,5.82亿,6758.46万,9111.27万,-2352.81万,0.00,0.00,0.00,0.00,5.82亿
188,2019-05-27,6.06亿,1.12亿,9907.27万,1267.60万,0.00,0.00,0.00,0.00,6.06亿
189,2019-05-24,5.93亿,1.09亿,6706.49万,4178.04万,0.00,0.00,0.00,0.00,5.93亿
190,2019-05-23,5.51亿,1.10亿,5189.80万,5776.86万,0.00,0.00,0.00,0.00,5.51亿
191,2019-05-22,4.93亿,5061.82万,6519.41万,-1457.60万,0.00,0.00,0.00,0.00,4.93亿
192,2019-05-21,5.08亿,8863.83万,7254.70万,1609.13万,0.00,0.00,0.00,0.00,5.08亿
193,2019-05-20,4.92亿,9606.73万,4221.84万,5384.89万,0.00,0.00,0.00,0.00,4.92亿
194,2019-05-17,4.38亿,7411.31万,7206.06万,205.25万,0.00,0.00,0.00,0.00,4.38亿
195,2019-05-16,4.36亿,3158.05万,4980.18万,-1822.12万,0.00,0.00,0.00,0.00,4.36亿
196,2019-05-15,4.54亿,3947.56万,8350.12万,-4402.57万,0.00,0.00,0.00,0.00,4.54亿
197,2019-05-14,4.98亿,7026.22万,8351.77万,-1325.56万,0.00,0.00,0.00,0.00,4.98亿
198,2019-05-13,5.12亿,8503.39万,8265.60万,237.79万,0.00,0.00,0.00,0.00,5.12亿
199,2019-05-10,5.09亿,1.24亿,1.41亿,-1679.97万,0.00,0.00,0.00,0.00,5.09亿
200,2019-05-09,5.26亿,8288.67万,8353.35万,-64.68万,0.00,0.00,0.00,0.00,5.26亿
201,2019-05-08,5.27亿,9107.35万,1.04亿,-1260.98万,0.00,0.00,0.00,0.00,5.27亿
202,2019-05-07,5.39亿,8305.70万,1.13亿,-2945.81万,0.00,0.00,0.00,0.00,5.39亿
203,2019-05-06,5.69亿,1.56亿,8260.79万,7327.13万,0.00,0.00,0.00,0.00,5.69亿
204,2019-04-30,4.95亿,7280.55万,6524.90万,755.65万,0.00,0.00,0.00,0.00,4.95亿
205,2019-04-29,4.88亿,1.25亿,6324.06万,6149.75万,0.00,0.00,0.00,0.00,4.88亿
206,2019-04-26,4.26亿,6507.63万,5562.79万,944.84万,0.00,0.00,0.00,0.00,4.26亿
207,2019-04-25,4.17亿,7496.02万,1.32亿,-5666.73万,0.00,0.00,0.00,0.00,4.17亿
208,2019-04-24,4.74亿,1.47亿,7757.94万,6946.95万,0.00,0.00,0.00,0.00,4.74亿
209,2019-04-23,4.04亿,5079.10万,6110.46万,-1031.36万,0.00,0.00,0.00,0.00,4.04亿
210,2019-04-22,4.14亿,4783.95万,7808.93万,-3024.98万,0.00,0.00,0.00,0.00,4.14亿
211,2019-04-19,4.45亿,6337.28万,5622.23万,715.05万,0.00,0.00,0.00,0.00,4.45亿
212,2019-04-18,4.38亿,4915.68万,7747.21万,-2831.53万,0.00,0.00,0.00,0.00,4.38亿
213,2019-04-17,4.66亿,1.25亿,1.78亿,-5331.84万,0.00,0.00,0.00,0.00,4.66亿
214,2019-04-16,5.19亿,1.82亿,1.06亿,7595.92万,0.00,0.00,0.00,0.00,5.19亿
215,2019-04-15,4.43亿,1.02亿,1.34亿,-3162.19万,0.00,0.00,0.00,0.00,4.43亿
216,2019-04-12,4.75亿,6472.05万,6281.94万,190.11万,0.00,0.00,0.00,0.00,4.75亿
217,2019-04-11,4.73亿,1.08亿,1.01亿,746.61万,0.00,0.00,0.00,0.00,4.73亿
218,2019-04-10,4.65亿,8033.46万,9534.77万,-1501.31万,0.00,0.00,0.00,0.00,4.65亿
219,2019-04-09,4.80亿,6953.77万,6844.78万,108.98万,0.00,0.00,0.00,0.00,4.80亿
220,2019-04-08,4.79亿,9049.62万,1.37亿,-4653.00万,0.00,0.00,0.00,0.00,4.79亿
221,2019-04-04,5.26亿,1.58亿,1.07亿,5049.71万,0.00,0.00,0.00,0.00,5.26亿
222,2019-04-03,4.75亿,1.09亿,1.36亿,-2694.98万,0.00,0.00,0.00,0.00,4.75亿
223,2019-04-02,5.02亿,1.12亿,1.02亿,982.69万,0.00,0.00,0.00,0.00,5.02亿
224,2019-04-01,4.93亿,7944.96万,8862.21万,-917.25万,0.00,0.00,0.00,0.00,4.93亿
225,2019-03-29,5.02亿,1.25亿,9893.64万,2575.62万,0.00,0.00,0.00,0.00,5.02亿
226,2019-03-28,4.76亿,6644.52万,8599.89万,-1955.37万,0.00,0.00,0.00,0.00,4.76亿
227,2019-03-27,4.96亿,5974.39万,6295.43万,-321.04万,0.00,0.00,0.00,0.00,4.96亿
228,2019-03-26,4.99亿,7837.81万,7367.72万,470.09万,0.00,0.00,0.00,0.00,4.99亿
229,2019-03-25,4.94亿,6774.59万,8038.91万,-1264.32万,0.00,0.00,0.00,0.00,4.94亿
230,2019-03-22,5.07亿,7908.56万,9218.96万,-1310.40万,0.00,0.00,0.00,0.00,5.07亿
231,2019-03-21,5.20亿,9886.31万,1.09亿,-1023.95万,0.00,0.00,0.00,0.00,5.20亿
232,2019-03-20,5.30亿,9178.46万,9037.62万,140.84万,0.00,0.00,0.00,0.00,5.30亿
233,2019-03-19,5.29亿,8502.98万,1.18亿,-3316.88万,0.00,0.00,0.00,0.00,5.29亿
234,2019-03-18,5.62亿,1.13亿,1.92亿,-7903.36万,0.00,0.00,0.00,0.00,5.62亿
235,2019-03-15,6.41亿,1.14亿,2.23亿,-1.09亿,0.00,0.00,0.00,0.00,6.41亿
236,2019-03-14,7.50亿,3.29亿,2.18亿,1.11亿,0.00,0.00,0.00,0.00,7.50亿
237,2019-03-13,6.39亿,2.06亿,2.44亿,-3814.32万,0.00,0.00,0.00,0.00,6.39亿
238,2019-03-12,6.77亿,2.74亿,1.97亿,7755.94万,0.00,0.00,0.00,0.00,6.77亿
239,2019-03-11,5.99亿,2.15亿,1.09亿,1.06亿,0.00,0.00,0.00,0.00,5.99亿
240,2019-03-08,4.93亿,1.33亿,1.43亿,-1029.38万,0.00,0.00,0.00,0.00,4.93亿
241,2019-03-07,5.04亿,1.55亿,1.41亿,1359.43万,0.00,0.00,0.00,0.00,5.04亿
242,2019-03-06,4.90亿,1.27亿,1.10亿,1644.29万,0.00,0.00,0.00,0.00,4.90亿
243,2019-03-05,4.74亿,1.24亿,1.02亿,2228.40万,0.00,0.00,0.00,0.00,4.74亿
244,2019-03-04,4.51亿,1.05亿,1.17亿,-1231.87万,0.00,0.00,0.00,0.00,4.51亿
245,2019-03-01,4.64亿,7390.42万,1.09亿,-3540.34万,0.00,0.00,0.00,0.00,4.64亿
246,2019-02-28,4.99亿,9030.05万,1.24亿,-3415.45万,0.00,0.00,0.00,0.00,4.99亿
247,2019-02-27,5.33亿,1.32亿,1.26亿,588.30万,0.00,0.00,0.00,0.00,5.33亿
248,2019-02-26,5.27亿,1.27亿,1.37亿,-977.45万,0.00,0.00,0.00,0.00,5.27亿
249,2019-02-25,5.37亿,1.31亿,1.14亿,1754.53万,0.00,0.00,0.00,0.00,5.37亿
250,2019-02-22,5.20亿,1.10亿,1.12亿,-123.40万,0.00,0.00,0.00,0.00,5.20亿
251,2019-02-21,5.21亿,8635.73万,1.22亿,-3539.91万,0.00,0.00,0.00,0.00,5.21亿
252,2019-02-20,5.56亿,8143.78万,6624.10万,1519.68万,0.00,0.00,0.00,0.00,5.56亿
253,2019-02-19,5.41亿,1.11亿,1.12亿,-156.64万,0.00,0.00,0.00,0.00,5.41亿
254,2019-02-18,5.43亿,1.08亿,7778.22万,2972.11万,0.00,0.00,0.00,0.00,5.43亿
255,2019-02-15,5.13亿,7153.85万,7817.96万,-664.11万,0.00,0.00,0.00,0.00,5.13亿
256,2019-02-14,5.20亿,4529.00万,6886.34万,-2357.33万,0.00,0.00,0.00,0.00,5.20亿
257,2019-02-13,5.43亿,6073.02万,8427.76万,-2354.74万,0.00,0.00,0.00,0.00,5.43亿
258,2019-02-12,5.67亿,5043.28万,9289.59万,-4246.31万,0.00,0.00,0.00,0.00,5.67亿
259,2019-02-11,6.09亿,7606.83万,1.01亿,-2540.93万,0.00,0.00,0.00,0.00,6.09亿
260,2019-02-01,6.35亿,7246.17万,1.32亿,-5998.28万,0.00,0.00,0.00,0.00,6.35亿
261,2019-01-31,6.95亿,9715.52万,6428.42万,3287.10万,0.00,0.00,0.00,0.00,6.95亿
262,2019-01-30,6.62亿,5360.10万,8021.00万,-2660.90万,0.00,0.00,0.00,0.00,6.62亿
263,2019-01-29,6.88亿,7584.84万,5514.46万,2070.38万,0.00,0.00,0.00,0.00,6.88亿
264,2019-01-28,6.68亿,7246.74万,6334.57万,912.17万,0.00,0.00,0.00,0.00,6.68亿
265,2019-01-25,6.58亿,5288.62万,9466.28万,-4177.66万,0.00,0.00,0.00,0.00,6.58亿
266,2019-01-24,7.00亿,6799.39万,8329.45万,-1530.06万,0.00,0.00,0.00,0.00,7.00亿
267,2019-01-23,7.16亿,5830.27万,4312.58万,1517.69万,0.00,0.00,0.00,0.00,7.16亿
268,2019-01-22,7.00亿,7814.35万,5862.41万,1951.95万,0.00,0.00,0.00,0.00,7.00亿
269,2019-01-21,6.81亿,6310.35万,6170.21万,140.15万,0.00,0.00,0.00,0.00,6.81亿
270,2019-01-18,6.79亿,5695.18万,9910.55万,-4215.37万,0.00,0.00,0.00,0.00,6.79亿
271,2019-01-17,7.22亿,8522.02万,6636.07万,1885.94万,0.00,0.00,0.00,0.00,7.22亿
272,2019-01-16,7.03亿,6459.02万,1.15亿,-5008.71万,0.00,0.00,0.00,0.00,7.03亿
273,2019-01-15,7.53亿,1.10亿,8856.09万,2137.81万,0.00,0.00,0.00,0.00,7.53亿
274,2019-01-14,7.31亿,7654.28万,6041.12万,1613.16万,0.00,0.00,0.00,0.00,7.31亿
275,2019-01-11,7.15亿,7588.76万,8062.93万,-474.18万,0.00,0.00,0.00,0.00,7.15亿
276,2019-01-10,7.20亿,5768.24万,8070.73万,-2302.50万,0.00,0.00,0.00,0.00,7.20亿
277,2019-01-09,7.43亿,8875.62万,1.35亿,-4666.10万,0.00,0.00,0.00,0.00,7.43亿
278,2019-01-08,7.90亿,3886.82万,6174.75万,-2287.93万,0.00,0.00,0.00,0.00,7.90亿
279,2019-01-07,8.13亿,5596.33万,1.52亿,-9619.47万,0.00,0.00,0.00,0.00,8.13亿
280,2019-01-04,9.09亿,1.21亿,1.18亿,362.84万,0.00,0.00,0.00,0.00,9.09亿
281,2019-01-03,9.05亿,1.06亿,6573.66万,4001.75万,0.00,0.00,0.00,0.00,9.05亿
282,2019-01-02,8.65亿,8160.00万,4080.05万,4079.95万,0.00,0.00,0.00,0.00,8.65亿
283,2018-12-28,8.24亿,5393.97万,8120.63万,-2726.66万,0.00,0.00,0.00,0.00,8.24亿
284,2018-12-27,8.52亿,9495.87万,6382.33万,3113.54万,0.00,0.00,0.00,0.00,8.52亿
285,2018-12-26,8.20亿,4317.76万,6658.47万,-2340.72万,0.00,0.00,0.00,0.00,8.20亿
286,2018-12-25,8.44亿,1.02亿,1.08亿,-678.86万,0.00,0.00,0.00,0.00,8.44亿
287,2018-12-24,8.51亿,7802.75万,6960.92万,841.84万,0.00,0.00,0.00,0.00,8.51亿
288,2018-12-21,8.42亿,8442.08万,6335.14万,2106.94万,0.00,0.00,0.00,0.00,8.42亿
289,2018-12-20,8.21亿,7176.25万,5917.99万,1258.26万,0.00,0.00,0.00,0.00,8.21亿
290,2018-12-19,8.09亿,9634.14万,4703.12万,4931.03万,0.00,0.00,0.00,0.00,8.09亿
291,2018-12-18,7.59亿,1.12亿,6991.23万,4239.06万,0.00,0.00,0.00,0.00,7.59亿
292,2018-12-17,7.17亿,8896.12万,4344.79万,4551.32万,0.00,0.00,0.00,0.00,7.17亿
293,2018-12-14,6.71亿,7061.92万,1.10亿,-3909.64万,0.00,0.00,0.00,0.00,6.71亿
294,2018-12-13,7.10亿,1.10亿,8511.58万,2502.84万,0.00,0.00,0.00,0.00,7.10亿
295,2018-12-12,6.85亿,4925.52万,3990.53万,934.99万,0.00,0.00,0.00,0.00,6.85亿
296,2018-12-11,6.76亿,4343.78万,5113.80万,-770.03万,0.00,0.00,0.00,0.00,6.76亿
297,2018-12-10,6.84亿,5009.61万,5441.89万,-432.27万,0.00,0.00,0.00,0.00,6.84亿
298,2018-12-07,6.88亿,5388.74万,4756.81万,631.93万,0.00,0.00,0.00,0.00,6.88亿
299,2018-12-06,6.82亿,8450.80万,6747.02万,1703.78万,0.00,0.00,0.00,0.00,6.82亿
300,2018-12-05,6.65亿,7229.58万,8053.31万,-823.73万,0.00,0.00,0.00,0.00,6.65亿
301,2018-12-04,6.73亿,5878.48万,6852.07万,-973.59万,0.00,0.00,0.00,0.00,6.73亿
302,2018-12-03,6.83亿,8724.53万,1.13亿,-2553.30万,0.00,0.00,0.00,0.00,6.83亿
303,2018-11-30,7.08亿,6736.83万,8197.33万,-1460.49万,0.00,0.00,0.00,0.00,7.08亿
304,2018-11-29,7.23亿,9418.84万,7240.68万,2178.16万,0.00,0.00,0.00,0.00,7.23亿
305,2018-11-28,7.01亿,7096.06万,9369.37万,-2273.32万,0.00,0.00,0.00,0.00,7.01亿
306,2018-11-27,7.24亿,6139.60万,6968.42万,-828.82万,0.00,0.00,0.00,0.00,7.24亿
307,2018-11-26,7.32亿,4921.82万,7099.04万,-2177.21万,0.00,0.00,0.00,0.00,7.32亿
308,2018-11-23,7.54亿,1.28亿,1.08亿,2051.49万,0.00,0.00,0.00,0.00,7.54亿
309,2018-11-22,7.33亿,5386.51万,7000.70万,-1614.19万,0.00,0.00,0.00,0.00,7.33亿
310,2018-11-21,7.50亿,7192.57万,1.55亿,-8271.09万,0.00,0.00,0.00,0.00,7.50亿
311,2018-11-20,8.32亿,1.56亿,8075.34万,7497.78万,0.00,0.00,0.00,0.00,8.32亿
312,2018-11-19,7.57亿,1.21亿,7815.62万,4311.46万,0.00,0.00,0.00,0.00,7.57亿
313,2018-11-16,7.14亿,7793.15万,1.01亿,-2262.62万,0.00,0.00,0.00,0.00,7.14亿
314,2018-11-15,7.37亿,6100.85万,1.02亿,-4127.78万,0.00,0.00,0.00,0.00,7.37亿
315,2018-11-14,7.78亿,9580.78万,1.01亿,-551.47万,0.00,0.00,0.00,0.00,7.78亿
316,2018-11-13,7.84亿,1.36亿,2.38亿,-1.01亿,0.00,0.00,0.00,0.00,7.84亿
317,2018-11-12,8.85亿,1.44亿,1.17亿,2688.10万,0.00,0.00,0.00,0.00,8.85亿
318,2018-11-09,8.58亿,9812.44万,7223.04万,2589.40万,0.00,0.00,0.00,0.00,8.58亿
319,2018-11-08,8.32亿,8452.59万,7634.58万,818.01万,0.00,0.00,0.00,0.00,8.32亿
320,2018-11-07,8.24亿,9301.25万,1.01亿,-767.60万,0.00,0.00,0.00,0.00,8.24亿
321,2018-11-06,8.31亿,1.14亿,8818.41万,2552.73万,0.00,0.00,0.00,0.00,8.31亿
322,2018-11-05,8.06亿,1.37亿,1.69亿,-3234.20万,0.00,0.00,0.00,0.00,8.06亿
323,2018-11-02,8.38亿,1.12亿,2.13亿,-1.01亿,0.00,0.00,0.00,0.00,8.38亿
324,2018-11-01,9.39亿,1.45亿,1.73亿,-2764.03万,0.00,0.00,0.00,0.00,9.39亿
325,2018-10-31,9.67亿,1.25亿,1.41亿,-1594.64万,0.00,0.00,0.00,0.00,9.67亿
326,2018-10-30,9.83亿,1.50亿,1.38亿,1193.17万,0.00,0.00,0.00,0.00,9.83亿
327,2018-10-29,9.71亿,1.30亿,9367.63万,3640.89万,0.00,0.00,0.00,0.00,9.71亿
328,2018-10-26,9.34亿,9458.19万,9822.19万,-364.01万,0.00,0.00,0.00,0.00,9.34亿
329,2018-10-25,9.38亿,1.30亿,1.08亿,2208.29万,0.00,0.00,0.00,0.00,9.38亿
330,2018-10-24,9.16亿,1.15亿,9062.92万,2458.45万,0.00,0.00,0.00,0.00,9.16亿
331,2018-10-23,8.91亿,1.25亿,9998.60万,2508.75万,0.00,0.00,0.00,0.00,8.91亿
332,2018-10-22,8.66亿,1.14亿,2.10亿,-9667.19万,0.00,0.00,0.00,0.00,8.66亿
333,2018-10-19,9.63亿,1.04亿,2.17亿,-1.12亿,0.00,0.00,0.00,0.00,9.63亿
334,2018-10-18,10.75亿,1.66亿,1.07亿,5941.30万,0.00,0.00,0.00,0.00,10.75亿
335,2018-10-17,10.16亿,1.40亿,1.16亿,2433.27万,0.00,0.00,0.00,0.00,10.16亿
336,2018-10-16,9.92亿,1.39亿,7006.10万,6901.67万,0.00,0.00,0.00,0.00,9.92亿
337,2018-10-15,9.23亿,9527.11万,7243.72万,2283.38万,0.00,0.00,0.00,0.00,9.23亿
338,2018-10-12,9.00亿,8480.23万,1.19亿,-3407.12万,0.00,0.00,0.00,0.00,9.00亿
339,2018-10-11,9.34亿,1.53亿,1.08亿,4505.61万,0.00,0.00,0.00,0.00,9.34亿
340,2018-10-10,8.89亿,8744.22万,8331.90万,412.33万,0.00,0.00,0.00,0.00,8.89亿
341,2018-10-09,8.85亿,9023.51万,6604.75万,2418.76万,0.00,0.00,0.00,0.00,8.85亿
342,2018-10-08,8.60亿,1.23亿,6508.46万,5793.93万,0.00,0.00,0.00,0.00,8.60亿
343,2018-09-28,8.03亿,7698.80万,1.11亿,-3372.49万,0.00,0.00,0.00,0.00,8.03亿
344,2018-09-27,8.36亿,6807.69万,9708.85万,-2901.16万,0.00,0.00,0.00,0.00,8.36亿
345,2018-09-26,8.65亿,1.13亿,1.04亿,956.16万,0.00,0.00,0.00,0.00,8.65亿
346,2018-09-25,8.56亿,6084.71万,1.02亿,-4114.09万,0.00,0.00,0.00,0.00,8.56亿
347,2018-09-21,8.97亿,9718.44万,1.05亿,-766.42万,0.00,0.00,0.00,0.00,8.97亿
348,2018-09-20,9.05亿,6151.49万,8255.32万,-2103.83万,0.00,0.00,0.00,0.00,9.05亿
349,2018-09-19,9.26亿,9464.39万,1.72亿,-7784.97万,0.00,0.00,0.00,0.00,9.26亿
350,2018-09-18,10.03亿,1.09亿,1.34亿,-2492.75万,0.00,0.00,0.00,0.00,10.03亿
351,2018-09-17,10.28亿,1.24亿,1.10亿,1457.08万,0.00,0.00,0.00,0.00,10.28亿
352,2018-09-14,10.14亿,1.28亿,1.47亿,-1966.07万,0.00,0.00,0.00,0.00,10.14亿
353,2018-09-13,10.33亿,1.66亿,1.44亿,2189.71万,0.00,0.00,0.00,0.00,10.33亿
354,2018-09-12,10.12亿,1.43亿,8508.79万,5755.59万,0.00,0.00,0.00,0.00,10.12亿
355,2018-09-11,9.54亿,8757.97万,7156.38万,1601.60万,0.00,0.00,0.00,0.00,9.54亿
356,2018-09-10,9.38亿,1.83亿,9120.43万,9225.65万,0.00,0.00,0.00,0.00,9.38亿
357,2018-09-07,8.46亿,1.12亿,1.20亿,-845.20万,0.00,0.00,0.00,0.00,8.46亿
358,2018-09-06,8.54亿,1.18亿,7415.50万,4361.00万,0.00,0.00,0.00,0.00,8.54亿
359,2018-09-05,8.11亿,9503.34万,8288.40万,1214.93万,0.00,0.00,0.00,0.00,8.11亿
360,2018-09-04,7.98亿,9082.44万,9706.89万,-624.44万,0.00,0.00,0.00,0.00,7.98亿
361,2018-09-03,8.05亿,1.14亿,6532.56万,4862.77万,0.00,0.00,0.00,0.00,8.05亿
362,2018-08-31,7.56亿,1.04亿,6388.90万,4048.28万,0.00,0.00,0.00,0.00,7.56亿
363,2018-08-30,7.16亿,1.38亿,6499.49万,7293.53万,0.00,0.00,0.00,0.00,7.16亿
364,2018-08-29,6.43亿,7679.97万,5598.78万,2081.19万,0.00,0.00,0.00,0.00,6.43亿
365,2018-08-28,6.22亿,4862.82万,6421.13万,-1558.31万,0.00,0.00,0.00,0.00,6.22亿
366,2018-08-27,6.37亿,6764.95万,1.25亿,-5775.54万,0.00,0.00,0.00,0.00,6.37亿
367,2018-08-24,6.95亿,5848.09万,6246.08万,-397.99万,0.00,0.00,0.00,0.00,6.95亿
368,2018-08-23,6.99亿,7451.67万,6940.71万,510.97万,0.00,0.00,0.00,0.00,6.99亿
369,2018-08-22,6.94亿,5495.29万,5426.35万,68.94万,0.00,0.00,0.00,0.00,6.94亿
370,2018-08-21,6.93亿,5842.21万,1.35亿,-7609.60万,0.00,0.00,0.00,0.00,6.93亿
371,2018-08-20,7.69亿,1.64亿,7547.97万,8874.44万,0.00,0.00,0.00,0.00,7.69亿
372,2018-08-17,6.81亿,1.30亿,1.13亿,1699.13万,0.00,0.00,0.00,0.00,6.81亿
373,2018-08-16,6.64亿,1.09亿,1.01亿,736.68万,0.00,0.00,0.00,0.00,6.64亿
374,2018-08-15,6.56亿,1.44亿,5302.27万,9136.92万,0.00,0.00,0.00,0.00,6.56亿
375,2018-08-14,5.65亿,7485.51万,6010.36万,1475.16万,0.00,0.00,0.00,0.00,5.65亿
376,2018-08-13,5.50亿,7875.26万,1.07亿,-2788.89万,0.00,0.00,0.00,0.00,5.50亿
377,2018-08-10,5.78亿,5064.90万,9647.39万,-4582.48万,0.00,0.00,0.00,0.00,5.78亿
378,2018-08-09,6.24亿,1.03亿,1.51亿,-4777.65万,0.00,0.00,0.00,0.00,6.24亿
379,2018-08-08,6.72亿,1.06亿,9786.26万,841.90万,0.00,0.00,0.00,0.00,6.72亿
380,2018-08-07,6.63亿,1.60亿,1.84亿,-2346.39万,0.00,0.00,0.00,0.00,6.63亿
381,2018-08-06,6.87亿,1.56亿,7276.84万,8293.70万,0.00,0.00,0.00,0.00,6.87亿
382,2018-08-03,6.04亿,1.04亿,7651.34万,2783.81万,0.00,0.00,0.00,0.00,6.04亿
383,2018-08-02,5.76亿,1.19亿,5780.48万,6159.67万,0.00,0.00,0.00,0.00,5.76亿
384,2018-08-01,5.14亿,5555.50万,8058.90万,-2503.40万,0.00,0.00,0.00,0.00,5.14亿
385,2018-07-31,5.39亿,5235.06万,5663.45万,-428.39万,0.00,0.00,0.00,0.00,5.39亿
386,2018-07-30,5.44亿,1.02亿,5877.18万,4363.43万,0.00,0.00,0.00,0.00,5.44亿
387,2018-07-27,5.00亿,5783.86万,5930.34万,-146.48万,0.00,0.00,0.00,0.00,5.00亿
388,2018-07-26,5.02亿,7120.52万,5051.79万,2068.73万,0.00,0.00,0.00,0.00,5.02亿
389,2018-07-25,4.81亿,4311.04万,7858.15万,-3547.11万,0.00,0.00,0.00,0.00,4.81亿
390,2018-07-24,5.16亿,6903.83万,7726.24万,-822.41万,0.00,0.00,0.00,0.00,5.16亿
391,2018-07-23,5.25亿,8735.16万,7432.35万,1302.81万,0.00,0.00,0.00,0.00,5.25亿
392,2018-07-20,5.11亿,6651.62万,6591.67万,59.95万,0.00,0.00,0.00,0.00,5.11亿
393,2018-07-19,5.11亿,7282.28万,5918.23万,1364.04万,0.00,0.00,0.00,0.00,5.11亿
394,2018-07-18,4.97亿,4548.81万,7717.20万,-3168.39万,0.00,0.00,0.00,0.00,4.97亿
395,2018-07-17,5.29亿,6031.60万,5217.05万,814.55万,0.00,0.00,0.00,0.00,5.29亿
396,2018-07-16,5.21亿,3778.52万,4484.22万,-705.70万,0.00,0.00,0.00,0.00,5.21亿
397,2018-07-13,5.28亿,3425.46万,5332.51万,-1907.05万,0.00,0.00,0.00,0.00,5.28亿
398,2018-07-12,5.47亿,9279.65万,1.04亿,-1100.69万,0.00,0.00,0.00,0.00,5.47亿
399,2018-07-11,5.58亿,7647.94万,6484.14万,1163.79万,0.00,0.00,0.00,0.00,5.58亿
400,2018-07-10,5.46亿,4271.67万,6690.82万,-2419.15万,0.00,0.00,0.00,0.00,5.46亿
401,2018-07-09,5.70亿,6540.67万,1.09亿,-4321.79万,0.00,0.00,0.00,0.00,5.70亿
402,2018-07-06,6.14亿,1.30亿,9852.31万,3147.96万,0.00,0.00,0.00,0.00,6.14亿
403,2018-07-05,5.82亿,8774.29万,7776.12万,998.17万,0.00,0.00,0.00,0.00,5.82亿
404,2018-07-04,5.72亿,7516.71万,7390.07万,126.63万,0.00,0.00,0.00,0.00,5.72亿
405,2018-07-03,5.71亿,1.14亿,1.01亿,1315.76万,0.00,0.00,0.00,0.00,5.71亿
406,2018-07-02,5.58亿,8619.35万,6820.49万,1798.86万,0.00,0.00,0.00,0.00,5.58亿
407,2018-06-29,5.40亿,7200.24万,9751.65万,-2551.41万,0.00,0.00,0.00,0.00,5.40亿
408,2018-06-28,5.65亿,6682.26万,1.34亿,-6732.79万,0.00,0.00,0.00,0.00,5.65亿
409,2018-06-27,6.33亿,1.35亿,8753.43万,4786.06万,0.00,0.00,0.00,0.00,6.33亿
410,2018-06-26,5.85亿,9515.31万,6396.11万,3119.21万,0.00,0.00,0.00,0.00,5.85亿
411,2018-06-25,5.54亿,3799.79万,7488.47万,-3688.68万,0.00,0.00,0.00,0.00,5.54亿
412,2018-06-22,5.90亿,7628.95万,7887.70万,-258.75万,0.00,0.00,0.00,0.00,5.90亿
413,2018-06-21,5.93亿,8172.45万,9380.77万,-1208.32万,0.00,0.00,0.00,0.00,5.93亿
414,2018-06-20,6.05亿,8957.83万,8526.69万,431.14万,0.00,0.00,0.00,0.00,6.05亿
415,2018-06-19,6.01亿,1.21亿,7821.48万,4273.97万,0.00,0.00,0.00,0.00,6.01亿
416,2018-06-15,5.58亿,8737.56万,7294.77万,1442.79万,0.00,0.00,0.00,0.00,5.58亿
417,2018-06-14,5.44亿,1.01亿,5091.32万,5013.08万,0.00,0.00,0.00,0.00,5.44亿
418,2018-06-13,4.94亿,6183.19万,7996.85万,-1813.66万,0.00,0.00,0.00,0.00,4.94亿
419,2018-06-12,5.12亿,7293.40万,9154.07万,-1860.66万,0.00,0.00,0.00,0.00,5.12亿
420,2018-06-11,5.30亿,9763.89万,4026.46万,5737.43万,0.00,0.00,0.00,0.00,5.30亿
421,2018-06-08,4.73亿,7596.96万,5503.30万,2093.67万,0.00,0.00,0.00,0.00,4.73亿
422,2018-06-07,4.52亿,4314.76万,4556.00万,-241.24万,0.00,0.00,0.00,0.00,4.52亿
423,2018-06-06,4.54亿,3622.21万,6150.76万,-2528.54万,0.00,0.00,0.00,0.00,4.54亿
424,2018-06-05,4.80亿,7114.53万,9338.60万,-2224.07万,0.00,0.00,0.00,0.00,4.80亿
425,2018-06-04,5.02亿,6966.99万,4934.42万,2032.57万,0.00,0.00,0.00,0.00,5.02亿
426,2018-06-01,4.82亿,6561.71万,6165.16万,396.55万,0.00,0.00,0.00,0.00,4.82亿
427,2018-05-31,4.78亿,7118.20万,6044.84万,1073.36万,0.00,0.00,0.00,0.00,4.78亿
428,2018-05-30,4.67亿,8634.86万,6378.42万,2256.44万,0.00,0.00,0.00,0.00,4.67亿
429,2018-05-29,4.44亿,1.11亿,7225.82万,3884.18万,0.00,0.00,0.00,0.00,4.44亿
430,2018-05-28,4.05亿,5534.82万,4252.32万,1282.50万,0.00,0.00,0.00,0.00,4.05亿
431,2018-05-25,3.93亿,8878.04万,5491.01万,3387.02万,0.00,0.00,0.00,0.00,3.93亿
432,2018-05-24,3.59亿,7979.23万,6846.64万,1132.58万,0.00,0.00,0.00,0.00,3.59亿
433,2018-05-23,3.47亿,5113.15万,5772.23万,-659.08万,0.00,0.00,0.00,0.00,3.47亿
434,2018-05-22,3.54亿,5149.21万,6676.22万,-1527.02万,0.00,0.00,0.00,0.00,3.54亿
435,2018-05-21,3.69亿,5397.70万,7609.20万,-2211.50万,0.00,0.00,0.00,0.00,3.69亿
436,2018-05-18,3.91亿,7642.44万,6077.53万,1564.91万,0.00,0.00,0.00,0.00,3.91亿
437,2018-05-17,3.76亿,5421.38万,5434.40万,-13.02万,0.00,0.00,0.00,0.00,3.76亿
438,2018-05-16,3.76亿,5251.69万,1.26亿,-7311.79万,0.00,0.00,0.00,0.00,3.76亿
439,2018-05-15,4.49亿,1.07亿,5733.06万,4947.03万,0.00,0.00,0.00,0.00,4.49亿
440,2018-05-14,4.00亿,5456.40万,4631.00万,825.40万,0.00,0.00,0.00,0.00,4.00亿
441,2018-05-11,3.91亿,6149.90万,5949.56万,200.35万,0.00,0.00,0.00,0.00,3.91亿
442,2018-05-10,3.89亿,1.97亿,2.06亿,-875.63万,0.00,0.00,0.00,0.00,3.89亿
443,2018-05-09,3.98亿,4159.15万,5004.83万,-845.68万,0.00,0.00,0.00,0.00,3.98亿
444,2018-05-08,4.07亿,6193.48万,8198.87万,-2005.38万,0.00,0.00,0.00,0.00,4.07亿
445,2018-05-07,4.27亿,7397.86万,7800.77万,-402.91万,0.00,0.00,0.00,0.00,4.27亿
446,2018-05-04,4.31亿,6793.70万,1.04亿,-3623.38万,0.00,0.00,0.00,0.00,4.31亿
447,2018-05-03,4.67亿,1.16亿,9335.57万,2225.29万,0.00,0.00,0.00,0.00,4.67亿
448,2018-05-02,4.45亿,6711.76万,4888.70万,1823.05万,0.00,0.00,0.00,0.00,4.45亿
449,2018-04-27,4.26亿,6124.23万,6550.13万,-425.91万,0.00,0.00,0.00,0.00,4.26亿
450,2018-04-26,4.31亿,6830.36万,5565.96万,1264.40万,0.00,0.00,0.00,0.00,4.31亿
451,2018-04-25,4.18亿,5114.77万,7586.84万,-2472.07万,0.00,0.00,0.00,0.00,4.18亿
452,2018-04-24,4.43亿,7405.47万,9222.53万,-1817.07万,0.00,0.00,0.00,0.00,4.43亿
453,2018-04-23,4.61亿,8254.65万,6407.29万,1847.36万,0.00,0.00,0.00,0.00,4.61亿
454,2018-04-20,4.42亿,8141.71万,9709.21万,-1567.50万,0.00,0.00,0.00,0.00,4.42亿
455,2018-04-19,4.58亿,7333.67万,1.14亿,-4104.95万,0.00,0.00,0.00,0.00,4.58亿
456,2018-04-18,4.99亿,1.50亿,1.02亿,4879.75万,0.00,0.00,0.00,0.00,4.99亿
457,2018-04-17,4.50亿,1.18亿,1.42亿,-2436.95万,0.00,0.00,0.00,0.00,4.50亿
458,2018-04-16,4.75亿,1.29亿,6760.16万,6146.36万,0.00,0.00,0.00,0.00,4.75亿
459,2018-04-13,4.13亿,7622.04万,1.37亿,-6117.85万,0.00,0.00,0.00,0.00,4.13亿
460,2018-04-12,4.74亿,8766.77万,9392.30万,-625.53万,0.00,0.00,0.00,0.00,4.74亿
461,2018-04-11,4.81亿,1.32亿,1.06亿,2628.14万,0.00,0.00,0.00,0.00,4.81亿
462,2018-04-10,4.54亿,1.28亿,1.00亿,2758.63万,0.00,0.00,0.00,0.00,4.54亿
463,2018-04-09,4.27亿,8095.22万,7167.41万,927.82万,0.00,0.00,0.00,0.00,4.27亿
464,2018-04-04,4.18亿,9825.94万,9696.75万,129.19万,0.00,0.00,0.00,0.00,4.18亿
465,2018-04-03,4.16亿,9124.78万,1.19亿,-2789.18万,0.00,0.00,0.00,0.00,4.16亿
466,2018-04-02,4.44亿,9804.56万,1.29亿,-3062.02万,0.00,0.00,0.00,0.00,4.44亿
467,2018-03-30,4.75亿,1.36亿,8974.07万,4579.38万,0.00,0.00,0.00,0.00,4.75亿
468,2018-03-29,4.29亿,1.23亿,5317.08万,6946.75万,0.00,0.00,0.00,0.00,4.29亿
469,2018-03-28,3.59亿,7707.85万,1.18亿,-4068.77万,0.00,0.00,0.00,0.00,3.59亿
470,2018-03-27,4.00亿,9747.22万,1.15亿,-1755.79万,0.00,0.00,0.00,0.00,4.00亿
471,2018-03-26,4.18亿,1.19亿,1.19亿,-47.41万,0.00,0.00,0.00,0.00,4.18亿
472,2018-03-23,4.18亿,1.44亿,1.12亿,3148.02万,0.00,0.00,0.00,0.00,4.18亿
473,2018-03-22,3.87亿,8438.75万,6620.68万,1818.08万,0.00,0.00,0.00,0.00,3.87亿
474,2018-03-21,3.69亿,9050.66万,9697.90万,-647.24万,0.00,0.00,0.00,0.00,3.69亿
475,2018-03-20,3.75亿,7852.86万,1.13亿,-3461.46万,0.00,0.00,0.00,0.00,3.75亿
476,2018-03-19,4.10亿,7714.44万,8596.56万,-882.12万,0.00,0.00,0.00,0.00,4.10亿
477,2018-03-16,4.18亿,8538.89万,1.14亿,-2832.07万,0.00,0.00,0.00,0.00,4.18亿
478,2018-03-15,4.47亿,1.24亿,8890.59万,3484.39万,0.00,0.00,0.00,0.00,4.47亿
479,2018-03-14,4.12亿,9431.92万,6431.29万,3000.63万,0.00,0.00,0.00,0.00,4.12亿
480,2018-03-13,3.82亿,6070.68万,5560.54万,510.14万,0.00,0.00,0.00,0.00,3.82亿
481,2018-03-12,3.77亿,1.69亿,1.04亿,6451.28万,0.00,0.00,0.00,0.00,3.77亿
482,2018-03-09,3.12亿,1.55亿,8584.51万,6875.75万,0.00,0.00,0.00,0.00,3.12亿
483,2018-03-08,2.44亿,3035.71万,4678.70万,-1642.98万,0.00,0.00,0.00,0.00,2.44亿
484,2018-03-07,2.60亿,4555.01万,2925.17万,1629.85万,0.00,0.00,0.00,0.00,2.60亿
485,2018-03-06,2.44亿,3621.49万,5699.34万,-2077.85万,0.00,0.00,0.00,0.00,2.44亿
486,2018-03-05,2.64亿,5616.60万,5347.65万,268.95万,0.00,0.00,0.00,0.00,2.64亿
487,2018-03-02,2.62亿,5387.72万,5438.76万,-51.03万,0.00,0.00,0.00,0.00,2.62亿
488,2018-03-01,2.62亿,5574.99万,4682.13万,892.86万,0.00,0.00,0.00,0.00,2.62亿
489,2018-02-28,2.53亿,3766.80万,3609.87万,156.93万,0.00,0.00,0.00,0.00,2.53亿
490,2018-02-27,2.52亿,3398.86万,4846.14万,-1447.28万,0.00,0.00,0.00,0.00,2.52亿
491,2018-02-26,2.66亿,5034.27万,5296.16万,-261.89万,0.00,0.00,0.00,0.00,2.66亿
492,2018-02-23,2.69亿,3043.65万,6018.08万,-2974.43万,0.00,0.00,0.00,0.00,2.69亿
493,2018-02-22,2.99亿,3552.61万,4193.66万,-641.06万,0.00,0.00,0.00,0.00,2.99亿
494,2018-02-14,3.05亿,4001.15万,3831.44万,169.70万,0.00,0.00,0.00,0.00,3.05亿
495,2018-02-13,3.03亿,2547.13万,3861.12万,-1313.99万,0.00,0.00,0.00,0.00,3.03亿
496,2018-02-12,3.16亿,2834.37万,7095.67万,-4261.30万,0.00,0.00,0.00,0.00,3.16亿
497,2018-02-09,3.59亿,6606.93万,5389.25万,1217.68万,0.00,0.00,0.00,0.00,3.59亿
498,2018-02-08,3.47亿,3976.56万,6585.19万,-2608.63万,0.00,0.00,0.00,0.00,3.47亿
499,2018-02-07,3.73亿,8077.78万,8626.41万,-548.63万,0.00,0.00,0.00,0.00,3.73亿
500,2018-02-06,3.78亿,1.47亿,6183.88万,8491.58万,0.00,0.00,0.00,0.00,3.78亿
501,2018-02-05,2.94亿,5090.48万,4352.00万,738.48万,0.00,0.00,0.00,0.00,2.94亿
502,2018-02-02,2.86亿,5688.00万,8214.17万,-2526.17万,0.00,0.00,0.00,0.00,2.86亿
503,2018-02-01,3.11亿,1.06亿,6412.09万,4196.49万,0.00,0.00,0.00,0.00,3.11亿
504,2018-01-31,2.69亿,8215.56万,6173.42万,2042.14万,0.00,0.00,0.00,0.00,2.69亿
505,2018-01-30,2.49亿,8136.84万,4368.67万,3768.17万,0.00,0.00,0.00,0.00,2.49亿
506,2018-01-29,2.11亿,6770.17万,4229.47万,2540.70万,0.00,0.00,0.00,0.00,2.11亿
507,2018-01-26,1.86亿,3830.75万,4749.80万,-919.05万,0.00,0.00,0.00,0.00,1.86亿
508,2018-01-25,1.95亿,8538.81万,7400.90万,1137.90万,0.00,0.00,0.00,0.00,1.95亿
509,2018-01-24,1.84亿,8485.30万,4688.49万,3796.80万,0.00,0.00,0.00,0.00,1.84亿
510,2018-01-23,1.46亿,3303.31万,3170.27万,133.03万,0.00,0.00,0.00,0.00,1.46亿
511,2018-01-22,1.44亿,3915.89万,3475.65万,440.24万,0.00,0.00,0.00,0.00,1.44亿
512,2018-01-19,1.40亿,3855.73万,1821.34万,2034.39万,0.00,0.00,0.00,0.00,1.40亿
513,2018-01-18,1.20亿,2240.23万,3236.10万,-995.88万,0.00,0.00,0.00,0.00,1.20亿
514,2018-01-17,1.30亿,4628.18万,3026.97万,1601.21万,0.00,0.00,0.00,0.00,1.30亿
515,2018-01-16,1.14亿,2344.76万,1664.27万,680.49万,0.00,0.00,0.00,0.00,1.14亿
516,2018-01-15,1.07亿,3348.98万,1494.76万,1854.22万,0.00,0.00,0.00,0.00,1.07亿
517,2018-01-12,8832.23万,951.39万,2185.35万,-1233.96万,0.00,0.00,0.00,0.00,8832.23万
518,2018-01-11,1.01亿,3265.51万,1635.94万,1629.57万,0.00,0.00,0.00,0.00,1.01亿
519,2018-01-10,8436.62万,1230.15万,997.71万,232.44万,0.00,0.00,0.00,0.00,8436.62万
520,2018-01-09,8204.18万,638.10万,1583.47万,-945.37万,0.00,0.00,0.00,0.00,8204.18万
521,2018-01-08,9149.55万,990.92万,911.63万,79.29万,0.00,0.00,0.00,0.00,9149.55万
522,2018-01-05,9070.25万,673.52万,1341.98万,-668.47万,0.00,0.00,0.00,0.00,9070.25万
523,2018-01-04,9738.72万,1288.08万,1910.13万,-622.06万,0.00,0.00,0.00,0.00,9738.72万
524,2018-01-03,1.04亿,2084.31万,2885.23万,-800.92万,0.00,0.00,0.00,0.00,1.04亿
525,2018-01-02,1.12亿,1461.07万,1791.94万,-330.87万,0.00,0.00,0.00,0.00,1.12亿
526,2017-12-29,1.15亿,2592.94万,2084.01万,508.93万,0.00,0.00,0.00,0.00,1.15亿
527,2017-12-28,1.10亿,2006.60万,1655.71万,350.89万,0.00,0.00,0.00,0.00,1.10亿
528,2017-12-27,1.06亿,1238.82万,986.97万,251.85万,0.00,0.00,0.00,0.00,1.06亿
529,2017-12-26,1.04亿,1859.93万,1151.77万,708.15万,0.00,0.00,0.00,0.00,1.04亿
530,2017-12-25,9672.75万,1865.57万,1039.27万,826.30万,0.00,0.00,0.00,0.00,9672.75万
531,2017-12-22,8846.45万,679.78万,1119.32万,-439.54万,0.00,0.00,0.00,0.00,8846.45万
532,2017-12-21,9285.99万,1559.73万,1660.78万,-101.04万,0.00,0.00,0.00,0.00,9285.99万
533,2017-12-20,9387.04万,1261.67万,1945.79万,-684.13万,0.00,0.00,0.00,0.00,9387.04万
534,2017-12-19,1.01亿,2372.34万,1263.59万,1108.75万,0.00,0.00,0.00,0.00,1.01亿
535,2017-12-18,8962.41万,999.93万,592.25万,407.68万,0.00,0.00,0.00,0.00,8962.41万
536,2017-12-15,8554.72万,826.48万,1255.46万,-428.98万,0.00,0.00,0.00,0.00,8554.72万
537,2017-12-14,8983.71万,1146.40万,677.45万,468.94万,0.00,0.00,0.00,0.00,8983.71万
538,2017-12-13,8514.77万,1348.86万,687.58万,661.28万,0.00,0.00,0.00,0.00,8514.77万
539,2017-12-12,7853.49万,810.43万,1157.87万,-347.44万,0.00,0.00,0.00,0.00,7853.49万
540,2017-12-11,8200.93万,1095.76万,1576.23万,-480.47万,0.00,0.00,0.00,0.00,8200.93万
541,2017-12-08,8681.40万,1750.97万,1925.01万,-174.04万,0.00,0.00,0.00,0.00,8681.40万
542,2017-12-07,8855.44万,1105.16万,1567.26万,-462.10万,0.00,0.00,0.00,0.00,8855.44万
543,2017-12-06,9317.53万,2597.51万,1587.55万,1009.96万,0.00,0.00,0.00,0.00,9317.53万
544,2017-12-05,8307.57万,2150.42万,1397.02万,753.40万,0.00,0.00,0.00,0.00,8307.57万
545,2017-12-04,7554.18万,585.24万,872.34万,-287.10万,0.00,0.00,0.00,0.00,7554.18万
546,2017-12-01,7841.28万,1625.87万,1691.66万,-65.79万,0.00,0.00,0.00,0.00,7841.28万
547,2017-11-30,7907.07万,1177.35万,1214.72万,-37.37万,0.00,0.00,0.00,0.00,7907.07万
548,2017-11-29,7944.44万,991.62万,1960.00万,-968.38万,0.00,0.00,0.00,0.00,7944.44万
549,2017-11-28,8912.82万,2463.58万,1474.25万,989.33万,0.00,0.00,0.00,0.00,8912.82万
550,2017-11-27,7923.49万,1998.90万,719.91万,1278.99万,0.00,0.00,0.00,0.00,7923.49万
551,2017-11-24,6644.50万,1196.18万,1798.59万,-602.41万,0.00,0.00,0.00,0.00,6644.50万
552,2017-11-23,7246.92万,1700.92万,1415.75万,285.17万,0.00,0.00,0.00,0.00,7246.92万
553,2017-11-22,6961.75万,1987.57万,1175.41万,812.16万,0.00,0.00,0.00,0.00,6961.75万
554,2017-11-21,6149.58万,4446.32万,4188.02万,258.29万,0.00,0.00,0.00,0.00,6149.58万
555,2017-11-20,5891.29万,1127.62万,1165.08万,-37.46万,0.00,0.00,0.00,0.00,5891.29万
556,2017-11-17,5928.75万,1413.04万,941.47万,471.57万,0.00,0.00,0.00,0.00,5928.75万
557,2017-11-16,5457.17万,581.51万,1162.88万,-581.37万,0.00,0.00,0.00,0.00,5457.17万
558,2017-11-15,6038.54万,1561.77万,1106.88万,454.89万,0.00,0.00,0.00,0.00,6038.54万
559,2017-11-14,5583.65万,1214.20万,907.77万,306.43万,0.00,0.00,0.00,0.00,5583.65万
560,2017-11-13,5277.22万,867.99万,442.76万,425.23万,0.00,0.00,0.00,0.00,5277.22万
561,2017-11-10,4851.99万,652.43万,1381.28万,-728.85万,0.00,0.00,0.00,0.00,4851.99万
562,2017-11-09,5580.84万,865.89万,1020.53万,-154.64万,0.00,0.00,0.00,0.00,5580.84万
563,2017-11-08,5735.48万,998.43万,1413.07万,-414.64万,0.00,0.00,0.00,0.00,5735.48万
564,2017-11-07,6150.12万,1116.74万,935.64万,181.11万,0.00,0.00,0.00,0.00,6150.12万
565,2017-11-06,5969.02万,1040.29万,745.91万,294.39万,0.00,0.00,0.00,0.00,5969.02万
566,2017-11-03,5674.63万,1146.17万,1114.39万,31.78万,0.00,0.00,0.00,0.00,5674.63万
567,2017-11-02,5642.85万,866.31万,513.34万,352.98万,0.00,0.00,0.00,0.00,5642.85万
568,2017-11-01,5289.87万,931.54万,847.47万,84.07万,0.00,0.00,0.00,0.00,5289.87万
569,2017-10-31,5205.80万,782.16万,615.30万,166.86万,0.00,0.00,0.00,0.00,5205.80万
570,2017-10-30,5038.94万,1137.05万,2702.31万,-1565.26万,0.00,0.00,0.00,0.00,5038.94万
571,2017-10-27,6604.20万,2511.65万,1097.73万,1413.91万,0.00,0.00,0.00,0.00,6604.20万
572,2017-10-26,5190.28万,726.59万,870.51万,-143.91万,0.00,0.00,0.00,0.00,5190.28万
573,2017-10-25,5334.20万,910.71万,1194.12万,-283.41万,0.00,0.00,0.00,0.00,5334.20万
574,2017-10-24,5617.61万,838.59万,1199.20万,-360.61万,0.00,0.00,0.00,0.00,5617.61万
575,2017-10-23,5978.22万,924.87万,3964.86万,-3039.99万,0.00,0.00,0.00,0.00,5978.22万
576,2017-10-20,9018.21万,805.33万,1036.67万,-231.33万,0.00,0.00,0.00,0.00,9018.21万
577,2017-10-19,9249.54万,1110.50万,2873.85万,-1763.36万,0.00,0.00,0.00,0.00,9249.54万
578,2017-10-18,1.10亿,1186.23万,1637.69万,-451.46万,0.00,0.00,0.00,0.00,1.10亿
579,2017-10-17,1.15亿,1512.09万,1004.88万,507.21万,0.00,0.00,0.00,0.00,1.15亿
580,2017-10-16,1.10亿,5011.62万,1332.45万,3679.18万,0.00,0.00,0.00,0.00,1.10亿
581,2017-10-13,7277.97万,724.34万,995.17万,-270.82万,0.00,0.00,0.00,0.00,7277.97万
582,2017-10-12,7548.79万,631.79万,1179.09万,-547.30万,0.00,0.00,0.00,0.00,7548.79万
583,2017-10-11,8096.09万,2007.13万,1128.90万,878.23万,0.00,0.00,0.00,0.00,8096.09万
584,2017-10-10,7217.86万,1416.03万,1366.99万,49.04万,0.00,0.00,0.00,0.00,7217.86万
585,2017-10-09,7168.83万,850.49万,1660.27万,-809.78万,0.00,0.00,0.00,0.00,7168.83万
586,2017-09-29,7978.61万,1098.96万,590.78万,508.18万,0.00,0.00,0.00,0.00,7978.61万
587,2017-09-28,7470.43万,321.98万,633.96万,-311.98万,0.00,0.00,0.00,0.00,7470.43万
588,2017-09-27,7782.41万,445.19万,1616.59万,-1171.39万,0.00,0.00,0.00,0.00,7782.41万
589,2017-09-26,8953.80万,1664.72万,816.18万,848.54万,0.00,0.00,0.00,0.00,8953.80万
590,2017-09-25,8105.26万,965.06万,615.58万,349.48万,0.00,0.00,0.00,0.00,8105.26万
591,2017-09-22,7755.78万,613.99万,969.72万,-355.74万,0.00,0.00,0.00,0.00,7755.78万
592,2017-09-21,8111.52万,1140.47万,1275.40万,-134.93万,0.00,0.00,0.00,0.00,8111.52万
593,2017-09-20,8246.45万,972.92万,924.53万,48.39万,0.00,0.00,0.00,0.00,8246.45万
594,2017-09-19,8198.07万,1401.43万,1335.42万,66.01万,0.00,0.00,0.00,0.00,8198.07万
595,2017-09-18,8132.06万,1032.06万,1181.32万,-149.26万,0.00,0.00,0.00,0.00,8132.06万
596,2017-09-15,8281.32万,1283.90万,786.32万,497.58万,0.00,0.00,0.00,0.00,8281.32万
597,2017-09-14,7783.74万,904.57万,809.58万,94.99万,0.00,0.00,0.00,0.00,7783.74万
598,2017-09-13,7688.75万,903.09万,1018.59万,-115.50万,0.00,0.00,0.00,0.00,7688.75万
599,2017-09-12,7804.25万,1201.35万,2219.88万,-1018.52万,0.00,0.00,0.00,0.00,7804.25万
600,2017-09-11,8822.77万,1065.43万,1272.75万,-207.32万,0.00,0.00,0.00,0.00,8822.77万
601,2017-09-08,9030.09万,1542.92万,1314.89万,228.03万,0.00,0.00,0.00,0.00,9030.09万
602,2017-09-07,8802.06万,1184.19万,1941.80万,-757.61万,0.00,0.00,0.00,0.00,8802.06万
603,2017-09-06,9559.67万,1354.46万,1331.36万,23.09万,0.00,0.00,0.00,0.00,9559.67万
604,2017-09-05,9536.58万,2533.17万,1300.55万,1232.62万,0.00,0.00,0.00,0.00,9536.58万
605,2017-09-04,8303.95万,1400.77万,1768.67万,-367.89万,0.00,0.00,0.00,0.00,8303.95万
606,2017-09-01,8671.85万,1793.28万,1549.10万,244.18万,0.00,0.00,0.00,0.00,8671.85万
607,2017-08-31,8427.67万,1313.19万,1073.16万,240.03万,0.00,0.00,0.00,0.00,8427.67万
608,2017-08-30,8187.65万,1101.07万,1336.18万,-235.12万,0.00,0.00,0.00,0.00,8187.65万
609,2017-08-29,8422.76万,974.22万,1365.16万,-390.94万,0.00,0.00,0.00,0.00,8422.76万
610,2017-08-28,8813.70万,2054.39万,1609.90万,444.49万,0.00,0.00,0.00,0.00,8813.70万
611,2017-08-25,8369.21万,1240.09万,1254.49万,-14.40万,0.00,0.00,0.00,0.00,8369.21万
612,2017-08-24,8383.61万,1372.98万,2051.74万,-678.76万,0.00,0.00,0.00,0.00,8383.61万
613,2017-08-23,9062.37万,1194.61万,937.24万,257.37万,0.00,0.00,0.00,0.00,9062.37万
614,2017-08-22,8805.00万,1039.96万,988.09万,51.88万,0.00,0.00,0.00,0.00,8805.00万
615,2017-08-21,8753.12万,925.76万,998.93万,-73.17万,0.00,0.00,0.00,0.00,8753.12万
616,2017-08-18,8826.29万,1234.99万,1177.00万,58.00万,0.00,0.00,0.00,0.00,8826.29万
617,2017-08-17,8768.30万,1991.31万,1115.23万,876.08万,0.00,0.00,0.00,0.00,8768.30万
618,2017-08-16,7892.22万,1174.80万,2513.20万,-1338.40万,0.00,0.00,0.00,0.00,7892.22万
619,2017-08-15,9230.62万,1661.15万,987.80万,673.34万,0.00,0.00,0.00,0.00,9230.62万
620,2017-08-14,8557.28万,2166.50万,2176.33万,-9.83万,0.00,0.00,0.00,0.00,8557.28万
621,2017-08-11,8567.10万,1743.16万,1381.10万,362.06万,0.00,0.00,0.00,0.00,8567.10万
622,2017-08-10,8205.05万,1131.81万,1071.78万,60.03万,0.00,0.00,0.00,0.00,8205.05万
623,2017-08-09,8145.01万,1697.49万,2713.57万,-1016.07万,0.00,0.00,0.00,0.00,8145.01万
624,2017-08-08,9161.09万,3559.92万,2402.19万,1157.73万,0.00,0.00,0.00,0.00,9161.09万
625,2017-08-07,8003.35万,1177.12万,1120.62万,56.50万,0.00,0.00,0.00,0.00,8003.35万
626,2017-08-04,7946.85万,1336.59万,1406.27万,-69.68万,0.00,0.00,0.00,0.00,7946.85万
627,2017-08-03,8016.53万,1804.22万,1301.94万,502.28万,0.00,0.00,0.00,0.00,8016.53万
628,2017-08-02,7514.25万,1295.48万,1061.00万,234.47万,0.00,0.00,0.00,0.00,7514.25万
629,2017-08-01,7279.78万,1350.98万,967.91万,383.07万,0.00,0.00,0.00,0.00,7279.78万
630,2017-07-31,6896.71万,1045.20万,1090.93万,-45.73万,0.00,0.00,0.00,0.00,6896.71万
631,2017-07-28,6942.44万,1329.54万,1777.23万,-447.69万,0.00,0.00,0.00,0.00,6942.44万
632,2017-07-27,7390.13万,2390.41万,2979.96万,-589.55万,0.00,0.00,0.00,0.00,7390.13万
633,2017-07-26,7979.68万,983.85万,582.04万,401.81万,0.00,0.00,0.00,0.00,7979.68万
634,2017-07-25,7577.87万,1274.72万,742.64万,532.08万,0.00,0.00,0.00,0.00,7577.87万
635,2017-07-24,7045.79万,885.69万,523.02万,362.67万,0.00,0.00,0.00,0.00,7045.79万
636,2017-07-21,6683.12万,399.85万,796.74万,-396.89万,0.00,0.00,0.00,0.00,6683.12万
637,2017-07-20,7080.01万,1159.70万,1546.97万,-387.28万,0.00,0.00,0.00,0.00,7080.01万
638,2017-07-19,7467.29万,955.10万,1395.36万,-440.26万,0.00,0.00,0.00,0.00,7467.29万
639,2017-07-18,7907.55万,1787.22万,2145.32万,-358.10万,0.00,0.00,0.00,0.00,7907.55万
640,2017-07-17,8265.66万,3265.32万,2961.86万,303.45万,0.00,0.00,0.00,0.00,8265.66万
641,2017-07-14,7962.20万,2399.22万,1507.37万,891.85万,0.00,0.00,0.00,0.00,7962.20万
642,2017-07-13,7070.35万,2270.37万,1307.40万,962.97万,0.00,0.00,0.00,0.00,7070.35万
643,2017-07-12,6107.39万,1552.89万,876.84万,676.05万,0.00,0.00,0.00,0.00,6107.39万
644,2017-07-11,5431.34万,1190.41万,1005.32万,185.09万,0.00,0.00,0.00,0.00,5431.34万
645,2017-07-10,5246.25万,1467.84万,1059.07万,408.77万,0.00,0.00,0.00,0.00,5246.25万
646,2017-07-07,4837.48万,590.01万,873.34万,-283.33万,0.00,0.00,0.00,0.00,4837.48万
647,2017-07-06,5120.81万,1261.49万,1305.98万,-44.48万,0.00,0.00,0.00,0.00,5120.81万
648,2017-07-05,5165.29万,1327.07万,1470.01万,-142.94万,0.00,0.00,0.00,0.00,5165.29万
649,2017-07-04,5308.23万,1108.60万,1218.12万,-109.51万,0.00,0.00,0.00,0.00,5308.23万
650,2017-07-03,5417.74万,1563.00万,1498.40万,64.59万,0.00,0.00,0.00,0.00,5417.74万
651,2017-06-30,5353.15万,1059.35万,1161.59万,-102.24万,0.00,0.00,0.00,0.00,5353.15万
652,2017-06-29,5455.39万,957.43万,960.98万,-3.55万,0.00,0.00,0.00,0.00,5455.39万
653,2017-06-28,5458.94万,1408.62万,1571.29万,-162.66万,0.00,0.00,0.00,0.00,5458.94万
654,2017-06-27,5621.60万,1416.36万,1863.75万,-447.39万,0.00,0.00,0.00,0.00,5621.60万
655,2017-06-26,6068.99万,1842.18万,975.91万,866.27万,0.00,0.00,0.00,0.00,6068.99万
656,2017-06-23,5202.72万,1840.43万,1206.68万,633.76万,0.00,0.00,0.00,0.00,5202.72万
657,2017-06-22,4568.97万,997.53万,1371.76万,-374.22万,0.00,0.00,0.00,0.00,4568.97万
658,2017-06-21,4943.19万,910.52万,1368.33万,-457.81万,0.00,0.00,0.00,0.00,4943.19万
659,2017-06-20,5401.00万,1537.32万,2102.58万,-565.26万,0.00,0.00,0.00,0.00,5401.00万
660,2017-06-19,5966.26万,1355.02万,1404.43万,-49.41万,0.00,0.00,0.00,0.00,5966.26万
661,2017-06-16,6015.68万,1535.11万,1186.76万,348.36万,0.00,0.00,0.00,0.00,6015.68万
662,2017-06-15,5667.32万,1725.00万,1730.86万,-5.87万,0.00,0.00,0.00,0.00,5667.32万
663,2017-06-14,5673.19万,726.80万,1789.96万,-1063.16万,0.00,0.00,0.00,0.00,5673.19万
664,2017-06-13,6736.35万,1799.57万,1286.06万,513.51万,0.00,0.00,0.00,0.00,6736.35万
665,2017-06-12,6222.84万,1307.77万,1634.02万,-326.25万,0.00,0.00,0.00,0.00,6222.84万
666,2017-06-09,6549.09万,1988.86万,1401.33万,587.53万,0.00,0.00,0.00,0.00,6549.09万
667,2017-06-08,5961.56万,1997.70万,2336.21万,-338.51万,0.00,0.00,0.00,0.00,5961.56万
668,2017-06-07,6300.07万,2131.95万,1696.17万,435.77万,0.00,0.00,0.00,0.00,6300.07万
669,2017-06-06,5864.30万,1244.09万,4159.27万,-2915.19万,0.00,0.00,0.00,0.00,5864.30万
670,2017-06-05,8779.49万,1048.77万,1376.75万,-327.97万,0.00,0.00,0.00,0.00,8779.49万
671,2017-06-02,9107.46万,4732.14万,1439.01万,3293.13万,0.00,0.00,0.00,0.00,9107.46万
672,2017-06-01,5814.34万,2005.56万,2119.34万,-113.78万,0.00,0.00,0.00,0.00,5814.34万
673,2017-05-31,5928.12万,1895.55万,1793.41万,102.14万,0.00,0.00,0.00,0.00,5928.12万
674,2017-05-26,5825.98万,1515.02万,2809.04万,-1294.02万,0.00,0.00,0.00,0.00,5825.98万
675,2017-05-25,7120.01万,4937.46万,2940.89万,1996.58万,0.00,0.00,0.00,0.00,7120.01万
676,2017-05-24,5123.43万,2538.41万,877.29万,1661.12万,0.00,0.00,0.00,0.00,5123.43万
677,2017-05-23,3462.31万,1434.17万,817.96万,616.21万,0.00,0.00,0.00,0.00,3462.31万
678,2017-05-22,2846.10万,753.18万,477.64万,275.54万,0.00,0.00,0.00,0.00,2846.10万
679,2017-05-19,2570.56万,789.06万,831.12万,-42.06万,0.00,0.00,0.00,0.00,2570.56万
680,2017-05-18,2612.62万,318.95万,499.57万,-180.63万,0.00,0.00,0.00,0.00,2612.62万
681,2017-05-17,2793.25万,1098.49万,1408.22万,-309.74万,0.00,0.00,0.00,0.00,2793.25万
682,2017-05-16,3102.98万,1246.95万,870.98万,375.97万,0.00,0.00,0.00,0.00,3102.98万
683,2017-05-15,2727.02万,324.87万,892.49万,-567.61万,0.00,0.00,0.00,0.00,2727.02万
684,2017-05-12,3294.63万,677.48万,944.29万,-266.81万,0.00,0.00,0.00,0.00,3294.63万
685,2017-05-11,3561.44万,1298.25万,1067.27万,230.98万,0.00,0.00,0.00,0.00,3561.44万
686,2017-05-10,3330.45万,985.95万,914.51万,71.44万,0.00,0.00,0.00,0.00,3330.45万
687,2017-05-09,3259.02万,1483.36万,865.74万,617.62万,0.00,0.00,0.00,0.00,3259.02万
688,2017-05-08,2641.40万,1099.47万,667.01万,432.46万,0.00,0.00,0.00,0.00,2641.40万
689,2017-05-05,2208.93万,769.29万,386.85万,382.44万,0.00,0.00,0.00,0.00,2208.93万
690,2017-05-04,1826.49万,637.52万,457.32万,180.20万,0.00,0.00,0.00,0.00,1826.49万
691,2017-05-03,1646.29万,508.36万,356.84万,151.53万,0.00,0.00,0.00,0.00,1646.29万
692,2017-05-02,1494.76万,373.32万,179.85万,193.47万,0.00,0.00,0.00,0.00,1494.76万
693,2017-04-28,1301.30万,189.53万,529.67万,-340.14万,0.00,0.00,0.00,0.00,1301.30万
694,2017-04-27,1641.44万,831.12万,698.40万,132.72万,0.00,0.00,0.00,0.00,1641.44万
695,2017-04-26,1508.72万,489.80万,268.69万,221.12万,0.00,0.00,0.00,0.00,1508.72万
696,2017-04-25,1287.60万,331.83万,455.93万,-124.10万,0.00,0.00,0.00,0.00,1287.60万
697,2017-04-24,1411.70万,659.69万,286.99万,372.71万,0.00,0.00,0.00,0.00,1411.70万
698,2017-04-21,1039.00万,319.79万,469.11万,-149.32万,0.00,0.00,0.00,0.00,1039.00万
699,2017-04-20,1188.31万,529.58万,456.52万,73.05万,0.00,0.00,0.00,0.00,1188.31万
700,2017-04-19,1115.26万,562.52万,392.49万,170.03万,0.00,0.00,0.00,0.00,1115.26万
701,2017-04-18,945.23万,225.17万,355.40万,-130.24万,0.00,0.00,0.00,0.00,945.23万
702,2017-04-17,1075.46万,405.67万,141.43万,264.24万,0.00,0.00,0.00,0.00,1075.46万
703,2017-04-14,811.22万,531.70万,222.54万,309.16万,0.00,0.00,0.00,0.00,811.22万
704,2017-04-13,502.06万,85.57万,212.30万,-126.73万,0.00,0.00,0.00,0.00,502.06万
705,2017-04-12,628.80万,270.41万,144.69万,125.71万,0.00,0.00,0.00,0.00,628.80万
706,2017-04-11,503.08万,279.34万,236.37万,42.97万,0.00,0.00,0.00,0.00,503.08万
707,2017-04-10,460.11万,160.43万,112.58万,47.85万,0.00,0.00,0.00,0.00,460.11万
708,2017-04-07,412.26万,69.52万,47.94万,21.58万,0.00,0.00,0.00,0.00,412.26万
709,2017-04-06,390.67万,67.77万,214.79万,-147.02万,0.00,0.00,0.00,0.00,390.67万
710,2017-04-05,537.69万,228.69万,94.48万,134.20万,0.00,0.00,0.00,0.00,537.69万
711,2017-03-31,403.49万,80.00万,150.17万,-70.17万,0.00,0.00,0.00,0.00,403.49万
712,2017-03-30,473.66万,133.02万,41.24万,91.77万,0.00,0.00,0.00,0.00,473.66万
713,2017-03-29,381.88万,277.59万,286.15万,-8.56万,0.00,0.00,0.00,0.00,381.88万
714,2017-03-28,390.44万,80.26万,179.74万,-99.48万,0.00,0.00,0.00,0.00,390.44万
715,2017-03-27,489.92万,416.07万,40.36万,375.70万,0.00,0.00,0.00,0.00,489.92万
716,2017-03-24,114.22万,86.15万,120.46万,-34.31万,0.00,0.00,0.00,0.00,114.22万
717,2017-03-23,148.53万,141.14万,62.60万,78.54万,0.00,0.00,0.00,0.00,148.53万
718,2017-03-22,69.98万,56.65万,37.45万,19.20万,0.00,0.00,0.00,0.00,69.98万
719,2017-03-21,50.78万,28.47万,8.88万,19.59万,0.00,0.00,0.00,0.00,50.78万
720,2017-03-20,31.19万,69.05万,37.85万,31.19万,0.00,0.00,0.00,0.00,31.19万
