1,2020-09-04,7.13亿,1.06亿,8183.93万,2382.19万,1204.75,428.49,685.08,-256.59,7.26亿
2,2020-09-03,6.90亿,5651.77万,9498.91万,-3847.14万,1461.34,604.11,395.20,208.91,7.05亿
3,2020-09-02,7.28亿,1.10亿,1.06亿,449.17万,1252.43,340.13,462.64,-122.51,7.42亿
4,2020-09-01,7.24亿,9668.09万,8286.67万,1381.42万,1374.94,518.77,555.20,-36.43,7.38亿
5,2020-08-31,7.10亿,1.69亿,1.39亿,3004.63万,1411.37,547.24,416.23,131.01,7.25亿
6,2020-08-28,6.80亿,1.38亿,1.04亿,3444.15万,1280.36,445.52,617.33,-171.81,6.94亿
7,2020-08-27,6.45亿,9576.18万,7218.60万,2357.57万,1452.17,418.45,381.94,36.51,6.61亿
8,2020-08-26,6.22亿,6933.40万,1.48亿,-7909.65万,1415.66,626.08,1106.77,-480.69,6.36亿
9,2020-08-25,7.01亿,1.25亿,1.31亿,-520.89万,1896.35,1150.44,415.62,734.82,7.21亿
10,2020-08-24,7.06亿,1.31亿,1.14亿,1704.19万,1161.53,543.87,585.17,-41.30,7.18亿
11,2020-08-21,6.89亿,9370.45万,1.50亿,-5637.27万,1202.83,655.64,376.92,278.72,7.01亿
12,2020-08-20,7.45亿,1.32亿,9992.96万,3183.11万,924.11,344.23,482.28,-138.05,7.55亿
13,2020-08-19,7.13亿,1.15亿,1.04亿,1098.68万,1062.16,427.71,350.05,77.66,7.24亿
14,2020-08-18,7.02亿,8095.21万,1.14亿,-3268.31万,984.50,319.25,268.46,50.79,7.13亿
15,2020-08-17,7.35亿,1.99亿,2.01亿,-133.96万,933.72,267.42,289.81,-22.39,7.45亿
16,2020-08-14,7.36亿,1.29亿,1.01亿,2852.26万,956.11,305.88,276.63,29.25,7.47亿
17,2020-08-13,7.08亿,9164.41万,1.80亿,-8859.45万,926.86,315.79,328.69,-12.90,7.18亿
18,2020-08-12,7.97亿,2.84亿,1.23亿,1.60亿,939.76,397.29,489.53,-92.24,8.06亿
19,2020-08-11,6.36亿,9918.16万,1.23亿,-2407.31万,1032.00,350.48,476.03,-125.55,6.47亿
20,2020-08-10,6.60亿,1.18亿,1.14亿,484.11万,1157.55,362.59,2211.45,-1848.86,6.73亿
21,2020-08-07,6.55亿,1.24亿,2.70亿,-1.46亿,3006.41,479.45,428.22,51.23,6.88亿
22,2020-08-06,8.01亿,1.56亿,3.57亿,-2.02亿,2955.18,342.53,404.02,-61.49,8.34亿
23,2020-08-05,10.03亿,1.53亿,2.03亿,-4964.45万,3016.67,393.45,460.62,-67.17,10.37亿
24,2020-08-04,10.53亿,2.64亿,1.87亿,7727.16万,3083.84,412.70,534.39,-121.69,10.88亿
25,2020-08-03,9.75亿,2.02亿,1.18亿,8408.77万,3205.53,358.83,638.82,-279.99,10.12亿
26,2020-07-31,8.91亿,1.61亿,2.22亿,-6116.61万,3485.52,842.49,355.69,486.80,9.30亿
27,2020-07-30,9.52亿,2.12亿,1.54亿,5753.12万,2998.72,510.82,575.21,-64.39,9.85亿
28,2020-07-29,8.95亿,2.80亿,1.27亿,1.54亿,3063.11,939.54,314.21,625.33,9.29亿
29,2020-07-28,7.41亿,1.03亿,1.04亿,-103.88万,2437.78,1829.02,1389.78,439.24,7.67亿
30,2020-07-27,7.42亿,1.04亿,1.75亿,-7131.26万,1998.54,537.98,517.60,20.38,7.63亿
31,2020-07-24,8.14亿,2.72亿,2.51亿,2087.27万,1978.16,1045.36,898.73,146.63,8.34亿
32,2020-07-23,7.93亿,1.77亿,2.41亿,-6453.61万,1831.53,1288.36,389.50,898.86,8.13亿
33,2020-07-22,8.57亿,1.23亿,1.58亿,-3472.77万,932.67,300.19,2881.95,-2581.76,8.67亿
34,2020-07-21,8.92亿,1.82亿,1.98亿,-1662.61万,3514.43,1785.22,352.56,1432.66,9.30亿
35,2020-07-20,9.09亿,1.71亿,1.73亿,-148.45万,2081.77,1486.13,834.80,651.33,9.31亿
36,2020-07-17,9.10亿,1.76亿,2.39亿,-6243.06万,1430.44,771.05,2008.57,-1237.52,9.25亿
37,2020-07-16,9.73亿,2.85亿,2.96亿,-1112.13万,2667.96,1626.43,673.18,953.25,10.00亿
38,2020-07-15,9.84亿,2.58亿,2.98亿,-4016.48万,1714.71,644.52,738.49,-93.97,10.03亿
39,2020-07-14,10.24亿,4.16亿,2.69亿,1.47亿,1808.68,866.57,1253.00,-386.43,10.44亿
40,2020-07-13,8.77亿,3.34亿,2.26亿,1.08亿,2195.11,715.08,728.14,-13.06,9.02亿
41,2020-07-10,7.69亿,2.09亿,1.81亿,2794.50万,2208.18,1055.75,722.27,333.48,7.93亿
42,2020-07-09,7.41亿,1.79亿,1.18亿,6054.58万,1874.70,700.00,576.42,123.59,7.61亿
43,2020-07-08,6.80亿,1.64亿,1.43亿,2178.00万,1751.11,651.50,450.55,200.95,6.99亿
44,2020-07-07,6.58亿,1.99亿,1.43亿,5626.27万,1550.16,523.35,2311.59,-1788.24,6.74亿
45,2020-07-06,6.02亿,1.52亿,1.19亿,3344.89万,3338.40,642.94,548.64,94.30,6.35亿
46,2020-07-03,5.69亿,1.55亿,1.13亿,4234.91万,3244.10,2174.95,594.53,1580.42,6.00亿
47,2020-07-02,5.26亿,7566.21万,1.21亿,-4565.36万,1663.68,385.94,725.20,-339.26,5.42亿
48,2020-07-01,5.72亿,1.58亿,1.30亿,2776.66万,2002.94,500.57,735.77,-235.20,5.91亿
49,2020-06-30,5.44亿,1.05亿,6280.13万,4203.77万,2238.14,517.44,721.04,-203.60,5.65亿
50,2020-06-29,5.02亿,7766.48万,7255.74万,510.74万,2441.74,774.81,546.63,228.18,5.25亿
51,2020-06-24,4.97亿,1.28亿,7195.95万,5557.57万,2213.56,344.69,684.48,-339.79,5.18亿
52,2020-06-23,4.42亿,1.94亿,8420.92万,1.10亿,2553.35,392.94,585.77,-192.83,4.65亿
53,2020-06-22,3.32亿,9527.00万,7004.25万,2522.75万,2746.18,574.73,384.30,190.43,3.56亿
54,2020-06-19,3.06亿,1.26亿,6792.32万,5828.30万,2555.75,597.91,513.37,84.54,3.29亿
55,2020-06-18,2.48亿,3580.90万,5124.95万,-1544.05万,2471.21,712.25,304.80,407.45,2.70亿
56,2020-06-17,2.64亿,4170.87万,4062.18万,108.69万,2063.76,288.85,330.34,-41.49,2.81亿
57,2020-06-16,2.62亿,4400.01万,4271.49万,128.52万,2105.25,463.67,767.68,-304.01,2.81亿
58,2020-06-15,2.61亿,7070.59万,6367.15万,703.44万,2409.26,703.87,473.13,230.74,2.82亿
59,2020-06-12,2.54亿,9041.46万,3538.83万,5502.63万,2178.52,815.82,880.76,-64.94,2.73亿
60,2020-06-11,1.99亿,3335.29万,4225.91万,-890.62万,2243.46,659.94,322.67,337.27,2.18亿
61,2020-06-10,2.08亿,2558.34万,2276.95万,281.39万,1906.19,312.13,376.06,-63.93,2.24亿
62,2020-06-09,2.05亿,2935.94万,2428.51万,507.43万,1970.12,665.08,395.23,269.85,2.21亿
63,2020-06-08,2.00亿,2432.27万,3005.64万,-573.36万,1700.27,492.43,333.69,158.74,2.14亿
64,2020-06-05,2.06亿,3413.67万,3195.45万,218.22万,1541.53,217.81,184.71,33.10,2.19亿
65,2020-06-04,2.04亿,2086.78万,4639.40万,-2552.62万,1508.43,218.58,295.00,-76.42,2.16亿
66,2020-06-03,2.29亿,3068.09万,3374.86万,-306.78万,1584.85,452.41,329.92,122.49,2.42亿
67,2020-06-02,2.32亿,3141.46万,7744.85万,-4603.39万,1462.36,352.12,554.62,-202.50,2.44亿
68,2020-06-01,2.78亿,7443.14万,8295.76万,-852.62万,1664.86,695.35,397.73,297.62,2.92亿
69,2020-05-29,2.87亿,1835.80万,3937.72万,-2101.93万,1367.24,430.12,334.36,95.76,2.98亿
70,2020-05-28,3.08亿,3666.85万,2729.87万,936.97万,1271.48,232.61,304.37,-71.76,3.18亿
71,2020-05-27,2.99亿,3319.68万,2973.10万,346.58万,1343.24,341.45,385.41,-43.96,3.09亿
72,2020-05-26,2.95亿,3961.23万,4796.90万,-835.67万,1387.20,436.18,236.55,199.62,3.06亿
73,2020-05-25,3.03亿,2108.34万,2206.43万,-98.09万,1187.57,301.84,323.31,-21.47,3.13亿
74,2020-05-22,3.04亿,4350.88万,4624.11万,-273.23万,1209.04,423.83,527.47,-103.64,3.14亿
75,2020-05-21,3.07亿,2316.53万,3664.63万,-1348.10万,1312.68,402.84,426.86,-24.02,3.18亿
76,2020-05-20,3.21亿,3457.72万,2990.24万,467.48万,1336.70,471.68,376.43,95.25,3.31亿
77,2020-05-19,3.16亿,3116.13万,8091.24万,-4975.11万,1241.45,38.51,137.22,-98.71,3.26亿
78,2020-05-18,3.66亿,3616.01万,3346.21万,269.79万,1340.16,541.34,578.57,-37.23,3.76亿
79,2020-05-15,3.63亿,2834.60万,3715.20万,-880.61万,1377.39,541.32,501.91,39.41,3.74亿
80,2020-05-14,3.72亿,4314.87万,4447.43万,-132.55万,1337.98,341.69,548.64,-206.95,3.82亿
81,2020-05-13,3.73亿,3116.39万,5544.20万,-2427.81万,1544.93,324.63,258.42,66.21,3.86亿
82,2020-05-12,3.97亿,3406.75万,4053.59万,-646.84万,1478.72,374.14,180.50,193.64,4.09亿
83,2020-05-11,4.04亿,5694.95万,5097.06万,597.88万,1285.08,414.58,354.65,59.93,4.14亿
84,2020-05-08,3.98亿,8300.35万,4694.54万,3605.81万,1225.15,552.60,469.17,83.43,4.08亿
85,2020-05-07,3.62亿,3350.16万,3905.83万,-555.67万,1141.72,220.92,161.43,59.49,3.71亿
86,2020-05-06,3.67亿,4947.59万,5564.25万,-616.66万,1082.23,575.16,381.26,193.90,3.76亿
87,2020-04-30,3.74亿,4985.37万,4739.11万,246.25万,888.33,35.00,1251.57,-1216.57,3.80亿
88,2020-04-29,3.71亿,2879.53万,3604.88万,-725.35万,2104.90,45.80,329.67,-283.87,3.87亿
89,2020-04-28,3.78亿,5825.10万,4125.59万,1699.50万,2388.77,646.85,487.25,159.60,3.97亿
90,2020-04-27,3.61亿,2778.30万,2864.03万,-85.73万,2229.17,158.26,131.39,26.87,3.78亿
91,2020-04-24,3.62亿,3057.11万,2644.13万,412.98万,2202.30,363.28,508.74,-145.46,3.79亿
92,2020-04-23,3.58亿,1961.52万,3192.58万,-1231.06万,2347.76,499.36,463.96,35.40,3.76亿
93,2020-04-22,3.70亿,4077.56万,4107.04万,-29.48万,2312.36,530.02,250.00,280.02,3.88亿
94,2020-04-21,3.71亿,4474.14万,3978.52万,495.63万,2032.34,410.79,590.47,-179.68,3.86亿
95,2020-04-20,3.66亿,2335.98万,3545.53万,-1209.55万,2212.02,394.21,405.00,-10.79,3.83亿
96,2020-04-17,3.78亿,3828.42万,4478.16万,-649.74万,2222.81,384.06,390.00,-5.94,3.95亿
97,2020-04-16,3.84亿,4302.74万,2969.38万,1333.36万,2228.75,365.75,690.64,-324.89,4.01亿
98,2020-04-15,3.71亿,3812.71万,4489.00万,-676.29万,2553.64,344.27,420.80,-76.53,3.90亿
99,2020-04-14,3.78亿,3553.31万,5561.13万,-2007.83万,2630.17,599.29,835.18,-235.89,3.97亿
100,2020-04-13,3.98亿,3327.88万,2927.09万,400.79万,2866.06,634.97,1118.76,-483.79,4.18亿
101,2020-04-10,3.94亿,4119.69万,3612.95万,506.74万,3349.85,774.72,451.08,323.64,4.18亿
102,2020-04-09,3.89亿,3154.26万,4799.86万,-1645.60万,3026.21,1861.83,581.03,1280.80,4.11亿
103,2020-04-08,4.05亿,2992.58万,3462.91万,-470.33万,1745.41,413.19,644.48,-231.29,4.18亿
104,2020-04-07,4.10亿,5625.26万,7307.32万,-1682.05万,1976.70,1251.87,971.46,280.41,4.24亿
105,2020-04-03,4.27亿,2660.86万,6435.38万,-3774.52万,1696.29,613.26,1125.17,-511.91,4.39亿
106,2020-04-02,4.64亿,5570.74万,3921.38万,1649.36万,2208.20,1658.48,516.70,1141.78,4.80亿
107,2020-04-01,4.48亿,4363.21万,3476.42万,886.79万,1066.42,988.05,311.31,676.74,4.55亿
108,2020-03-31,4.39亿,2870.71万,3279.00万,-408.29万,389.67,241.50,595.81,-354.31,4.42亿
109,2020-03-30,4.43亿,8241.63万,3693.09万,4548.53万,743.98,663.20,459.99,203.21,4.48亿
110,2020-03-27,3.98亿,5066.98万,3707.98万,1359.01万,540.77,461.38,1337.37,-875.99,4.02亿
111,2020-03-26,3.84亿,3447.02万,4618.13万,-1171.11万,1416.76,198.34,2369.09,-2170.75,3.94亿
112,2020-03-25,3.96亿,5353.29万,1.02亿,-4885.90万,3587.51,2695.56,216.00,2479.56,4.22亿
113,2020-03-24,4.45亿,7323.11万,4602.71万,2720.41万,1107.95,230.52,627.94,-397.42,4.52亿
114,2020-03-23,4.17亿,5203.87万,4633.73万,570.13万,1505.37,640.54,399.83,240.71,4.28亿
115,2020-03-20,4.12亿,5200.17万,6375.18万,-1175.01万,1264.66,526.37,412.45,113.92,4.21亿
116,2020-03-19,4.24亿,8922.49万,3982.91万,4939.58万,1150.74,573.72,299.14,274.58,4.32亿
117,2020-03-18,3.74亿,4469.77万,8326.50万,-3856.72万,876.16,654.43,233.62,420.81,3.80亿
118,2020-03-17,4.13亿,7643.86万,4271.00万,3372.86万,455.35,363.83,2518.14,-2154.31,4.16亿
119,2020-03-16,3.79亿,5478.33万,4363.43万,1114.90万,2609.66,130.70,1506.53,-1375.83,3.97亿
120,2020-03-13,3.68亿,4904.80万,5868.02万,-963.22万,3985.49,118.71,127.30,-8.59,3.98亿
121,2020-03-12,3.77亿,4951.57万,3502.57万,1449.00万,3994.08,127.30,123.67,3.63,4.08亿
122,2020-03-11,3.63亿,3176.32万,4952.65万,-1776.33万,3990.45,112.39,127.73,-15.34,3.94亿
123,2020-03-10,3.81亿,7692.83万,8448.18万,-755.35万,4005.79,138.08,115.31,22.77,4.13亿
124,2020-03-09,3.88亿,8854.91万,5064.75万,3790.16万,3983.02,100.09,129.30,-29.21,4.19亿
125,2020-03-06,3.50亿,4858.55万,6119.28万,-1260.73万,4012.23,131.57,104.00,27.57,3.83亿
126,2020-03-05,3.63亿,8112.35万,9033.11万,-920.75万,3984.66,114.98,133.07,-18.09,3.96亿
127,2020-03-04,3.72亿,6553.94万,6748.60万,-194.66万,4002.75,104.14,110.44,-6.30,4.04亿
128,2020-03-03,3.74亿,9053.06万,9389.71万,-336.65万,4009.05,122.74,107.04,15.70,4.07亿
129,2020-03-02,3.78亿,6533.00万,8237.77万,-1704.78万,3993.35,123.57,104.00,19.57,4.09亿
130,2020-02-28,3.95亿,1.90亿,1.25亿,6477.51万,3973.78,105.17,113.59,-8.42,4.25亿
131,2020-02-27,3.30亿,8878.92万,9159.48万,-280.57万,3982.20,90.50,116.00,-25.50,3.62亿
132,2020-02-26,3.33亿,1.14亿,1.16亿,-179.64万,4007.70,91.00,85.53,5.47,3.65亿
133,2020-02-25,3.34亿,1.07亿,8512.01万,2153.01万,4002.23,104.00,120.58,-16.58,3.69亿
134,2020-02-24,3.13亿,7246.27万,7917.78万,-671.51万,4018.81,115.57,104.00,11.57,3.47亿
135,2020-02-21,3.20亿,8249.10万,8637.64万,-388.54万,4007.24,89.00,117.00,-28.00,3.53亿
136,2020-02-20,3.23亿,8044.29万,7941.43万,102.86万,4035.24,84.70,88.00,-3.30,3.56亿
137,2020-02-19,3.22亿,8292.12万,1.16亿,-3341.07万,4038.54,75.00,75.00,0.00,3.54亿
138,2020-02-18,3.56亿,1.03亿,8100.56万,2224.98万,4038.54,0.00,83.33,-83.33,3.88亿
139,2020-02-17,3.34亿,1.28亿,6309.93万,6453.07万,4121.87,0.00,0.00,0.00,3.67亿
140,2020-02-14,2.69亿,1.04亿,9974.40万,411.37万,4121.87,0.00,0.00,0.00,3.01亿
141,2020-02-13,2.65亿,7247.46万,7403.69万,-156.23万,4121.87,200.00,0.00,200.00,2.97亿
142,2020-02-12,2.67亿,9670.56万,5058.24万,4612.32万,3921.87,0.00,0.00,0.00,2.97亿
143,2020-02-11,2.20亿,6946.99万,6628.49万,318.50万,3921.87,0.00,0.00,0.00,2.50亿
144,2020-02-10,2.17亿,5244.92万,3830.15万,1414.77万,3921.87,0.00,0.00,0.00,2.47亿
145,2020-02-07,2.03亿,5854.91万,1.21亿,-6256.72万,3921.87,0.00,0.00,0.00,2.32亿
146,2020-02-06,2.66亿,7002.18万,5037.44万,1964.74万,3921.87,0.00,0.00,0.00,2.95亿
147,2020-02-05,2.46亿,7187.90万,5265.14万,1922.76万,3921.87,0.00,0.00,0.00,2.74亿
148,2020-02-04,2.27亿,8254.93万,3085.74万,5169.18万,3921.87,0.00,0.00,0.00,2.54亿
149,2020-02-03,1.75亿,8373.97万,1.02亿,-1833.54万,3921.87,0.00,12.00,-12.00,2.01亿
150,2020-01-23,1.93亿,3446.76万,3808.28万,-361.52万,3933.87,16.65,9.80,6.85,2.21亿
151,2020-01-22,1.97亿,3031.10万,4029.87万,-998.77万,3927.02,8.80,109.92,-101.12,2.26亿
152,2020-01-21,2.07亿,5859.46万,3353.90万,2505.56万,4028.14,38.00,35.25,2.75,2.36亿
153,2020-01-20,1.82亿,4521.03万,2106.07万,2414.95万,4025.39,0.00,97.85,-97.85,2.11亿
154,2020-01-17,1.58亿,3230.99万,2462.94万,768.05万,4123.24,0.00,0.00,0.00,1.87亿
155,2020-01-16,1.50亿,1445.66万,2793.80万,-1348.15万,4123.24,0.00,0.00,0.00,1.79亿
156,2020-01-15,1.64亿,2470.64万,5041.01万,-2570.38万,4123.24,0.00,2.00,-2.00,1.92亿
157,2020-01-14,1.89亿,2307.25万,2215.64万,91.61万,4125.24,0.00,0.00,0.00,2.18亿
158,2020-01-13,1.88亿,3297.37万,2740.08万,557.29万,4125.24,0.00,0.00,0.00,2.17亿
159,2020-01-10,1.83亿,3125.19万,2945.36万,179.83万,4125.24,0.00,0.00,0.00,2.11亿
160,2020-01-09,1.81亿,3482.39万,2301.35万,1181.04万,4125.24,4.00,0.00,4.00,2.10亿
161,2020-01-08,1.69亿,2699.75万,3118.38万,-418.63万,4121.24,2964.41,4.00,2960.41,1.97亿
162,2020-01-07,1.73亿,2645.26万,2296.23万,349.04万,1160.83,1028.73,2804.00,-1775.27,1.81亿
163,2020-01-06,1.70亿,2956.53万,3290.02万,-333.49万,2936.10,2804.00,4.00,2800.00,1.90亿
164,2020-01-03,1.73亿,2875.25万,3328.45万,-453.21万,136.10,4.00,0.00,4.00,1.74亿
165,2020-01-02,1.78亿,2905.70万,2132.41万,773.28万,132.10,0.00,0.00,0.00,1.79亿
166,2019-12-31,1.70亿,1691.97万,3137.00万,-1445.03万,132.10,132.10,0.00,132.10,1.71亿
167,2019-12-30,1.84亿,3926.20万,1988.54万,1937.67万,0.00,0.00,0.00,0.00,1.84亿
168,2019-12-27,1.65亿,2660.19万,2968.79万,-308.60万,0.00,0.00,0.00,0.00,1.65亿
169,2019-12-26,1.68亿,1755.38万,2511.79万,-756.41万,0.00,0.00,0.00,0.00,1.68亿
170,2019-12-25,1.76亿,2822.91万,3269.93万,-447.02万,0.00,0.00,0.00,0.00,1.76亿
171,2019-12-24,1.80亿,2585.78万,2959.54万,-373.76万,0.00,0.00,0.00,0.00,1.80亿
172,2019-12-23,1.84亿,3274.19万,2842.22万,431.97万,0.00,0.00,0.00,0.00,1.84亿
173,2019-12-20,1.80亿,3337.24万,3055.07万,282.16万,0.00,0.00,0.00,0.00,1.80亿
174,2019-12-19,1.77亿,2586.75万,1313.72万,1273.02万,0.00,0.00,0.00,0.00,1.77亿
175,2019-12-18,1.64亿,2233.65万,2691.59万,-457.94万,0.00,0.00,0.00,0.00,1.64亿
176,2019-12-17,1.69亿,1937.42万,3057.34万,-1119.92万,0.00,0.00,0.00,0.00,1.69亿
177,2019-12-16,1.80亿,3514.28万,2582.48万,931.80万,0.00,0.00,0.00,0.00,1.80亿
178,2019-12-13,1.71亿,3876.94万,2413.68万,1463.26万,0.00,0.00,0.00,0.00,1.71亿
179,2019-12-12,1.56亿,2209.27万,1951.07万,258.20万,0.00,0.00,0.00,0.00,1.56亿
180,2019-12-11,1.53亿,1893.88万,1876.28万,17.60万,0.00,0.00,0.00,0.00,1.53亿
181,2019-12-10,1.53亿,2504.80万,1103.01万,1401.79万,0.00,0.00,0.00,0.00,1.53亿
182,2019-12-09,1.39亿,738.57万,1297.53万,-558.96万,0.00,0.00,0.00,0.00,1.39亿
183,2019-12-06,1.45亿,1082.34万,2251.87万,-1169.53万,0.00,0.00,0.00,0.00,1.45亿
184,2019-12-05,1.56亿,2178.93万,2206.06万,-27.13万,0.00,0.00,0.00,0.00,1.56亿
185,2019-12-04,1.57亿,1382.83万,947.12万,435.71万,0.00,0.00,0.00,0.00,1.57亿
186,2019-12-03,1.52亿,1328.68万,2113.21万,-784.53万,0.00,0.00,0.00,0.00,1.52亿
187,2019-12-02,1.60亿,634.52万,1406.14万,-771.62万,0.00,0.00,0.00,0.00,1.60亿
188,2019-11-29,1.68亿,2029.64万,904.70万,1124.94万,0.00,0.00,0.00,0.00,1.68亿
189,2019-11-28,1.57亿,965.44万,1110.36万,-144.92万,0.00,0.00,0.00,0.00,1.57亿
190,2019-11-27,1.58亿,1487.48万,1904.41万,-416.93万,0.00,0.00,0.00,0.00,1.58亿
191,2019-11-26,1.62亿,1401.78万,1665.21万,-263.42万,0.00,0.00,0.00,0.00,1.62亿
192,2019-11-25,1.65亿,2232.39万,1816.80万,415.59万,0.00,0.00,0.00,0.00,1.65亿
193,2019-11-22,1.61亿,3215.28万,2051.67万,1163.60万,0.00,0.00,0.00,0.00,1.61亿
194,2019-11-21,1.49亿,2309.22万,1653.20万,656.01万,0.00,0.00,0.00,0.00,1.49亿
195,2019-11-20,1.43亿,1839.86万,2458.54万,-618.68万,0.00,0.00,0.00,0.00,1.43亿
196,2019-11-19,1.49亿,2824.05万,2054.41万,769.65万,0.00,0.00,0.00,0.00,1.49亿
197,2019-11-18,1.41亿,1231.52万,1636.67万,-405.15万,0.00,0.00,0.00,0.00,1.41亿
198,2019-11-15,1.45亿,1890.23万,1410.67万,479.56万,0.00,0.00,0.00,0.00,1.45亿
199,2019-11-14,1.40亿,1339.60万,1087.79万,251.81万,0.00,0.00,0.00,0.00,1.40亿
200,2019-11-13,1.38亿,1035.30万,1355.38万,-320.08万,0.00,0.00,0.00,0.00,1.38亿
201,2019-11-12,1.41亿,1816.31万,1615.82万,200.49万,0.00,0.00,0.00,0.00,1.41亿
202,2019-11-11,1.39亿,1564.72万,1994.00万,-429.28万,0.00,0.00,0.00,0.00,1.39亿
203,2019-11-08,1.43亿,1250.60万,1559.77万,-309.17万,0.00,0.00,0.00,0.00,1.43亿
204,2019-11-07,1.46亿,720.88万,1037.87万,-316.99万,0.00,0.00,0.00,0.00,1.46亿
205,2019-11-06,1.50亿,1074.40万,2112.33万,-1037.92万,0.00,0.00,0.00,0.00,1.50亿
206,2019-11-05,1.60亿,1662.35万,1489.71万,172.64万,0.00,0.00,0.00,0.00,1.60亿
207,2019-11-04,1.58亿,1444.10万,1627.55万,-183.45万,0.00,0.00,0.00,0.00,1.58亿
208,2019-11-01,1.60亿,1207.82万,955.43万,252.38万,0.00,0.00,0.00,0.00,1.60亿
209,2019-10-31,1.57亿,1333.42万,808.42万,525.01万,0.00,0.00,0.00,0.00,1.57亿
210,2019-10-30,1.52亿,1280.06万,1926.24万,-646.18万,0.00,0.00,0.00,0.00,1.52亿
211,2019-10-29,1.59亿,1505.53万,1848.76万,-343.23万,0.00,0.00,0.00,0.00,1.59亿
212,2019-10-28,1.62亿,2202.68万,2073.69万,128.99万,0.00,0.00,0.00,0.00,1.62亿
213,2019-10-25,1.61亿,1650.35万,1774.91万,-124.57万,0.00,0.00,0.00,0.00,1.61亿
214,2019-10-24,1.62亿,1203.07万,1200.90万,2.17万,0.00,0.00,0.00,0.00,1.62亿
215,2019-10-23,1.62亿,1801.61万,2378.51万,-576.90万,0.00,0.00,0.00,0.00,1.62亿
216,2019-10-22,1.68亿,1776.36万,1535.14万,241.22万,0.00,0.00,0.00,0.00,1.68亿
217,2019-10-21,1.65亿,1846.88万,1699.37万,147.51万,0.00,0.00,0.00,0.00,1.65亿
218,2019-10-18,1.64亿,2777.69万,2772.86万,4.83万,0.00,0.00,0.00,0.00,1.64亿
219,2019-10-17,1.64亿,1375.00万,1196.17万,178.83万,0.00,0.00,0.00,0.00,1.64亿
220,2019-10-16,1.62亿,1798.00万,2235.42万,-437.42万,0.00,0.00,0.00,0.00,1.62亿
221,2019-10-15,1.66亿,1966.11万,1633.14万,332.97万,0.00,0.00,0.00,0.00,1.66亿
222,2019-10-14,1.63亿,2370.44万,1938.02万,432.42万,0.00,0.00,0.00,0.00,1.63亿
223,2019-10-11,1.59亿,1437.88万,2453.34万,-1015.46万,0.00,0.00,0.00,0.00,1.59亿
224,2019-10-10,1.69亿,1961.78万,2669.12万,-707.34万,0.00,0.00,0.00,0.00,1.69亿
225,2019-10-09,1.76亿,2437.97万,2340.37万,97.60万,0.00,0.00,0.00,0.00,1.76亿
226,2019-10-08,1.75亿,2595.14万,2456.97万,138.17万,0.00,0.00,0.00,0.00,1.75亿
227,2019-09-30,1.74亿,2057.19万,2488.66万,-431.47万,0.00,0.00,0.00,0.00,1.74亿
228,2019-09-27,1.78亿,1832.76万,1975.84万,-143.08万,0.00,0.00,0.00,0.00,1.78亿
229,2019-09-26,1.79亿,4089.99万,2924.34万,1165.66万,0.00,0.00,0.00,0.00,1.79亿
230,2019-09-25,1.68亿,2032.04万,2607.44万,-575.40万,0.00,0.00,0.00,0.00,1.68亿
231,2019-09-24,1.74亿,2635.12万,3907.16万,-1272.04万,0.00,0.00,0.00,0.00,1.74亿
232,2019-09-23,1.86亿,3364.20万,2170.76万,1193.44万,0.00,0.00,0.00,0.00,1.86亿
233,2019-09-20,1.74亿,1918.01万,2348.86万,-430.84万,0.00,0.00,0.00,0.00,1.74亿
234,2019-09-19,1.79亿,2540.32万,2278.33万,261.99万,0.00,0.00,0.00,0.00,1.79亿
235,2019-09-18,1.76亿,2291.53万,2568.46万,-276.94万,0.00,0.00,0.00,0.00,1.76亿
236,2019-09-17,1.79亿,3242.07万,3589.41万,-347.34万,0.00,0.00,0.00,0.00,1.79亿
237,2019-09-16,1.82亿,2378.13万,3955.72万,-1577.58万,0.00,0.00,0.00,0.00,1.82亿
238,2019-09-12,1.98亿,3799.08万,2622.95万,1176.13万,0.00,0.00,0.00,0.00,1.98亿
239,2019-09-11,1.86亿,4493.88万,2757.60万,1736.28万,0.00,0.00,0.00,0.00,1.86亿
240,2019-09-10,1.69亿,4055.91万,4149.97万,-94.06万,0.00,0.00,0.00,0.00,1.69亿
241,2019-09-09,1.70亿,4510.36万,3502.30万,1008.06万,0.00,0.00,0.00,0.00,1.70亿
242,2019-09-06,1.60亿,2495.40万,2334.56万,160.84万,0.00,0.00,0.00,0.00,1.60亿
243,2019-09-05,1.58亿,2400.73万,3144.62万,-743.89万,0.00,0.00,0.00,0.00,1.58亿
244,2019-09-04,1.66亿,2945.76万,3470.20万,-524.45万,0.00,0.00,0.00,0.00,1.66亿
245,2019-09-03,1.71亿,2109.05万,3251.97万,-1142.91万,0.00,0.00,0.00,0.00,1.71亿
246,2019-09-02,1.82亿,3331.81万,3333.44万,-1.63万,0.00,0.00,0.00,0.00,1.82亿
247,2019-08-30,1.82亿,2314.55万,2337.97万,-23.42万,0.00,0.00,0.00,0.00,1.82亿
248,2019-08-29,1.83亿,1708.81万,1502.49万,206.32万,0.00,0.00,0.00,0.00,1.83亿
249,2019-08-28,1.80亿,2073.61万,2477.35万,-403.74万,0.00,0.00,0.00,0.00,1.80亿
250,2019-08-27,1.85亿,3201.23万,3924.50万,-723.28万,0.00,0.00,0.00,0.00,1.85亿
251,2019-08-26,1.92亿,2460.04万,2376.90万,83.15万,0.00,0.00,0.00,0.00,1.92亿
252,2019-08-23,1.91亿,2246.77万,2374.32万,-127.56万,0.00,0.00,0.00,0.00,1.91亿
253,2019-08-22,1.92亿,1801.64万,1569.83万,231.81万,0.00,0.00,0.00,0.00,1.92亿
254,2019-08-21,1.90亿,2711.19万,3270.62万,-559.43万,0.00,0.00,0.00,0.00,1.90亿
255,2019-08-20,1.95亿,3461.86万,2843.32万,618.54万,0.00,0.00,0.00,0.00,1.95亿
256,2019-08-19,1.89亿,3679.55万,3285.71万,393.84万,0.00,0.00,0.00,0.00,1.89亿
257,2019-08-16,1.85亿,2941.60万,2969.12万,-27.52万,0.00,0.00,0.00,0.00,1.85亿
258,2019-08-15,1.86亿,2444.34万,1676.39万,767.95万,0.00,0.00,0.00,0.00,1.86亿
259,2019-08-14,1.78亿,1210.45万,1421.86万,-211.41万,0.00,0.00,0.00,0.00,1.78亿
260,2019-08-13,1.80亿,647.57万,1504.11万,-856.55万,0.00,0.00,0.00,0.00,1.80亿
261,2019-08-12,1.89亿,1743.40万,910.37万,833.03万,0.00,0.00,0.00,0.00,1.89亿
262,2019-08-09,1.80亿,688.63万,1216.21万,-527.58万,0.00,0.00,0.00,0.00,1.80亿
263,2019-08-08,1.86亿,862.70万,1135.81万,-273.11万,0.00,0.00,0.00,0.00,1.86亿
264,2019-08-07,1.88亿,627.00万,1649.85万,-1022.86万,0.00,0.00,0.00,0.00,1.88亿
265,2019-08-06,1.99亿,2647.51万,2545.68万,101.83万,0.00,0.00,0.00,0.00,1.99亿
266,2019-08-05,1.97亿,2627.06万,2526.58万,100.48万,0.00,0.00,0.00,0.00,1.97亿
267,2019-08-02,1.96亿,2819.88万,2587.80万,232.09万,0.00,0.00,0.00,0.00,1.96亿
268,2019-08-01,1.94亿,1718.46万,2447.16万,-728.70万,0.00,0.00,0.00,0.00,1.94亿
269,2019-07-31,2.01亿,1841.93万,2320.59万,-478.66万,0.00,0.00,0.00,0.00,2.01亿
270,2019-07-30,2.06亿,2989.30万,6753.36万,-3764.06万,0.00,0.00,0.00,0.00,2.06亿
271,2019-07-29,2.44亿,1141.57万,1559.38万,-417.81万,0.00,0.00,0.00,0.00,2.44亿
272,2019-07-26,2.48亿,1810.99万,1698.36万,112.64万,0.00,0.00,0.00,0.00,2.48亿
273,2019-07-25,2.47亿,1228.47万,2139.40万,-910.93万,0.00,0.00,0.00,0.00,2.47亿
274,2019-07-24,2.56亿,2750.69万,3176.47万,-425.78万,0.00,0.00,0.00,0.00,2.56亿
275,2019-07-23,2.60亿,1527.92万,2059.12万,-531.20万,0.00,0.00,0.00,0.00,2.60亿
276,2019-07-22,2.66亿,3120.64万,3286.48万,-165.83万,0.00,0.00,0.00,0.00,2.66亿
277,2019-07-19,2.67亿,2616.82万,1510.23万,1106.58万,0.00,0.00,0.00,0.00,2.67亿
278,2019-07-18,2.56亿,1927.12万,2422.32万,-495.20万,0.00,0.00,0.00,0.00,2.56亿
279,2019-07-17,2.61亿,2483.28万,1862.72万,620.56万,0.00,0.00,0.00,0.00,2.61亿
280,2019-07-16,2.55亿,1396.44万,1780.81万,-384.37万,0.00,0.00,0.00,0.00,2.55亿
281,2019-07-15,2.59亿,3033.05万,2975.54万,57.51万,0.00,0.00,0.00,0.00,2.59亿
282,2019-07-12,2.58亿,1902.09万,1953.90万,-51.81万,0.00,0.00,0.00,0.00,2.58亿
283,2019-07-11,2.59亿,1488.43万,1723.53万,-235.10万,0.00,0.00,0.00,0.00,2.59亿
284,2019-07-10,2.61亿,1168.25万,1468.88万,-300.63万,0.00,0.00,0.00,0.00,2.61亿
285,2019-07-09,2.64亿,1668.28万,1657.39万,10.89万,0.00,0.00,0.00,0.00,2.64亿
286,2019-07-08,2.64亿,3722.11万,2557.18万,1164.93万,0.00,0.00,0.00,0.00,2.64亿
287,2019-07-05,2.52亿,2063.54万,1518.20万,545.34万,0.00,0.00,0.00,0.00,2.52亿
288,2019-07-04,2.47亿,2151.36万,2380.38万,-229.02万,0.00,0.00,0.00,0.00,2.47亿
289,2019-07-03,2.49亿,2626.95万,2357.57万,269.38万,0.00,0.00,0.00,0.00,2.49亿
290,2019-07-02,2.46亿,1544.16万,3742.95万,-2198.79万,0.00,0.00,0.00,0.00,2.46亿
291,2019-07-01,2.68亿,4305.58万,3273.24万,1032.33万,0.00,0.00,0.00,0.00,2.68亿
292,2019-06-28,2.58亿,2330.24万,2478.38万,-148.14万,0.00,0.00,0.00,0.00,2.58亿
293,2019-06-27,2.60亿,2574.15万,4206.92万,-1632.77万,0.00,0.00,0.00,0.00,2.60亿
294,2019-06-26,2.76亿,2045.06万,2703.47万,-658.40万,0.00,0.00,0.00,0.00,2.76亿
295,2019-06-25,2.83亿,3970.65万,3710.66万,259.99万,0.00,0.00,0.00,0.00,2.83亿
296,2019-06-24,2.80亿,3719.91万,3660.81万,59.11万,0.00,0.00,0.00,0.00,2.80亿
297,2019-06-21,2.79亿,4891.59万,6340.52万,-1448.93万,0.00,0.00,0.00,0.00,2.79亿
298,2019-06-20,2.94亿,4622.78万,5195.09万,-572.31万,0.00,0.00,0.00,0.00,2.94亿
299,2019-06-19,3.00亿,3941.41万,4197.20万,-255.79万,0.00,0.00,0.00,0.00,3.00亿
300,2019-06-18,3.02亿,1832.05万,1545.17万,286.88万,0.00,0.00,0.00,0.00,3.02亿
301,2019-06-17,2.99亿,1498.21万,1415.52万,82.69万,0.00,0.00,0.00,0.00,2.99亿
302,2019-06-14,2.98亿,2247.11万,2921.59万,-674.48万,0.00,0.00,0.00,0.00,2.98亿
303,2019-06-13,3.05亿,2147.01万,2681.03万,-534.03万,0.00,0.00,0.00,0.00,3.05亿
304,2019-06-12,3.11亿,2385.76万,2248.50万,137.25万,0.00,0.00,0.00,0.00,3.11亿
305,2019-06-11,3.09亿,3831.88万,5339.77万,-1507.89万,0.00,0.00,0.00,0.00,3.09亿
306,2019-06-10,3.24亿,2101.29万,2761.81万,-660.52万,0.00,0.00,0.00,0.00,3.24亿
307,2019-06-06,3.31亿,4336.93万,2760.28万,1576.66万,0.00,0.00,0.00,0.00,3.31亿
308,2019-06-05,3.15亿,2359.34万,3247.21万,-887.87万,0.00,0.00,0.00,0.00,3.15亿
309,2019-06-04,3.24亿,4597.53万,1736.30万,2861.23万,0.00,0.00,0.00,0.00,3.24亿
310,2019-06-03,2.95亿,2620.98万,2737.20万,-116.22万,0.00,0.00,0.00,0.00,2.95亿
311,2019-05-31,2.96亿,2210.72万,2893.03万,-682.32万,0.00,0.00,0.00,0.00,2.96亿
312,2019-05-30,3.03亿,3303.78万,2173.81万,1129.96万,0.00,0.00,0.00,0.00,3.03亿
313,2019-05-29,2.92亿,1560.03万,3039.45万,-1479.42万,0.00,0.00,0.00,0.00,2.92亿
314,2019-05-28,3.07亿,2503.40万,6448.77万,-3945.37万,0.00,0.00,0.00,0.00,3.07亿
315,2019-05-27,3.46亿,4946.17万,4158.98万,787.19万,0.00,0.00,0.00,0.00,3.46亿
316,2019-05-24,3.38亿,2929.22万,3126.04万,-196.82万,0.00,0.00,0.00,0.00,3.38亿
317,2019-05-23,3.40亿,6303.87万,2319.27万,3984.60万,0.00,0.00,0.00,0.00,3.40亿
318,2019-05-22,3.01亿,3095.50万,3388.09万,-292.59万,0.00,0.00,0.00,0.00,3.01亿
319,2019-05-21,3.03亿,4518.21万,3532.66万,985.54万,0.00,0.00,0.00,0.00,3.03亿
320,2019-05-20,2.94亿,6229.30万,2980.40万,3248.90万,0.00,0.00,0.00,0.00,2.94亿
321,2019-05-17,2.61亿,3481.79万,3059.87万,421.93万,0.00,0.00,0.00,0.00,2.61亿
322,2019-05-16,2.57亿,2337.26万,4300.78万,-1963.52万,0.00,0.00,0.00,0.00,2.57亿
323,2019-05-15,2.76亿,4160.98万,5928.85万,-1767.87万,0.00,0.00,0.00,0.00,2.76亿
324,2019-05-14,2.94亿,3395.51万,4240.17万,-844.65万,0.00,0.00,0.00,0.00,2.94亿
325,2019-05-13,3.03亿,4517.06万,3673.45万,843.60万,0.00,0.00,0.00,0.00,3.03亿
326,2019-05-10,2.94亿,6723.79万,7724.90万,-1001.11万,0.00,0.00,0.00,0.00,2.94亿
327,2019-05-09,3.04亿,5778.74万,2729.72万,3049.03万,0.00,0.00,0.00,0.00,3.04亿
328,2019-05-08,2.74亿,3222.00万,5234.35万,-2012.35万,0.00,0.00,0.00,0.00,2.74亿
329,2019-05-07,2.94亿,4413.02万,5648.59万,-1235.57万,0.00,0.00,0.00,0.00,2.94亿
330,2019-05-06,3.06亿,6530.33万,3705.32万,2825.01万,0.00,0.00,0.00,0.00,3.06亿
331,2019-04-30,2.78亿,3563.50万,2778.90万,784.60万,0.00,0.00,0.00,0.00,2.78亿
332,2019-04-29,2.70亿,5724.68万,2817.02万,2907.66万,0.00,0.00,0.00,0.00,2.70亿
333,2019-04-26,2.41亿,2327.44万,2971.29万,-643.85万,0.00,0.00,0.00,0.00,2.41亿
334,2019-04-25,2.47亿,3698.96万,4953.24万,-1254.28万,0.00,0.00,0.00,0.00,2.47亿
335,2019-04-24,2.60亿,5485.32万,3632.42万,1852.90万,0.00,0.00,0.00,0.00,2.60亿
336,2019-04-23,2.41亿,3212.88万,2759.81万,453.06万,0.00,0.00,0.00,0.00,2.41亿
337,2019-04-22,2.37亿,2874.06万,3104.14万,-230.08万,0.00,0.00,0.00,0.00,2.37亿
338,2019-04-19,2.39亿,3025.61万,3013.14万,12.47万,0.00,0.00,0.00,0.00,2.39亿
339,2019-04-18,2.39亿,2471.25万,2949.63万,-478.39万,0.00,0.00,0.00,0.00,2.39亿
340,2019-04-17,2.44亿,2816.78万,3502.08万,-685.30万,0.00,0.00,0.00,0.00,2.44亿
341,2019-04-16,2.51亿,5201.96万,5003.00万,198.96万,0.00,0.00,0.00,0.00,2.51亿
342,2019-04-15,2.49亿,4443.15万,4566.26万,-123.11万,0.00,0.00,0.00,0.00,2.49亿
343,2019-04-12,2.50亿,3422.73万,3125.62万,297.11万,0.00,0.00,0.00,0.00,2.50亿
344,2019-04-11,2.47亿,3732.25万,3063.21万,669.05万,0.00,0.00,0.00,0.00,2.47亿
345,2019-04-10,2.40亿,3110.81万,3444.73万,-333.92万,0.00,0.00,0.00,0.00,2.40亿
346,2019-04-09,2.44亿,3386.99万,2814.31万,572.68万,0.00,0.00,0.00,0.00,2.44亿
347,2019-04-08,2.38亿,3025.80万,4760.28万,-1734.47万,0.00,0.00,0.00,0.00,2.38亿
348,2019-04-04,2.55亿,3321.52万,7415.41万,-4093.89万,0.00,0.00,0.00,0.00,2.55亿
349,2019-04-03,2.96亿,2585.45万,2372.49万,212.97万,0.00,0.00,0.00,0.00,2.96亿
350,2019-04-02,2.94亿,3013.16万,3058.99万,-45.84万,0.00,0.00,0.00,0.00,2.94亿
351,2019-04-01,2.95亿,3909.69万,4076.29万,-166.60万,0.00,0.00,0.00,0.00,2.95亿
352,2019-03-29,2.96亿,3466.62万,2939.11万,527.51万,0.00,0.00,0.00,0.00,2.96亿
353,2019-03-28,2.91亿,2811.55万,1906.09万,905.46万,0.00,0.00,0.00,0.00,2.91亿
354,2019-03-27,2.82亿,2637.76万,2482.88万,154.88万,0.00,0.00,0.00,0.00,2.82亿
355,2019-03-26,2.80亿,3077.98万,3126.17万,-48.19万,0.00,0.00,0.00,0.00,2.80亿
356,2019-03-25,2.81亿,2307.05万,2712.76万,-405.71万,0.00,0.00,0.00,0.00,2.81亿
357,2019-03-22,2.85亿,2800.03万,2881.42万,-81.39万,0.00,0.00,0.00,0.00,2.85亿
358,2019-03-21,2.86亿,3388.52万,4511.42万,-1122.89万,0.00,0.00,0.00,0.00,2.86亿
359,2019-03-20,2.97亿,2953.08万,2746.32万,206.76万,0.00,0.00,0.00,0.00,2.97亿
360,2019-03-19,2.95亿,2457.60万,3469.44万,-1011.84万,0.00,0.00,0.00,0.00,2.95亿
361,2019-03-18,3.05亿,3218.63万,7426.06万,-4207.43万,0.00,0.00,0.00,0.00,3.05亿
362,2019-03-15,3.47亿,3985.26万,5260.78万,-1275.52万,0.00,0.00,0.00,0.00,3.47亿
363,2019-03-14,3.60亿,9164.56万,5474.41万,3690.15万,0.00,0.00,0.00,0.00,3.60亿
364,2019-03-13,3.23亿,9307.57万,6683.70万,2623.87万,0.00,0.00,0.00,0.00,3.23亿
365,2019-03-12,2.97亿,6277.34万,9772.65万,-3495.31万,0.00,0.00,0.00,0.00,2.97亿
366,2019-03-11,3.32亿,7643.63万,1.09亿,-3232.92万,0.00,0.00,0.00,0.00,3.32亿
367,2019-03-08,3.64亿,1.44亿,1.02亿,4196.45万,0.00,0.00,0.00,0.00,3.64亿
368,2019-03-07,3.22亿,5147.16万,6131.24万,-984.08万,0.00,0.00,0.00,0.00,3.22亿
369,2019-03-06,3.32亿,6599.69万,7185.95万,-586.25万,0.00,0.00,0.00,0.00,3.32亿
370,2019-03-05,3.38亿,5599.04万,7628.22万,-2029.18万,0.00,0.00,0.00,0.00,3.38亿
371,2019-03-04,3.58亿,8509.72万,8342.56万,167.16万,0.00,0.00,0.00,0.00,3.58亿
372,2019-03-01,3.56亿,4732.08万,7880.16万,-3148.08万,0.00,0.00,0.00,0.00,3.56亿
373,2019-02-28,3.88亿,5912.49万,5013.08万,899.42万,0.00,0.00,0.00,0.00,3.88亿
374,2019-02-27,3.79亿,7237.52万,5348.06万,1889.46万,0.00,0.00,0.00,0.00,3.79亿
375,2019-02-26,3.60亿,7399.54万,6892.61万,506.92万,0.00,0.00,0.00,0.00,3.60亿
376,2019-02-25,3.55亿,8147.04万,6370.36万,1776.69万,0.00,0.00,0.00,0.00,3.55亿
377,2019-02-22,3.37亿,4274.53万,4195.61万,78.93万,0.00,0.00,0.00,0.00,3.37亿
378,2019-02-21,3.36亿,5072.99万,8808.88万,-3735.89万,0.00,0.00,0.00,0.00,3.36亿
379,2019-02-20,3.74亿,7098.71万,4781.00万,2317.71万,0.00,0.00,0.00,0.00,3.74亿
380,2019-02-19,3.50亿,5495.71万,5599.16万,-103.45万,0.00,0.00,0.00,0.00,3.50亿
381,2019-02-18,3.51亿,3433.82万,3085.42万,348.40万,0.00,0.00,0.00,0.00,3.51亿
382,2019-02-15,3.48亿,3056.78万,2948.67万,108.12万,0.00,0.00,0.00,0.00,3.48亿
383,2019-02-14,3.47亿,2491.97万,2708.04万,-216.06万,0.00,0.00,0.00,0.00,3.47亿
384,2019-02-13,3.49亿,2452.71万,4455.15万,-2002.44万,0.00,0.00,0.00,0.00,3.49亿
385,2019-02-12,3.69亿,2668.07万,5002.46万,-2334.39万,0.00,0.00,0.00,0.00,3.69亿
386,2019-02-11,3.92亿,6313.99万,4699.38万,1614.61万,0.00,0.00,0.00,0.00,3.92亿
387,2019-02-01,3.76亿,2404.73万,5895.79万,-3491.06万,0.00,0.00,0.00,0.00,3.76亿
388,2019-01-31,4.11亿,3375.87万,3220.35万,155.52万,0.00,0.00,0.00,0.00,4.11亿
389,2019-01-30,4.10亿,2465.57万,2208.32万,257.25万,0.00,0.00,0.00,0.00,4.10亿
390,2019-01-29,4.07亿,3585.81万,2925.98万,659.83万,0.00,0.00,0.00,0.00,4.07亿
391,2019-01-28,4.00亿,2932.85万,4299.11万,-1366.26万,0.00,0.00,0.00,0.00,4.00亿
392,2019-01-25,4.14亿,2067.67万,3636.22万,-1568.55万,0.00,0.00,0.00,0.00,4.14亿
393,2019-01-24,4.30亿,2060.38万,4402.51万,-2342.13万,0.00,0.00,0.00,0.00,4.30亿
394,2019-01-23,4.53亿,1542.32万,1343.96万,198.36万,0.00,0.00,0.00,0.00,4.53亿
395,2019-01-22,4.51亿,4046.32万,3460.19万,586.13万,0.00,0.00,0.00,0.00,4.51亿
396,2019-01-21,4.45亿,3220.93万,4299.71万,-1078.78万,0.00,0.00,0.00,0.00,4.45亿
397,2019-01-18,4.56亿,2462.89万,3079.46万,-616.57万,0.00,0.00,0.00,0.00,4.56亿
398,2019-01-17,4.62亿,2754.63万,2533.92万,220.71万,0.00,0.00,0.00,0.00,4.62亿
399,2019-01-16,4.60亿,2204.32万,2831.24万,-626.91万,0.00,0.00,0.00,0.00,4.60亿
400,2019-01-15,4.66亿,2979.94万,4077.61万,-1097.67万,0.00,0.00,0.00,0.00,4.66亿
401,2019-01-14,4.77亿,2947.80万,2105.42万,842.38万,0.00,0.00,0.00,0.00,4.77亿
402,2019-01-11,4.69亿,3359.37万,3362.38万,-3.01万,0.00,0.00,0.00,0.00,4.69亿
403,2019-01-10,4.69亿,2687.26万,2620.48万,66.78万,0.00,0.00,0.00,0.00,4.69亿
404,2019-01-09,4.68亿,4187.68万,4110.08万,77.59万,0.00,0.00,0.00,0.00,4.68亿
405,2019-01-08,4.68亿,1541.29万,2612.72万,-1071.43万,0.00,0.00,0.00,0.00,4.68亿
406,2019-01-07,4.78亿,3735.34万,6016.81万,-2281.47万,0.00,0.00,0.00,0.00,4.78亿
407,2019-01-04,5.01亿,5311.30万,5019.84万,291.46万,0.00,0.00,0.00,0.00,5.01亿
408,2019-01-03,4.98亿,3324.43万,2587.86万,736.57万,0.00,0.00,0.00,0.00,4.98亿
409,2019-01-02,4.91亿,3017.06万,2208.17万,808.89万,0.00,0.00,0.00,0.00,4.91亿
410,2018-12-28,4.83亿,2387.18万,3149.79万,-762.61万,0.00,0.00,0.00,0.00,4.83亿
411,2018-12-27,4.90亿,6220.48万,3230.85万,2989.63万,0.00,0.00,0.00,0.00,4.90亿
412,2018-12-26,4.60亿,2827.78万,3140.25万,-312.47万,0.00,0.00,0.00,0.00,4.60亿
413,2018-12-25,4.64亿,5635.42万,4545.93万,1089.49万,0.00,0.00,0.00,0.00,4.64亿
414,2018-12-24,4.53亿,2315.78万,2147.96万,167.82万,0.00,0.00,0.00,0.00,4.53亿
415,2018-12-21,4.51亿,2827.67万,2992.99万,-165.32万,0.00,0.00,0.00,0.00,4.51亿
416,2018-12-20,4.53亿,3657.07万,2878.69万,778.38万,0.00,0.00,0.00,0.00,4.53亿
417,2018-12-19,4.45亿,5192.38万,2785.96万,2406.42万,0.00,0.00,0.00,0.00,4.45亿
418,2018-12-18,4.21亿,3482.89万,2672.14万,810.75万,0.00,0.00,0.00,0.00,4.21亿
419,2018-12-17,4.13亿,3834.34万,2673.05万,1161.29万,0.00,0.00,0.00,0.00,4.13亿
420,2018-12-14,4.01亿,3493.89万,3213.05万,280.84万,0.00,0.00,0.00,0.00,4.01亿
421,2018-12-13,3.98亿,2726.56万,5003.17万,-2276.61万,0.00,0.00,0.00,0.00,3.98亿
422,2018-12-12,4.21亿,3195.32万,3209.77万,-14.45万,0.00,0.00,0.00,0.00,4.21亿
423,2018-12-11,4.21亿,2408.03万,2215.41万,192.63万,0.00,0.00,0.00,0.00,4.21亿
424,2018-12-10,4.19亿,3068.20万,2456.73万,611.46万,0.00,0.00,0.00,0.00,4.19亿
425,2018-12-07,4.13亿,3529.87万,2016.71万,1513.16万,0.00,0.00,0.00,0.00,4.13亿
426,2018-12-06,3.98亿,4097.16万,3256.31万,840.86万,0.00,0.00,0.00,0.00,3.98亿
427,2018-12-05,3.90亿,3701.11万,3224.59万,476.52万,0.00,0.00,0.00,0.00,3.90亿
428,2018-12-04,3.85亿,2421.77万,2521.39万,-99.62万,0.00,0.00,0.00,0.00,3.85亿
429,2018-12-03,3.86亿,4639.03万,6365.58万,-1726.55万,0.00,0.00,0.00,0.00,3.86亿
430,2018-11-30,4.03亿,4074.59万,3668.46万,406.13万,0.00,0.00,0.00,0.00,4.03亿
431,2018-11-29,3.99亿,2800.65万,3952.82万,-1152.17万,0.00,0.00,0.00,0.00,3.99亿
432,2018-11-28,4.11亿,3244.85万,3858.81万,-613.96万,0.00,0.00,0.00,0.00,4.11亿
433,2018-11-27,4.17亿,2151.28万,3833.51万,-1682.24万,0.00,0.00,0.00,0.00,4.17亿
434,2018-11-26,4.34亿,2528.86万,3058.93万,-530.07万,0.00,0.00,0.00,0.00,4.34亿
435,2018-11-23,4.39亿,5458.76万,5995.80万,-537.04万,0.00,0.00,0.00,0.00,4.39亿
436,2018-11-22,4.44亿,2852.92万,3030.20万,-177.28万,0.00,0.00,0.00,0.00,4.44亿
437,2018-11-21,4.46亿,4009.03万,3091.02万,918.01万,0.00,0.00,0.00,0.00,4.46亿
438,2018-11-20,4.37亿,6228.39万,5252.32万,976.07万,0.00,0.00,0.00,0.00,4.37亿
439,2018-11-19,4.27亿,5192.55万,4952.92万,239.64万,0.00,0.00,0.00,0.00,4.27亿
440,2018-11-16,4.25亿,4451.72万,7479.11万,-3027.39万,0.00,0.00,0.00,0.00,4.25亿
441,2018-11-15,4.55亿,5143.28万,4681.85万,461.43万,0.00,0.00,0.00,0.00,4.55亿
442,2018-11-14,4.50亿,4060.32万,6630.29万,-2569.97万,0.00,0.00,0.00,0.00,4.50亿
443,2018-11-13,4.76亿,9094.70万,7200.84万,1893.87万,0.00,0.00,0.00,0.00,4.76亿
444,2018-11-12,4.57亿,6582.38万,6523.56万,58.82万,0.00,0.00,0.00,0.00,4.57亿
445,2018-11-09,4.56亿,3225.17万,3952.55万,-727.38万,0.00,0.00,0.00,0.00,4.56亿
446,2018-11-08,4.64亿,6233.92万,4121.41万,2112.51万,0.00,0.00,0.00,0.00,4.64亿
447,2018-11-07,4.43亿,5532.16万,4959.94万,572.22万,0.00,0.00,0.00,0.00,4.43亿
448,2018-11-06,4.37亿,4379.95万,5382.21万,-1002.26万,0.00,0.00,0.00,0.00,4.37亿
449,2018-11-05,4.47亿,9783.06万,7985.39万,1797.67万,0.00,0.00,0.00,0.00,4.47亿
450,2018-11-02,4.29亿,7999.99万,9619.69万,-1619.71万,0.00,0.00,0.00,0.00,4.29亿
451,2018-11-01,4.45亿,4733.30万,8128.84万,-3395.54万,0.00,0.00,0.00,0.00,4.45亿
452,2018-10-31,4.79亿,5941.38万,7262.36万,-1320.99万,0.00,0.00,0.00,0.00,4.79亿
453,2018-10-30,4.92亿,7883.66万,6626.46万,1257.20万,0.00,0.00,0.00,0.00,4.92亿
454,2018-10-29,4.80亿,5251.95万,3612.60万,1639.35万,0.00,0.00,0.00,0.00,4.80亿
455,2018-10-26,4.63亿,5249.73万,5237.73万,12.00万,0.00,0.00,0.00,0.00,4.63亿
456,2018-10-25,4.63亿,5935.29万,5590.45万,344.84万,0.00,0.00,0.00,0.00,4.63亿
457,2018-10-24,4.60亿,7785.55万,4377.41万,3408.14万,0.00,0.00,0.00,0.00,4.60亿
458,2018-10-23,4.26亿,7420.54万,5901.05万,1519.50万,0.00,0.00,0.00,0.00,4.26亿
459,2018-10-22,4.10亿,7828.72万,1.12亿,-3339.25万,0.00,0.00,0.00,0.00,4.10亿
460,2018-10-19,4.44亿,7017.32万,6078.99万,938.34万,0.00,0.00,0.00,0.00,4.44亿
461,2018-10-18,4.35亿,4801.91万,3790.71万,1011.20万,0.00,0.00,0.00,0.00,4.35亿
462,2018-10-17,4.24亿,5761.20万,3547.89万,2213.32万,0.00,0.00,0.00,0.00,4.24亿
463,2018-10-16,4.02亿,3682.44万,2931.19万,751.25万,0.00,0.00,0.00,0.00,4.02亿
464,2018-10-15,3.95亿,2465.29万,3013.47万,-548.18万,0.00,0.00,0.00,0.00,3.95亿
465,2018-10-12,4.00亿,3824.30万,4631.73万,-807.43万,0.00,0.00,0.00,0.00,4.00亿
466,2018-10-11,4.08亿,5330.62万,5765.79万,-435.17万,0.00,0.00,0.00,0.00,4.08亿
467,2018-10-10,4.13亿,3270.00万,3207.82万,62.17万,0.00,0.00,0.00,0.00,4.13亿
468,2018-10-09,4.12亿,3552.01万,3050.17万,501.84万,0.00,0.00,0.00,0.00,4.12亿
469,2018-10-08,4.07亿,8771.04万,3009.18万,5761.86万,0.00,0.00,0.00,0.00,4.07亿
470,2018-09-28,3.49亿,2777.72万,4530.99万,-1753.27万,0.00,0.00,0.00,0.00,3.49亿
471,2018-09-27,3.67亿,3348.21万,4088.19万,-739.98万,0.00,0.00,0.00,0.00,3.67亿
472,2018-09-26,3.74亿,4001.06万,4602.55万,-601.50万,0.00,0.00,0.00,0.00,3.74亿
473,2018-09-25,3.80亿,2775.89万,3788.24万,-1012.35万,0.00,0.00,0.00,0.00,3.80亿
474,2018-09-21,3.90亿,3069.09万,4331.65万,-1262.56万,0.00,0.00,0.00,0.00,3.90亿
475,2018-09-20,4.03亿,1538.84万,2502.73万,-963.89万,0.00,0.00,0.00,0.00,4.03亿
476,2018-09-19,4.13亿,4827.08万,5395.86万,-568.79万,0.00,0.00,0.00,0.00,4.13亿
477,2018-09-18,4.18亿,4949.14万,3550.32万,1398.82万,0.00,0.00,0.00,0.00,4.18亿
478,2018-09-17,4.04亿,5040.16万,4076.82万,963.34万,0.00,0.00,0.00,0.00,4.04亿
479,2018-09-14,3.95亿,3746.97万,3457.03万,289.94万,0.00,0.00,0.00,0.00,3.95亿
480,2018-09-13,3.92亿,5586.37万,3914.18万,1672.19万,0.00,0.00,0.00,0.00,3.92亿
481,2018-09-12,3.75亿,3368.71万,2735.41万,633.30万,0.00,0.00,0.00,0.00,3.75亿
482,2018-09-11,3.69亿,3157.99万,2598.52万,559.47万,0.00,0.00,0.00,0.00,3.69亿
483,2018-09-10,3.63亿,5926.12万,4888.96万,1037.16万,0.00,0.00,0.00,0.00,3.63亿
484,2018-09-07,3.53亿,4137.88万,5108.42万,-970.54万,0.00,0.00,0.00,0.00,3.53亿
485,2018-09-06,3.63亿,3463.66万,5456.82万,-1993.16万,0.00,0.00,0.00,0.00,3.63亿
486,2018-09-05,3.83亿,2612.79万,2478.63万,134.16万,0.00,0.00,0.00,0.00,3.83亿
487,2018-09-04,3.81亿,3326.06万,4106.49万,-780.43万,0.00,0.00,0.00,0.00,3.81亿
488,2018-09-03,3.89亿,4776.92万,2917.77万,1859.15万,0.00,0.00,0.00,0.00,3.89亿
489,2018-08-31,3.70亿,3526.59万,2218.56万,1308.04万,0.00,0.00,0.00,0.00,3.70亿
490,2018-08-30,3.57亿,2511.33万,1762.92万,748.40万,0.00,0.00,0.00,0.00,3.57亿
491,2018-08-29,3.50亿,1900.98万,1270.12万,630.86万,0.00,0.00,0.00,0.00,3.50亿
492,2018-08-28,3.44亿,1826.17万,2447.25万,-621.09万,0.00,0.00,0.00,0.00,3.44亿
493,2018-08-27,3.50亿,1818.70万,4447.39万,-2628.69万,0.00,0.00,0.00,0.00,3.50亿
494,2018-08-24,3.76亿,3545.25万,2688.26万,856.99万,0.00,0.00,0.00,0.00,3.76亿
495,2018-08-23,3.67亿,2703.25万,3648.49万,-945.24万,0.00,0.00,0.00,0.00,3.67亿
496,2018-08-22,3.77亿,2613.15万,1326.08万,1287.07万,0.00,0.00,0.00,0.00,3.77亿
497,2018-08-21,3.64亿,2337.13万,4051.16万,-1714.03万,0.00,0.00,0.00,0.00,3.64亿
498,2018-08-20,3.81亿,5065.86万,2978.56万,2087.30万,0.00,0.00,0.00,0.00,3.81亿
499,2018-08-17,3.60亿,4587.00万,3417.39万,1169.62万,0.00,0.00,0.00,0.00,3.60亿
500,2018-08-16,3.49亿,5617.65万,4091.71万,1525.94万,0.00,0.00,0.00,0.00,3.49亿
501,2018-08-15,3.33亿,8450.84万,3092.67万,5358.17万,0.00,0.00,0.00,0.00,3.33亿
502,2018-08-14,2.80亿,4394.89万,3644.05万,750.83万,0.00,0.00,0.00,0.00,2.80亿
503,2018-08-13,2.72亿,3763.63万,2799.96万,963.67万,0.00,0.00,0.00,0.00,2.72亿
504,2018-08-10,2.63亿,1857.31万,2456.58万,-599.27万,0.00,0.00,0.00,0.00,2.63亿
505,2018-08-09,2.69亿,3180.80万,4009.28万,-828.48万,0.00,0.00,0.00,0.00,2.69亿
506,2018-08-08,2.77亿,2414.47万,3283.04万,-868.57万,0.00,0.00,0.00,0.00,2.77亿
507,2018-08-07,2.86亿,5083.46万,4884.92万,198.54万,0.00,0.00,0.00,0.00,2.86亿
508,2018-08-06,2.84亿,4962.31万,2982.60万,1979.71万,0.00,0.00,0.00,0.00,2.84亿
509,2018-08-03,2.64亿,3742.05万,3059.94万,682.12万,0.00,0.00,0.00,0.00,2.64亿
510,2018-08-02,2.57亿,5098.83万,3540.33万,1558.50万,0.00,0.00,0.00,0.00,2.57亿
511,2018-08-01,2.41亿,3834.16万,4147.03万,-312.87万,0.00,0.00,0.00,0.00,2.41亿
512,2018-07-31,2.45亿,2789.43万,1991.54万,797.89万,0.00,0.00,0.00,0.00,2.45亿
513,2018-07-30,2.37亿,4570.75万,2775.49万,1795.25万,0.00,0.00,0.00,0.00,2.37亿
514,2018-07-27,2.19亿,3002.13万,1832.83万,1169.30万,0.00,0.00,0.00,0.00,2.19亿
515,2018-07-26,2.07亿,3986.47万,1525.37万,2461.10万,0.00,0.00,0.00,0.00,2.07亿
516,2018-07-25,1.82亿,1861.14万,2165.11万,-303.97万,0.00,0.00,0.00,0.00,1.82亿
517,2018-07-24,1.85亿,2863.76万,2569.18万,294.58万,0.00,0.00,0.00,0.00,1.85亿
518,2018-07-23,1.82亿,1710.08万,2851.90万,-1141.82万,0.00,0.00,0.00,0.00,1.82亿
519,2018-07-20,1.94亿,2509.12万,3272.76万,-763.64万,0.00,0.00,0.00,0.00,1.94亿
520,2018-07-19,2.01亿,2015.34万,1957.00万,58.34万,0.00,0.00,0.00,0.00,2.01亿
521,2018-07-18,2.01亿,2012.68万,1965.28万,47.40万,0.00,0.00,0.00,0.00,2.01亿
522,2018-07-17,2.00亿,1833.54万,2682.03万,-848.49万,0.00,0.00,0.00,0.00,2.00亿
523,2018-07-16,2.09亿,1701.56万,2132.13万,-430.57万,0.00,0.00,0.00,0.00,2.09亿
524,2018-07-13,2.13亿,2913.15万,2168.15万,744.99万,0.00,0.00,0.00,0.00,2.13亿
525,2018-07-12,2.06亿,2620.50万,4051.60万,-1431.11万,0.00,0.00,0.00,0.00,2.06亿
526,2018-07-11,2.20亿,3626.28万,3091.72万,534.56万,0.00,0.00,0.00,0.00,2.20亿
527,2018-07-10,2.15亿,2651.75万,2569.52万,82.22万,0.00,0.00,0.00,0.00,2.15亿
528,2018-07-09,2.14亿,2397.82万,2068.88万,328.94万,0.00,0.00,0.00,0.00,2.14亿
529,2018-07-06,2.11亿,4344.14万,2689.95万,1654.20万,0.00,0.00,0.00,0.00,2.11亿
530,2018-07-05,1.94亿,2439.69万,2574.07万,-134.38万,0.00,0.00,0.00,0.00,1.94亿
531,2018-07-04,1.95亿,2739.44万,3301.02万,-561.58万,0.00,0.00,0.00,0.00,1.95亿
532,2018-07-03,2.01亿,3521.41万,2575.13万,946.27万,0.00,0.00,0.00,0.00,2.01亿
533,2018-07-02,1.92亿,2748.59万,2643.00万,105.59万,0.00,0.00,0.00,0.00,1.92亿
534,2018-06-29,1.90亿,2282.77万,3496.82万,-1214.05万,0.00,0.00,0.00,0.00,1.90亿
535,2018-06-28,2.03亿,2489.21万,2101.85万,387.35万,0.00,0.00,0.00,0.00,2.03亿
536,2018-06-27,1.99亿,2176.26万,4464.84万,-2288.57万,0.00,0.00,0.00,0.00,1.99亿
537,2018-06-26,2.22亿,5414.52万,2465.33万,2949.18万,0.00,0.00,0.00,0.00,2.22亿
538,2018-06-25,1.92亿,2040.11万,1999.17万,40.94万,0.00,0.00,0.00,0.00,1.92亿
539,2018-06-22,1.92亿,1968.15万,2480.22万,-512.07万,0.00,0.00,0.00,0.00,1.92亿
540,2018-06-21,1.97亿,2367.53万,2962.68万,-595.15万,0.00,0.00,0.00,0.00,1.97亿
541,2018-06-20,2.03亿,2920.80万,5368.01万,-2447.22万,0.00,0.00,0.00,0.00,2.03亿
542,2018-06-19,2.27亿,6739.79万,2986.32万,3753.48万,0.00,0.00,0.00,0.00,2.27亿
543,2018-06-15,1.90亿,3908.28万,2396.00万,1512.28万,0.00,0.00,0.00,0.00,1.90亿
544,2018-06-14,1.75亿,2896.38万,1850.46万,1045.92万,0.00,0.00,0.00,0.00,1.75亿
545,2018-06-13,1.64亿,1695.60万,1529.99万,165.61万,0.00,0.00,0.00,0.00,1.64亿
546,2018-06-12,1.62亿,1717.65万,3724.26万,-2006.61万,0.00,0.00,0.00,0.00,1.62亿
547,2018-06-11,1.83亿,2826.77万,1613.10万,1213.67万,0.00,0.00,0.00,0.00,1.83亿
548,2018-06-08,1.70亿,2405.98万,2317.27万,88.71万,0.00,0.00,0.00,0.00,1.70亿
549,2018-06-07,1.70亿,1741.83万,1477.83万,263.99万,0.00,0.00,0.00,0.00,1.70亿
550,2018-06-06,1.67亿,2029.06万,1857.07万,171.99万,0.00,0.00,0.00,0.00,1.67亿
551,2018-06-05,1.65亿,2152.32万,2379.46万,-227.14万,0.00,0.00,0.00,0.00,1.65亿
552,2018-06-04,1.67亿,2044.91万,1619.09万,425.82万,0.00,0.00,0.00,0.00,1.67亿
553,2018-06-01,1.63亿,2548.60万,2651.00万,-102.40万,0.00,0.00,0.00,0.00,1.63亿
554,2018-05-31,1.64亿,3055.38万,1765.19万,1290.19万,0.00,0.00,0.00,0.00,1.64亿
555,2018-05-30,1.51亿,3004.57万,1765.37万,1239.19万,0.00,0.00,0.00,0.00,1.51亿
556,2018-05-29,1.39亿,1690.06万,1336.59万,353.47万,0.00,0.00,0.00,0.00,1.39亿
557,2018-05-28,1.35亿,3265.35万,1111.20万,2154.14万,0.00,0.00,0.00,0.00,1.35亿
558,2018-05-25,1.14亿,2652.12万,1723.15万,928.97万,0.00,0.00,0.00,0.00,1.14亿
559,2018-05-24,1.05亿,1423.61万,782.74万,640.88万,0.00,0.00,0.00,0.00,1.05亿
560,2018-05-23,9813.80万,1575.83万,1149.56万,426.28万,0.00,0.00,0.00,0.00,9813.80万
561,2018-05-22,9387.52万,1670.43万,1055.27万,615.16万,0.00,0.00,0.00,0.00,9387.52万
562,2018-05-21,8772.36万,1006.51万,2898.41万,-1891.90万,0.00,0.00,0.00,0.00,8772.36万
563,2018-05-18,1.07亿,2298.57万,2321.00万,-22.43万,0.00,0.00,0.00,0.00,1.07亿
564,2018-05-17,1.07亿,2364.77万,1575.48万,789.29万,0.00,0.00,0.00,0.00,1.07亿
565,2018-05-16,9897.40万,1568.05万,2184.10万,-616.06万,0.00,0.00,0.00,0.00,9897.40万
566,2018-05-15,1.05亿,2787.51万,1271.35万,1516.16万,0.00,0.00,0.00,0.00,1.05亿
567,2018-05-14,8997.31万,1265.68万,783.17万,482.51万,0.00,0.00,0.00,0.00,8997.31万
568,2018-05-11,8514.79万,1532.15万,1217.19万,314.96万,0.00,0.00,0.00,0.00,8514.79万
569,2018-05-10,8199.83万,2005.70万,1140.74万,864.96万,0.00,0.00,0.00,0.00,8199.83万
570,2018-05-09,7334.87万,1334.83万,958.53万,376.30万,0.00,0.00,0.00,0.00,7334.87万
571,2018-05-08,6958.57万,1678.06万,1753.95万,-75.89万,0.00,0.00,0.00,0.00,6958.57万
572,2018-05-07,7034.46万,1239.13万,1675.72万,-436.59万,0.00,0.00,0.00,0.00,7034.46万
573,2018-05-04,7471.05万,1169.66万,1517.52万,-347.87万,0.00,0.00,0.00,0.00,7471.05万
574,2018-05-03,7818.92万,1534.85万,2011.42万,-476.57万,0.00,0.00,0.00,0.00,7818.92万
575,2018-05-02,8295.49万,1821.50万,1125.63万,695.87万,0.00,0.00,0.00,0.00,8295.49万
576,2018-04-27,7599.63万,1622.29万,1168.25万,454.03万,0.00,0.00,0.00,0.00,7599.63万
577,2018-04-26,7145.59万,969.98万,1055.29万,-85.30万,0.00,0.00,0.00,0.00,7145.59万
578,2018-04-25,7230.90万,1303.97万,2027.68万,-723.71万,0.00,0.00,0.00,0.00,7230.90万
579,2018-04-24,7954.61万,3278.91万,2739.77万,539.14万,0.00,0.00,0.00,0.00,7954.61万
580,2018-04-23,7415.47万,2494.58万,1149.32万,1345.26万,0.00,0.00,0.00,0.00,7415.47万
581,2018-04-20,6070.20万,2765.88万,1756.33万,1009.55万,0.00,0.00,0.00,0.00,6070.20万
582,2018-04-19,5060.66万,1866.78万,1956.41万,-89.63万,0.00,0.00,0.00,0.00,5060.66万
583,2018-04-18,5150.29万,3272.89万,1084.73万,2188.16万,0.00,0.00,0.00,0.00,5150.29万
584,2018-04-17,2962.13万,1898.34万,466.39万,1431.95万,0.00,0.00,0.00,0.00,2962.13万
585,2018-04-16,1530.18万,1535.88万,5.70万,1530.18万,0.00,0.00,0.00,0.00,1530.18万
