day,open,high,low,close,volume
2017-10-16,15.900,15.900,15.160,15.190,13484180
2017-10-17,15.200,15.440,15.050,15.240,6597909
2017-10-18,15.250,15.340,14.700,14.720,7968541
2017-10-19,14.680,14.720,13.850,14.000,13866567
2017-10-20,14.010,14.150,13.920,14.120,7432876
2017-10-23,14.160,14.730,14.090,14.430,12521390
2017-10-24,14.350,14.430,14.100,14.240,7234048
2017-10-25,14.310,14.460,14.250,14.350,5890000
2017-10-26,14.310,14.580,14.250,14.450,5699740
2017-10-27,14.470,14.570,14.150,14.190,5490009
2017-10-30,14.160,14.260,13.320,13.340,10380680
2017-10-31,13.330,13.540,13.320,13.530,5455240
2017-11-01,13.580,13.940,13.580,13.700,7361879
2017-11-02,13.640,14.170,13.470,14.140,14449278
2017-11-03,14.350,15.160,14.210,14.560,33224756
2017-11-06,14.230,14.780,14.220,14.650,17447698
2017-11-07,14.340,14.730,14.310,14.410,15067966
2017-11-08,14.360,14.540,14.180,14.220,11984554
2017-11-09,14.210,14.390,14.100,14.240,9329402
2017-11-10,14.210,14.490,14.140,14.390,10810463
2017-11-13,14.440,14.450,14.010,14.040,10650267
2017-11-14,14.150,14.290,13.840,13.870,9334191
2017-11-15,13.780,14.240,13.700,13.890,7956998
2017-11-16,13.910,14.050,13.650,13.670,8536511
2017-11-17,13.760,13.880,12.400,12.510,14857089
2017-11-20,12.230,12.650,11.560,12.400,11555569
2017-11-21,12.390,12.460,11.950,12.250,8780351
2017-11-22,12.270,12.480,12.180,12.330,7287573
2017-11-23,12.260,12.550,11.800,11.900,10970949
2017-11-24,11.880,12.090,11.790,11.960,6600019
2017-11-27,12.030,12.500,12.000,12.150,12307522
2017-11-28,12.290,12.360,12.080,12.290,7467454
2017-11-29,12.260,12.480,12.140,12.390,8095490
2017-11-30,12.490,12.680,12.360,12.380,11113360
2017-12-01,12.350,12.360,12.080,12.250,7837934
2017-12-04,12.250,12.300,11.480,11.570,8712079
2017-12-05,11.600,11.750,10.900,11.130,10794343
2017-12-06,11.230,11.580,11.130,11.380,9152915
2017-12-07,11.300,11.490,11.300,11.340,6089503
2017-12-08,11.340,11.580,11.220,11.480,5995282
2017-12-11,11.480,11.660,11.410,11.620,5371644
2017-12-12,11.550,11.680,11.230,11.250,7139807
2017-12-13,11.250,11.590,11.170,11.580,8402509
2017-12-14,11.500,11.550,11.350,11.480,5611005
2017-12-15,11.430,12.100,11.380,11.910,17876988
2017-12-18,11.770,11.830,11.480,11.540,10575963
2017-12-19,11.600,11.660,11.500,11.580,5014696
2017-12-20,11.610,11.770,11.400,11.430,7727263
2017-12-21,11.440,11.450,11.000,11.270,7661276
2017-12-22,11.280,11.430,11.190,11.320,6247977
2017-12-25,11.280,11.320,11.120,11.150,4763098
2017-12-26,11.150,11.430,11.150,11.410,6013762
2017-12-27,11.390,11.600,11.320,11.420,9156326
2017-12-28,11.420,11.630,11.330,11.540,7789868
2017-12-29,11.580,11.650,11.470,11.560,5513829
2018-01-02,11.580,11.860,11.520,11.760,8480490
2018-01-03,11.950,12.940,11.840,12.940,37996808
2018-01-04,12.840,12.840,12.510,12.570,26993541
2018-01-05,12.470,12.850,12.380,12.650,19503591
2018-01-08,12.510,12.580,12.340,12.440,11156504
2018-01-09,13.180,13.680,13.180,13.680,11652909
2018-01-10,14.190,14.190,12.970,13.130,40452743
2018-01-11,13.010,13.110,12.710,12.910,17245487
2018-01-12,12.970,13.480,12.900,12.900,20232258
2018-01-15,12.890,12.890,12.350,12.410,13708946
2018-01-16,12.350,12.690,12.290,12.600,9908027
2018-01-17,12.430,12.980,12.250,12.840,14549374
2018-01-18,12.690,12.950,12.560,12.740,10086934
2018-01-19,12.700,12.770,12.380,12.390,9593874
2018-01-22,12.320,12.620,12.080,12.570,8990478
2018-01-23,12.580,12.650,12.460,12.640,7515207
2018-01-24,12.600,13.100,12.460,12.860,13500935
2018-01-25,12.800,13.290,12.720,13.010,15375783
2018-01-26,12.920,13.180,12.860,12.880,9368863
2018-01-29,12.860,13.050,12.480,12.500,9326471
2018-01-30,12.510,12.620,12.390,12.530,4643881
2018-01-31,12.450,12.460,11.460,11.490,13400508
2018-02-01,11.520,11.830,11.160,11.180,8071190
2018-02-02,11.280,11.580,10.860,11.280,5365368
2018-02-05,11.060,11.470,11.050,11.300,4194936
2018-02-06,11.010,11.260,10.170,10.250,10317170
2018-02-07,10.550,10.980,10.020,10.350,7695058
2018-02-08,10.400,10.660,10.330,10.590,4790354
2018-02-09,10.280,10.820,10.100,10.330,6516382
2018-02-12,10.480,10.670,10.400,10.640,4417846
2018-02-13,10.640,10.950,10.630,10.670,5719080
2018-02-14,10.650,10.730,10.530,10.710,3578560
2018-02-22,10.780,11.360,10.780,11.200,8726600
2018-02-23,11.500,12.080,11.390,11.420,15557226
2018-02-26,11.620,11.720,11.260,11.690,10720879
2018-02-27,11.600,11.820,11.490,11.670,9961509
2018-02-28,11.580,12.070,11.470,11.760,11485335
2018-03-01,11.620,12.050,11.550,11.940,9860890
2018-03-02,11.800,12.040,11.730,11.840,7907852
2018-03-05,11.780,12.120,11.770,11.900,6252132
2018-03-06,11.830,12.200,11.830,12.190,13037184
2018-03-07,12.180,12.370,11.900,11.940,9362849
2018-03-08,11.900,12.900,11.890,12.600,23692047
2018-03-09,12.450,12.730,12.310,12.470,18224193
2018-03-12,12.440,12.590,12.390,12.570,12535169
2018-03-13,12.560,12.650,12.230,12.260,10869048
2018-03-14,12.200,12.340,12.000,12.000,9994251
2018-03-15,12.010,12.170,11.800,11.970,7492122
2018-03-16,11.950,12.150,11.920,11.930,5436411
2018-03-19,11.990,12.170,11.930,12.050,6260364
2018-03-20,11.930,12.160,11.710,12.060,8519073
2018-03-21,12.070,12.150,11.680,11.690,7988959
2018-03-22,11.740,11.780,11.600,11.660,6168003
2018-03-23,11.000,11.330,10.490,10.490,12992537
2018-03-26,10.300,10.860,10.150,10.810,8162620
2018-03-27,10.920,11.150,10.910,11.040,7548049
2018-03-28,10.840,11.550,10.840,11.230,12358107
2018-03-29,11.300,11.670,11.280,11.560,10963831
2018-03-30,11.570,12.250,11.540,11.940,13328745
2018-04-02,11.940,11.940,11.560,11.620,10705011
2018-04-03,11.380,11.790,11.310,11.650,8340609
2018-04-04,11.630,11.810,11.230,11.240,7697060
2018-04-09,11.180,11.500,11.050,11.340,5990741
2018-04-10,11.370,11.550,11.180,11.410,5356045
2018-04-11,11.420,11.800,11.420,11.730,9269374
2018-04-12,11.630,11.770,11.490,11.530,6187195
2018-04-13,11.570,11.650,11.420,11.610,6001520
2018-04-16,11.570,11.690,11.300,11.380,5657884
2018-04-17,11.440,11.750,11.400,11.620,13253079
2018-04-18,11.620,11.640,11.080,11.450,11622055
2018-04-19,11.430,11.770,11.350,11.760,9852896
2018-04-20,11.750,12.470,11.650,11.850,22781962
2018-04-23,12.100,12.690,11.690,12.320,22228647
2018-04-24,12.150,12.560,12.010,12.350,19175028
2018-04-25,12.180,12.540,12.060,12.350,13913620
2018-04-26,12.330,12.340,11.720,11.770,12872561
2018-04-27,11.880,12.070,11.700,11.980,7107880
2018-05-02,11.950,12.070,11.650,11.780,5899440
2018-05-03,11.720,11.840,11.010,11.370,9987368
2018-05-04,11.350,11.430,11.160,11.190,5328079
2018-05-07,11.220,11.490,11.220,11.400,5756485
2018-05-08,11.360,11.550,11.350,11.520,6044877
2018-05-09,11.530,11.660,11.360,11.560,7307492
2018-05-10,11.550,12.180,11.500,12.130,16285060
2018-05-11,12.010,12.060,11.810,11.990,9514708
2018-05-14,11.900,12.120,11.800,11.920,7627936
2018-05-15,11.990,12.050,11.850,12.020,6604844
2018-05-16,11.940,12.020,11.640,11.690,6989543
2018-05-17,11.700,11.970,11.690,11.880,7804842
2018-05-18,11.690,12.120,11.690,12.090,9970339
2018-05-21,12.160,12.320,12.050,12.130,11643106
2018-05-22,12.140,12.350,11.920,12.280,12570865
2018-05-23,12.200,12.200,11.900,11.900,7995432
2018-05-24,11.900,12.050,11.850,11.880,5528454
2018-05-25,11.850,12.200,11.850,11.950,7810834
2018-05-28,11.870,12.080,11.400,11.400,8346791
2018-05-29,11.350,11.440,11.110,11.180,8065901
2018-05-30,11.030,11.030,10.650,10.800,6807542
2018-05-31,10.930,11.090,10.880,11.010,4526820
2018-06-01,10.980,11.100,10.930,11.040,2745889
2018-06-04,11.160,11.200,11.000,11.080,2551480
2018-06-05,10.920,10.960,10.810,10.930,3053693
2018-06-06,10.900,10.960,10.830,10.890,3560616
2018-06-07,10.890,10.950,10.680,10.680,3884605
2018-06-08,10.740,10.750,10.390,10.470,3404180
2018-06-11,10.470,10.540,10.330,10.380,2682962
2018-06-12,10.400,10.680,10.330,10.610,2755327
2018-06-13,10.580,10.600,10.250,10.250,2990149
2018-06-14,10.220,10.400,10.190,10.200,2305473
2018-06-15,10.200,10.260,9.860,9.990,4032150
2018-06-19,9.920,9.920,8.990,8.990,6334100
2018-06-20,8.880,9.200,8.780,8.980,4859309
2018-06-21,9.000,9.180,8.690,8.690,3558471
2018-06-22,8.570,8.790,8.400,8.740,3526401
2018-06-25,8.800,8.980,8.730,8.730,3005683
2018-06-26,8.670,8.900,8.460,8.870,3332693
2018-06-27,8.820,8.980,8.720,8.770,3436522
2018-06-28,8.780,8.930,8.700,8.770,2554530
2018-06-29,8.770,9.040,8.770,8.980,4846800
2018-07-02,8.950,9.030,8.740,8.850,3522817
2018-07-03,8.890,9.070,8.820,9.060,4548257
2018-07-04,9.050,9.100,8.810,8.880,2995908
2018-07-05,8.880,8.920,8.480,8.530,3187128
2018-07-06,8.500,8.710,8.310,8.550,3466852
2018-07-09,8.610,8.840,8.580,8.820,3453859
2018-07-10,8.880,8.890,8.760,8.880,2403998
2018-07-11,8.740,8.790,8.590,8.700,3213261
2018-07-12,8.690,8.950,8.670,8.860,4581434
2018-07-13,8.890,8.940,8.830,8.860,3103400
2018-07-16,8.890,9.130,8.820,9.130,4576470
2018-07-17,9.040,9.100,8.930,9.070,3618787
2018-07-18,9.290,9.310,8.880,8.890,4564992
2018-07-19,8.980,9.020,8.710,8.820,3833612
2018-07-20,8.780,8.900,8.750,8.850,2854704
2018-07-23,8.880,9.060,8.820,9.040,4107937
2018-07-24,9.030,9.330,9.000,9.230,6079036
2018-07-25,9.240,9.400,9.180,9.230,5588418
2018-07-26,9.310,9.440,9.230,9.280,6058287
2018-07-27,9.310,9.310,9.150,9.170,3112200
2018-07-30,9.200,9.240,9.050,9.120,2552900
2018-07-31,9.060,9.130,8.930,9.090,2593500
2018-08-01,9.120,9.190,8.810,8.830,3558400
2018-08-02,8.820,8.880,8.380,8.570,5179413
2018-08-03,8.540,8.640,8.500,8.510,2247411
2018-08-06,8.570,8.570,8.110,8.150,3985312
2018-08-07,8.190,8.450,8.050,8.400,3442201
2018-08-08,8.360,8.460,8.230,8.270,2809100
2018-08-09,8.250,8.550,8.120,8.440,3696143
2018-08-10,8.430,8.590,8.430,8.530,3215972
2018-08-13,8.510,8.610,8.400,8.580,3632000
2018-08-14,8.580,8.630,8.500,8.540,2862805
2018-08-15,8.530,8.880,8.410,8.450,4670439
2018-08-16,8.260,8.620,8.200,8.400,3596687
2018-08-17,8.520,8.530,8.080,8.100,3112564
2018-08-20,8.120,8.260,8.060,8.230,2551014
2018-08-21,8.230,8.660,8.190,8.450,5874590
2018-08-22,8.360,8.520,8.100,8.200,3848233
2018-08-23,8.160,8.500,8.150,8.250,3197879
2018-08-24,8.210,8.320,8.150,8.220,2748692
2018-08-27,8.220,8.430,8.220,8.360,3712700
2018-08-28,8.340,8.950,8.330,8.550,10979724
2018-08-29,8.490,9.410,8.440,9.410,13103703
2018-08-30,9.440,9.670,9.150,9.160,28425548
2018-08-31,9.160,9.200,8.740,8.810,13853756
2018-09-03,8.810,9.040,8.610,8.950,12325641
2018-09-04,8.880,9.120,8.740,8.970,10786084
2018-09-05,8.940,8.940,8.650,8.680,8303557
2018-09-06,8.610,8.850,8.590,8.650,5958699
2018-09-07,8.640,8.830,8.610,8.710,5937313
2018-09-10,8.740,8.790,8.210,8.300,7986841
2018-09-11,8.260,8.370,8.150,8.230,5153124
2018-09-12,8.240,8.350,8.150,8.260,4415188
2018-09-13,8.340,8.380,8.200,8.330,4644177
2018-09-14,8.400,8.990,8.390,8.660,14352729
2018-09-17,8.470,8.580,8.400,8.460,7277568
2018-09-18,8.420,8.700,8.250,8.690,9809031
2018-09-19,8.590,8.870,8.590,8.740,11541618
2018-09-20,8.730,8.800,8.650,8.780,6187229
2018-09-21,8.790,8.830,8.670,8.790,7912698
2018-09-25,8.730,8.990,8.680,8.850,8070034
2018-09-26,8.840,8.890,8.750,8.760,6951090
2018-09-27,8.760,8.840,8.430,8.460,6338805
2018-09-28,8.480,8.780,8.480,8.780,7025834
2018-10-08,8.630,8.770,8.450,8.500,5265883
2018-10-09,8.560,8.590,8.340,8.400,4343377
2018-10-10,8.410,8.510,8.300,8.490,3378963
2018-10-11,8.200,8.270,7.640,7.640,8884745
2018-10-12,7.570,7.570,7.000,7.300,7540511
2018-10-15,7.320,7.400,7.100,7.110,3682830
2018-10-16,7.090,7.220,6.760,6.850,4778111
2018-10-17,6.920,7.010,6.800,6.940,3673162
2018-10-18,6.920,6.920,6.620,6.620,3575393
2018-10-19,6.580,6.820,6.350,6.770,4484930
2018-10-22,6.760,7.200,6.720,7.080,7853489
2018-10-23,7.060,7.120,6.910,6.940,4163472
2018-10-24,7.010,7.130,6.920,6.970,4434618
2018-10-25,6.770,6.850,6.600,6.840,4685792
2018-10-26,6.890,6.980,6.860,6.870,3228586
2018-10-29,6.890,6.920,6.740,6.780,2566286
2018-10-30,6.800,6.900,6.580,6.850,3879783
2018-10-31,6.850,7.000,6.830,6.940,4001021
2018-11-01,6.990,7.140,6.980,7.020,6457727
2018-11-02,7.100,7.190,7.070,7.190,7129326
2018-11-05,7.150,7.340,7.100,7.250,6086133
2018-11-06,7.230,7.290,7.090,7.270,4800376
2018-11-07,7.250,7.290,7.140,7.140,4745970
2018-11-08,7.200,7.290,7.150,7.180,5074684
2018-11-09,7.190,7.570,7.150,7.330,9865135
2018-11-12,7.210,7.560,7.210,7.550,10957712
2018-11-13,7.420,7.680,7.360,7.610,10355914
2018-11-14,7.560,7.710,7.520,7.560,7089168
2018-11-15,7.550,7.750,7.520,7.700,6577742
2018-11-16,7.720,7.830,7.660,7.770,6892204
2018-11-19,7.740,8.550,7.700,8.550,21347382
2018-11-20,8.540,8.920,8.090,8.100,25353367
2018-11-21,7.880,8.220,7.620,8.030,12945086
2018-11-22,7.980,8.070,7.810,7.850,7447668
2018-11-23,7.830,7.940,7.500,7.510,8384514
2018-11-26,7.500,7.930,7.470,7.640,7367976
2018-11-27,7.710,7.810,7.620,7.750,6061485
2018-11-28,7.800,7.920,7.610,7.880,6888921
2018-11-29,7.850,7.910,7.620,7.640,5830932
2018-11-30,7.660,7.690,7.380,7.570,4050946
2018-12-03,7.760,7.890,7.700,7.830,6581548
2018-12-04,7.800,8.170,7.780,8.080,10366102
2018-12-05,7.860,8.270,7.830,8.040,10221254
2018-12-06,7.950,8.130,7.850,7.880,6205926
2018-12-07,7.880,8.210,7.880,8.180,11514120
2018-12-10,8.040,8.120,7.930,8.060,6870892
2018-12-11,8.060,8.140,7.910,8.030,5195999
2018-12-12,8.030,8.130,7.990,7.990,4454200
2018-12-13,8.050,8.130,7.960,8.070,3940147
2018-12-14,8.060,8.290,7.800,7.810,6698461
2018-12-17,7.780,7.920,7.600,7.880,5103305
2018-12-18,7.860,7.940,7.490,7.540,6338553
2018-12-19,7.560,7.650,7.420,7.490,3713200
2018-12-20,7.500,7.570,7.410,7.500,2549796
2018-12-21,7.500,7.510,7.360,7.410,2574001
2018-12-24,7.380,7.470,7.300,7.390,2717546
2018-12-25,7.300,7.340,7.070,7.230,4092056
2018-12-26,7.290,7.430,7.250,7.280,3035883
2018-12-27,7.390,7.430,7.090,7.090,2492919
2018-12-28,7.170,7.250,7.090,7.170,2054189
2019-01-02,7.350,7.360,7.010,7.060,5561348
2019-01-03,7.080,7.200,7.040,7.060,2587172
2019-01-04,6.970,7.220,6.800,7.220,3239685
2019-01-07,7.300,7.380,7.210,7.360,4096139
2019-01-08,7.360,7.380,7.270,7.280,2271887
2019-01-09,7.280,7.410,7.280,7.300,3201467
2019-01-10,7.300,7.490,7.220,7.360,4155844
2019-01-11,7.360,7.750,7.280,7.700,9904162
2019-01-14,7.720,7.830,7.560,7.660,6914496
2019-01-15,7.630,8.430,7.580,8.430,15944605
2019-01-16,8.790,9.270,8.450,9.270,46252058
2019-01-17,9.000,10.200,8.780,10.200,75592006
2019-01-18,9.910,10.630,9.260,9.450,63920779
2019-01-21,9.310,9.650,9.120,9.280,38072443
2019-01-22,9.290,9.340,8.980,9.070,30382513
2019-01-23,9.070,9.490,8.920,9.300,36131538
2019-01-24,9.180,9.190,8.570,8.800,32129343
2019-01-25,8.920,9.120,8.700,8.700,27226649
2019-01-28,8.740,8.850,8.370,8.400,20030959
2019-01-29,8.400,8.490,8.060,8.290,17245064
2019-01-30,8.190,8.300,7.980,8.040,12277085
2019-01-31,8.100,8.230,7.720,7.950,13290392
2019-02-01,7.960,8.220,7.950,8.160,10828343
2019-02-11,8.190,8.380,8.170,8.360,13237685
2019-02-12,8.300,8.900,8.300,8.680,19377610
2019-02-13,8.610,8.830,8.500,8.820,20866756
2019-02-14,8.790,9.040,8.670,8.780,19135797
2019-02-15,8.780,8.850,8.680,8.680,14382407
2019-02-18,8.680,9.150,8.680,9.110,24061078
2019-02-19,9.060,9.250,8.860,9.120,20872285
2019-02-20,9.180,9.180,8.900,8.990,13217073
2019-02-21,8.950,9.130,8.790,8.930,18811768
2019-02-22,8.820,9.030,8.760,8.990,18529509
2019-02-25,9.060,9.890,8.990,9.890,39350229
2019-02-26,9.780,10.130,9.590,9.620,39157256
2019-02-27,9.590,10.070,9.500,10.020,31987907
2019-02-28,9.860,10.100,9.710,9.900,16926328
2019-03-01,9.920,10.200,9.700,9.880,20327095
2019-03-04,9.870,10.090,9.770,9.920,26846917
2019-03-05,9.930,10.280,9.840,10.270,27962483
2019-03-06,10.130,10.480,9.930,10.200,26145587
2019-03-07,10.030,10.300,9.900,10.130,23887014
2019-03-08,9.900,9.980,9.220,9.320,23085057
2019-03-11,9.320,9.820,9.320,9.770,14516290
2019-03-12,9.830,10.130,9.750,9.910,21762236
2019-03-13,9.990,10.680,9.900,10.240,37823640
2019-03-14,10.040,10.300,9.610,9.710,17537855
2019-03-15,9.700,10.610,9.700,10.310,32950226
2019-03-18,11.000,11.080,10.170,10.330,32521313
2019-03-19,10.260,11.130,10.180,10.880,35731941
2019-03-20,10.700,11.620,10.540,11.320,41184780
2019-03-21,11.250,11.680,11.150,11.200,35137468
2019-03-22,11.090,11.420,10.810,11.310,24818089
2019-03-25,10.990,11.200,10.670,10.790,20603189
2019-03-26,10.800,11.070,10.400,10.560,16814164
2019-03-27,10.920,11.150,10.560,10.800,21773236
2019-03-28,10.620,10.860,10.300,10.360,15907769
2019-03-29,10.380,10.780,10.110,10.740,15114752
2019-04-01,10.780,11.160,10.780,11.020,24062379
2019-04-02,11.080,11.280,10.870,10.920,20786934
2019-04-03,11.010,11.260,10.940,11.120,19055590
2019-04-04,11.080,11.210,10.810,11.000,20616174
2019-04-08,11.170,11.180,10.580,10.760,14337849
2019-04-09,10.720,10.910,10.620,10.790,9292960
2019-04-10,10.710,10.710,10.390,10.470,14282367
2019-04-11,10.410,10.510,10.050,10.070,10564993
2019-04-12,10.120,10.480,10.060,10.380,10444752
2019-04-15,10.450,10.610,10.340,10.540,12619498
2019-04-16,10.470,11.080,10.300,11.020,21641088
2019-04-17,10.970,11.560,10.880,11.360,33533971
2019-04-18,11.300,12.080,11.300,11.420,39216317
2019-04-19,11.230,11.410,10.880,11.400,24853281
2019-04-22,11.510,12.540,11.330,12.130,53848084
2019-04-23,11.790,11.840,10.980,11.080,32678161
2019-04-24,11.260,12.190,11.110,12.190,41861211
2019-04-25,12.050,12.460,11.020,11.200,43838128
2019-04-26,11.120,12.320,11.120,12.320,28268473
2019-04-29,12.880,13.550,12.600,12.970,87755765
2019-04-30,11.670,11.670,11.670,11.670,8833900
2019-05-06,10.500,10.500,10.500,10.500,2518200
2019-05-07,9.450,10.300,9.450,9.880,56953510
2019-05-08,9.450,10.300,9.280,9.730,32545862
2019-05-09,9.500,10.140,9.480,9.640,30294908
2019-05-10,9.810,10.430,9.500,10.230,38811259
2019-05-13,10.010,10.110,9.840,9.980,21072481
2019-05-14,9.800,10.050,9.760,9.780,16874228
2019-05-15,9.940,10.370,9.830,10.210,28795935
2019-05-16,10.160,10.310,9.990,10.050,20426152
2019-05-17,10.000,10.090,9.050,9.190,25060198
2019-05-20,9.120,9.260,8.660,9.020,15875895
2019-05-21,9.020,9.370,8.980,9.280,13456647
2019-05-22,9.330,9.350,8.990,9.060,13356223
2019-05-23,9.000,9.110,8.730,8.760,9763042
2019-05-24,8.760,8.990,8.680,8.830,7962860
2019-05-27,8.830,9.210,8.770,9.180,11729759
2019-05-28,9.160,9.320,9.020,9.070,11460539
2019-05-29,9.010,9.260,8.990,9.070,9335362
2019-05-30,9.100,9.140,8.780,9.110,10203137
2019-05-31,9.000,9.160,8.930,8.960,6800406
2019-06-03,9.000,9.160,8.910,8.960,8588981
2019-06-04,8.990,9.030,8.220,8.370,13316675
2019-06-05,8.540,8.750,8.490,8.610,10275788
2019-06-06,8.670,9.100,8.540,8.540,15619391
2019-06-10,8.560,8.690,8.430,8.600,7877886
2019-06-11,8.580,8.950,8.540,8.930,10031512
2019-06-12,8.920,9.030,8.810,8.830,9432836
2019-06-13,8.890,9.200,8.750,9.100,14544914
2019-06-14,9.040,9.220,8.890,8.930,11778486
2019-06-17,8.850,8.930,8.740,8.830,6249401
2019-06-18,8.850,8.860,8.650,8.720,4670435
2019-06-19,8.920,8.980,8.820,8.840,6691084
2019-06-20,8.840,9.070,8.730,8.990,8587103
2019-06-21,9.010,9.250,9.010,9.110,10071326
2019-06-24,9.110,9.140,8.980,9.020,5639756
2019-06-25,9.050,9.140,8.890,8.980,7377996
2019-06-26,9.020,9.130,8.960,9.010,6119227
2019-06-27,9.030,9.120,8.970,9.030,6609106
2019-06-28,8.990,8.990,8.680,8.720,8492315
2019-07-01,8.910,9.100,8.830,9.100,10683134
2019-07-02,9.130,9.440,9.090,9.220,14219111
2019-07-03,9.050,9.100,8.890,8.960,7571007
2019-07-04,8.990,9.030,8.840,8.880,5417474
2019-07-05,8.940,8.970,8.840,8.910,3623906
2019-07-08,8.910,8.910,8.510,8.620,7616386
2019-07-09,8.600,8.680,8.470,8.630,3345933
2019-07-10,8.650,8.690,8.460,8.470,3886824
2019-07-11,8.500,8.600,8.310,8.340,3579535
2019-07-12,8.380,8.480,8.260,8.350,3919417
2019-07-15,8.350,8.490,8.240,8.490,3576058
2019-07-16,8.500,8.520,8.440,8.500,3581638
2019-07-17,8.520,8.870,8.470,8.850,9771792
2019-07-18,8.760,8.860,8.600,8.800,7967121
2019-07-19,9.290,9.680,9.170,9.180,38183077
2019-07-22,8.850,8.970,8.510,8.510,23491772
2019-07-23,8.500,8.670,8.460,8.600,10279716
2019-07-24,8.580,8.950,8.580,8.790,12953619
2019-07-25,8.740,8.840,8.730,8.770,7256154
2019-07-26,8.660,8.830,8.620,8.710,6712647
2019-07-29,8.670,8.750,8.520,8.580,6138677
2019-07-30,8.580,8.830,8.560,8.700,7096783
2019-07-31,9.130,9.420,8.770,8.790,16479270
2019-08-01,8.680,8.750,8.590,8.650,8735646
2019-08-02,8.460,8.460,8.280,8.380,9066131
2019-08-05,8.380,8.400,8.230,8.260,5115011
2019-08-06,8.110,8.110,7.660,7.890,7555589
2019-08-07,7.990,8.000,7.820,7.840,2975300
2019-08-08,7.890,7.940,7.840,7.860,3031944
2019-08-09,7.890,7.940,7.610,7.620,4225987
2019-08-12,7.610,7.780,7.600,7.760,3616107
2019-08-13,7.690,7.690,7.630,7.660,2649723
2019-08-14,7.780,7.830,7.730,7.740,3624237
2019-08-15,7.590,7.730,7.490,7.710,3837107
2019-08-16,7.710,8.150,7.690,7.910,6918939
2019-08-19,7.910,8.140,7.880,8.110,6498846
2019-08-20,8.110,8.190,8.060,8.080,5243755
2019-08-21,8.090,8.200,8.060,8.090,4387773
2019-08-22,8.140,8.150,8.030,8.110,3382905
2019-08-23,8.080,8.260,8.060,8.160,5062147
2019-08-26,7.960,8.060,7.900,7.970,5100874
2019-08-27,8.040,8.240,8.020,8.180,6084102
2019-08-28,8.160,8.170,8.020,8.030,5870824
2019-08-29,8.040,8.100,7.980,8.000,4247760
2019-08-30,8.050,8.060,7.790,7.830,5244683
2019-09-02,7.850,8.050,7.780,8.050,4241721
2019-09-03,8.090,8.120,8.010,8.100,3876363
2019-09-04,8.080,8.210,8.040,8.210,6629639
2019-09-05,8.260,8.360,8.190,8.210,8265615
2019-09-06,8.210,8.300,8.200,8.260,5045614
2019-09-09,8.400,8.470,8.300,8.430,7295127
2019-09-10,8.440,8.580,8.370,8.500,6873818
2019-09-11,8.500,8.830,8.470,8.530,10784508
2019-09-12,8.530,8.690,8.440,8.610,6460880
2019-09-16,8.710,8.750,8.610,8.630,4856931
2019-09-17,8.600,8.620,8.340,8.390,6804759
2019-09-18,8.400,8.470,8.340,8.370,3235560
2019-09-19,8.400,8.690,8.360,8.580,6608305
2019-09-20,8.510,8.600,8.470,8.490,4024943
2019-09-23,8.510,8.510,8.230,8.310,4601100
2019-09-24,8.360,8.900,8.310,8.510,10194320
2019-09-25,8.450,8.480,8.190,8.210,7077815
2019-09-26,8.250,8.270,7.840,7.890,5650121
2019-09-27,7.890,7.990,7.840,7.890,3202522
2019-09-30,7.890,7.920,7.770,7.770,3261000
2019-10-08,7.780,7.850,7.700,7.710,2768688
2019-10-09,7.650,7.800,7.640,7.780,1836340
2019-10-10,7.790,7.910,7.790,7.900,2405151
2019-10-11,7.930,8.110,7.900,8.050,4923650
2019-10-14,8.090,8.160,8.080,8.110,4557512
2019-10-15,8.070,8.080,7.900,7.930,4325694
2019-10-16,7.980,8.000,7.860,7.870,2524223
2019-10-17,7.930,7.960,7.800,7.840,2310000
2019-10-18,7.880,7.910,7.670,7.710,3496351
2019-10-21,7.710,7.780,7.560,7.700,2583113
2019-10-22,7.740,7.790,7.690,7.780,1783941
2019-10-23,7.780,7.870,7.760,7.780,1900700
2019-10-24,7.820,7.850,7.750,7.800,1867869
2019-10-25,7.780,7.840,7.740,7.830,2141271
2019-10-28,7.800,7.960,7.800,7.940,3618511
2019-10-29,7.940,7.960,7.760,7.790,3115580
2019-10-30,7.850,8.010,7.850,7.990,5861003
2019-10-31,7.950,8.230,7.930,8.160,9672653
2019-11-01,8.110,8.170,8.040,8.130,4500177
2019-11-04,8.130,8.200,8.100,8.140,3910413
2019-11-05,8.140,8.160,8.010,8.040,4920679
2019-11-06,8.060,8.130,7.920,7.970,3695082
2019-11-07,8.050,8.330,8.020,8.290,10087422
2019-11-08,8.300,8.310,8.170,8.210,5833395
2019-11-11,8.100,8.120,7.790,7.870,5526080
2019-11-12,7.870,7.920,7.800,7.900,2394402
2019-11-13,7.900,7.970,7.870,7.930,2430530
2019-11-14,7.890,8.020,7.890,7.990,2549840
2019-11-15,7.990,8.180,7.950,8.040,4769035
2019-11-18,8.070,8.100,7.930,8.100,4035340
2019-11-19,8.050,8.190,8.030,8.190,4298882
2019-11-20,8.200,8.310,8.130,8.140,5040304
2019-11-21,8.080,8.320,8.080,8.300,6504653
2019-11-22,8.320,8.350,8.120,8.200,4768100
2019-11-25,8.220,8.310,8.110,8.300,4312188
2019-11-26,8.320,8.340,8.170,8.220,3039982
2019-11-27,8.220,8.280,8.170,8.180,2898410
2019-11-28,8.210,8.320,8.130,8.150,4372931
2019-11-29,8.130,8.290,8.090,8.260,3556348
2019-12-02,8.260,8.430,8.170,8.400,6318977
2019-12-03,8.320,8.580,8.300,8.570,8812476
2019-12-04,8.420,8.560,8.370,8.510,5497974
2019-12-05,8.490,8.550,8.410,8.490,5517873
2019-12-06,8.460,8.480,8.350,8.460,4386510
2019-12-09,8.480,8.550,8.400,8.550,5291531
2019-12-10,8.540,8.550,8.380,8.430,4217523
2019-12-11,8.430,8.460,8.310,8.410,3772282
2019-12-12,8.420,8.450,8.300,8.320,3618054
2019-12-13,8.400,8.430,8.330,8.430,4145279
2019-12-16,8.430,8.600,8.410,8.580,6134679
2019-12-17,8.620,8.640,8.530,8.590,6938689
2019-12-18,8.610,8.740,8.590,8.610,6593102
2019-12-19,8.570,8.830,8.560,8.770,8514088
2019-12-20,8.780,8.830,8.660,8.680,4999100
2019-12-23,8.680,8.720,8.480,8.490,4588904
2019-12-24,8.540,8.760,8.470,8.750,5816670
2019-12-25,8.730,8.770,8.610,8.720,4629181
2019-12-26,8.700,8.840,8.670,8.840,6617785
2019-12-27,8.880,8.900,8.700,8.710,7444064
2019-12-30,8.620,8.970,8.620,8.910,7407473
2019-12-31,8.920,8.940,8.820,8.920,5913034
2020-01-02,8.930,9.170,8.930,9.090,8951251
2020-01-03,9.080,9.380,9.020,9.310,11255468
2020-01-06,9.250,9.380,9.160,9.260,11242863
2020-01-07,9.270,9.360,9.170,9.300,8178166
2020-01-08,9.270,9.310,9.030,9.080,9392994
2020-01-09,9.160,9.210,9.110,9.170,5699815
2020-01-10,9.200,9.400,9.160,9.280,7972536
2020-01-13,9.320,9.320,9.130,9.280,5103200
2020-01-14,9.400,9.770,9.400,9.540,15187054
2020-01-15,9.500,9.570,9.250,9.310,10061746
2020-01-16,9.360,9.370,9.060,9.160,8939587
2020-01-17,9.240,9.260,9.100,9.210,6967581
2020-01-20,9.200,9.250,9.160,9.250,4926585
2020-01-21,9.250,9.250,8.990,9.020,9011378
2020-01-22,9.030,9.170,8.780,9.140,7928425
2020-01-23,9.080,9.080,8.620,8.700,8665538
2020-02-03,7.830,7.830,7.830,7.830,2167600
2020-02-04,7.100,7.700,7.100,7.620,9691834
2020-02-05,7.650,7.880,7.620,7.700,8087423
2020-02-06,8.030,8.060,7.820,7.970,9921012
2020-02-07,7.960,8.020,7.840,7.990,8792689
2020-02-10,7.980,8.320,7.930,8.300,8674938
2020-02-11,8.240,8.530,8.200,8.310,8231470
2020-02-12,8.380,8.580,8.300,8.540,9501000
2020-02-13,8.480,8.540,8.360,8.390,7756225
2020-02-14,8.370,8.460,8.250,8.330,5699568
2020-02-17,8.390,8.580,8.330,8.530,7198948
2020-02-18,8.550,8.710,8.530,8.700,7880646
2020-02-19,8.650,8.820,8.570,8.670,7613480
2020-02-20,8.670,9.040,8.670,8.920,10636304
2020-02-21,8.830,9.180,8.770,9.040,12621740
2020-02-24,9.040,9.290,9.000,9.230,12901388
2020-02-25,9.150,10.150,8.970,10.040,33689953
2020-02-26,10.340,11.040,10.240,11.040,44098914
2020-02-27,12.140,12.140,12.140,12.140,6501561
2020-02-28,12.070,13.350,11.940,13.350,82566162
2020-03-02,14.000,14.690,13.850,14.690,18659588
2020-03-03,16.160,16.160,15.420,16.160,52604856
2020-03-04,16.250,17.600,14.560,17.450,94637151
2020-03-05,17.460,18.290,16.160,16.310,81305492
2020-03-06,15.350,17.940,15.020,17.940,88721192
2020-03-09,16.920,17.100,16.150,16.150,49217161
2020-03-10,14.660,15.480,14.540,15.100,66257553
2020-03-11,14.690,15.440,13.900,14.150,54500202
2020-03-12,13.750,15.480,13.750,14.880,66123172
2020-03-13,13.700,15.240,13.500,14.820,45896951
2020-03-16,15.000,15.240,13.380,13.820,41445108
2020-03-17,14.500,14.680,13.380,14.230,33802021
2020-03-18,14.200,14.640,12.810,12.830,46461736
2020-03-19,12.590,13.150,12.500,13.030,34309143
2020-03-20,13.210,13.330,12.420,12.760,32350903
2020-03-23,12.510,12.740,11.760,12.000,27719125
2020-03-24,12.300,12.640,11.850,12.370,30076400
2020-03-25,12.650,12.840,12.290,12.450,30931616
2020-03-26,12.400,12.830,12.170,12.280,25098733
2020-03-27,12.430,12.920,12.120,12.260,24007337
2020-03-30,11.960,12.240,11.250,12.220,30355318
2020-03-31,12.290,12.390,11.610,11.700,18920137
2020-04-01,11.870,12.220,11.660,11.760,17334144
2020-04-02,11.700,12.440,11.700,12.440,23690326
2020-04-03,12.450,12.520,11.940,12.090,17414619
2020-04-07,12.480,12.930,12.250,12.700,26297814
2020-04-08,12.690,12.750,12.410,12.510,16521632
2020-04-09,12.530,12.690,12.370,12.680,14857770
2020-04-10,12.590,12.610,11.900,11.900,17814282
2020-04-13,11.960,12.200,11.810,12.040,11461962
2020-04-14,12.290,12.490,11.930,12.260,18419005
2020-04-15,12.380,12.480,12.030,12.130,15551424
2020-04-16,11.880,12.240,11.680,12.190,14527783
2020-04-17,12.220,12.920,12.200,12.800,31343831
2020-04-20,12.840,12.920,12.430,12.710,23158338
2020-04-21,12.590,12.680,12.020,12.260,17266963
2020-04-22,12.100,12.360,12.050,12.360,9228212
2020-04-23,12.310,12.670,12.130,12.130,14857331
2020-04-24,12.200,13.200,12.160,12.940,33563153
2020-04-27,13.000,13.000,12.590,12.860,22555470
2020-04-28,12.720,12.790,11.570,11.990,22627822
2020-04-29,11.760,12.120,11.420,12.070,13836532
2020-04-30,12.100,12.720,12.080,12.450,18563591
2020-05-06,12.410,13.700,12.410,13.700,49089077
2020-05-07,13.550,14.370,13.550,13.890,49625699
2020-05-08,13.990,13.990,13.400,13.690,33905046
2020-05-11,13.860,13.970,13.230,13.550,29079681
2020-05-12,13.450,13.550,13.150,13.530,18114788
2020-05-13,13.610,13.630,13.270,13.370,15865484
2020-05-14,13.290,13.400,13.050,13.100,15570037
2020-05-15,13.230,13.550,13.160,13.280,17423840
2020-05-18,13.350,14.170,13.070,13.180,28027931
2020-05-19,13.300,13.570,12.900,13.560,20891526
2020-05-20,13.410,13.690,13.240,13.470,19045458
2020-05-21,13.490,14.800,13.370,14.050,51931559
2020-05-22,13.790,13.900,12.960,13.000,32324415
2020-05-25,12.500,12.650,11.700,11.700,26171885
2020-05-26,11.510,11.800,11.300,11.730,16948716
2020-05-27,11.680,11.950,11.070,11.300,20659074
2020-05-28,11.500,11.790,11.150,11.510,17908519
2020-05-29,11.290,11.410,11.100,11.100,14132035
2020-06-01,11.190,11.580,11.100,11.580,16109512
2020-06-02,11.580,11.960,11.510,11.910,16904864
2020-06-03,12.000,12.070,11.700,11.890,12954667
2020-06-04,11.690,11.710,11.410,11.450,9483035
2020-06-05,11.530,11.530,11.090,11.260,10859987
2020-06-08,11.280,11.460,11.150,11.200,9114949
2020-06-09,11.200,11.410,11.140,11.370,7933571
2020-06-10,11.350,11.350,11.170,11.200,6098101
2020-06-11,11.200,11.340,11.120,11.150,7934037
2020-06-12,10.900,11.180,10.710,11.110,8779942
2020-06-15,11.010,11.110,10.740,10.850,9402815
2020-06-16,10.850,11.340,10.850,11.320,12250352
2020-06-17,11.330,11.480,11.160,11.400,9544453
2020-06-18,11.480,11.480,11.290,11.380,7528348
2020-06-19,11.420,11.550,11.320,11.360,9342614
2020-06-22,11.350,12.500,11.350,12.100,31795277
2020-06-23,12.600,13.300,12.200,13.000,43859790
2020-06-24,12.650,13.690,12.600,12.810,37160180
2020-06-29,12.700,13.600,12.380,13.170,31185842
2020-06-30,13.300,14.490,13.000,14.150,49309566
2020-07-01,14.000,14.270,13.600,14.060,31968145
2020-07-02,14.010,14.270,13.830,13.950,25243423
2020-07-03,14.000,14.170,13.050,13.280,42023733
2020-07-06,13.450,14.380,13.340,13.960,44668336
2020-07-07,13.870,14.550,13.610,14.090,42650073
2020-07-08,14.020,14.360,13.760,14.290,32582035
2020-07-09,14.490,15.540,14.410,15.290,53337707
2020-07-10,15.000,15.120,14.650,14.700,33138774
2020-07-13,14.710,14.970,14.500,14.890,27087499
2020-07-14,14.980,15.150,14.300,14.740,22685661
2020-07-15,14.800,14.850,13.800,14.000,21198419
2020-07-16,13.940,14.500,12.900,12.930,18834537
2020-07-17,13.030,13.340,12.600,12.880,14529785
2020-07-20,13.290,13.760,13.130,13.720,15136348
2020-07-21,13.800,13.880,13.450,13.710,13056590
2020-07-22,13.790,13.890,13.510,13.820,13276421
2020-07-23,13.650,13.980,13.550,13.770,11573437
2020-07-24,13.730,14.360,13.150,13.220,20117761
2020-07-27,13.580,14.080,13.300,14.080,18039570
2020-07-28,14.100,14.180,13.770,14.040,14562244
2020-07-29,13.910,14.350,13.600,14.250,16103597
2020-07-30,14.240,15.060,14.240,14.780,27502407
2020-07-31,14.960,15.050,14.350,14.790,21687152
2020-08-03,14.850,15.530,14.630,15.350,27008926
2020-08-04,15.160,15.280,14.280,14.550,25976649
2020-08-05,14.720,14.980,14.480,14.620,15236666
2020-08-06,14.650,14.650,13.880,14.090,17240100
2020-08-07,14.060,14.060,13.310,13.670,13948801
2020-08-10,13.660,13.930,13.530,13.840,7666080
2020-08-11,13.770,13.980,13.430,13.500,7562972
2020-08-12,13.450,13.580,13.070,13.280,10134556
2020-08-13,13.440,13.480,13.270,13.350,5256995
2020-08-14,13.180,13.550,13.100,13.510,5243869
2020-08-17,13.640,13.780,13.430,13.740,7633027
2020-08-18,13.900,13.900,13.520,13.660,7789475
2020-08-19,13.670,13.810,13.390,13.410,7625106
2020-08-20,13.500,13.530,13.130,13.160,6206880
2020-08-21,13.130,13.630,13.130,13.550,7136692
2020-08-24,13.770,13.880,13.550,13.630,6812152
2020-08-25,13.690,14.140,13.610,14.050,13011329
2020-08-26,14.110,14.390,13.730,13.800,14908139
2020-08-27,13.790,14.330,13.450,14.230,13676263
2020-08-28,14.200,14.610,14.000,14.570,18097518
2020-08-31,14.630,14.880,14.370,14.490,15455605
2020-09-01,14.400,14.450,14.000,14.290,8339911
2020-09-02,14.360,14.490,14.000,14.100,8191088
2020-09-03,14.010,14.150,13.620,13.740,7916901
2020-09-04,13.580,13.580,13.010,13.280,14767995
2020-09-07,13.290,13.470,12.930,13.060,8401432
2020-09-08,13.080,13.210,12.900,13.140,5478188
2020-09-09,13.010,13.050,12.300,12.550,8798375
2020-09-10,12.580,12.730,12.210,12.220,5840898
2020-09-11,12.300,12.360,11.960,12.150,7196489
2020-09-14,12.230,12.420,12.200,12.360,4837807
2020-09-15,12.370,12.580,12.200,12.530,4944345
2020-09-16,12.530,12.540,12.050,12.240,5119044
2020-09-17,12.200,12.340,12.050,12.190,3755856
2020-09-18,12.190,12.480,12.120,12.460,5213248
2020-09-21,12.410,12.700,12.380,12.490,5376685
2020-09-22,12.370,12.550,12.220,12.320,3924914
2020-09-23,12.360,12.590,12.310,12.440,4296706
2020-09-24,12.380,12.380,12.170,12.200,3162293
2020-09-25,12.240,12.330,12.140,12.220,2586718
2020-09-28,12.220,12.320,12.120,12.150,2827873
2020-09-29,12.170,12.310,12.150,12.260,2442893
2020-09-30,12.250,12.330,12.140,12.170,2505008
2020-10-09,12.360,12.800,12.310,12.700,5835559
2020-10-12,12.820,13.150,12.720,13.050,6758033
2020-10-13,13.070,13.240,12.920,13.140,6433969
2020-10-14,13.210,13.330,12.940,12.990,6201826
2020-10-15,12.990,13.190,12.910,13.070,4574526
2020-10-16,13.050,13.120,12.850,12.970,3796582
2020-10-19,13.070,13.240,12.840,12.870,4490825
2020-10-20,12.850,13.150,12.830,13.130,3934751
2020-10-21,13.140,13.140,12.890,12.990,2631875
2020-10-22,13.000,13.100,12.780,12.980,3087740
2020-10-23,12.980,13.140,12.770,12.870,4346943
2020-10-26,13.570,13.880,13.260,13.560,16022727
2020-10-27,13.490,14.160,13.370,14.040,14885092
2020-10-28,14.020,14.330,13.900,14.080,14046345
2020-10-29,13.940,14.580,13.870,14.230,12625579
2020-10-30,14.230,14.450,13.600,13.830,10605614
2020-11-02,14.110,14.690,14.100,14.550,17115990
2020-11-03,14.540,14.750,14.320,14.530,10226967
2020-11-04,14.570,15.090,14.560,14.790,12677179
2020-11-05,15.060,15.060,14.560,14.780,10312492
2020-11-06,14.880,14.960,14.300,14.480,10528574
2020-11-09,14.510,14.910,14.430,14.860,13569339
2020-11-10,14.810,15.140,14.570,14.800,12496079
2020-11-11,14.700,15.300,14.690,14.830,10733383
2020-11-12,14.870,15.120,14.710,14.870,8688745
2020-11-13,14.900,15.080,14.650,15.020,7779479
2020-11-16,15.120,15.680,15.050,15.490,15502877
2020-11-17,15.450,15.700,15.280,15.480,11115066
2020-11-18,15.430,15.940,15.310,15.340,18061722
2020-11-19,15.300,15.490,14.800,15.090,14949027
2020-11-20,15.090,15.570,14.950,15.450,10698419
2020-11-23,15.550,15.750,15.220,15.330,11807554
2020-11-24,15.350,15.790,15.350,15.620,11336327
2020-11-25,15.660,15.860,15.350,15.480,8407466
2020-11-26,15.450,15.730,15.200,15.250,10721674
2020-11-27,15.360,15.460,14.730,14.850,11255247
2020-11-30,14.720,14.980,14.050,14.180,14657003
2020-12-01,14.240,14.340,14.100,14.180,9076430
2020-12-02,14.170,14.470,14.100,14.180,7285237
2020-12-03,14.070,14.330,13.850,14.110,6244340
2020-12-04,14.110,14.250,14.000,14.160,5296077
2020-12-07,14.180,14.180,13.940,14.030,5415234
2020-12-08,14.140,14.320,13.980,14.090,5233500
2020-12-09,14.200,14.230,13.700,13.730,7086960
2020-12-10,13.770,14.170,13.580,14.070,6965710
2020-12-11,14.000,14.260,13.910,13.940,6592512
2020-12-14,14.070,14.600,13.800,14.320,8530540
2020-12-15,14.290,14.400,14.000,14.040,6650494
2020-12-16,14.050,14.210,13.900,14.000,4812580
2020-12-17,13.990,14.100,13.500,14.000,8271172
2020-12-18,14.010,14.360,14.000,14.080,6183984
2020-12-21,14.080,15.150,14.040,14.790,11507006
2020-12-22,14.850,15.090,14.600,14.610,8957940
2020-12-23,14.620,15.350,14.600,15.200,12447369
2020-12-24,15.220,15.410,15.000,15.280,11789278
2020-12-25,15.130,15.350,14.600,15.330,10900776
2020-12-28,15.340,15.690,15.150,15.310,8636642
2020-12-29,15.370,15.520,14.820,14.940,11472227
2020-12-30,15.000,15.190,14.760,14.870,8858769
2020-12-31,15.040,15.440,14.940,15.080,9805943
2021-01-04,15.140,16.580,15.080,16.500,23045727
2021-01-05,16.320,17.050,16.270,17.010,21352306
2021-01-06,16.840,16.840,16.260,16.490,12653158
2021-01-07,16.480,16.770,16.140,16.720,14617599
2021-01-08,16.390,16.450,15.640,16.210,17148064
2021-01-11,16.270,16.460,15.380,15.460,16370882
2021-01-12,15.200,15.700,15.200,15.520,13570280
2021-01-13,15.490,15.560,14.800,14.880,13630380
2021-01-14,14.860,15.290,14.160,15.290,14666875
2021-01-15,15.050,16.400,14.990,16.350,23806235
2021-01-18,16.350,16.950,16.020,16.700,19806161
2021-01-19,16.600,16.900,16.050,16.090,10049540
2021-01-20,16.260,17.700,16.150,17.700,25850758
2021-01-21,17.810,18.910,17.460,18.850,40268628
2021-01-22,18.500,19.670,18.260,19.340,27599642
2021-01-25,19.340,19.920,18.750,18.930,18495710
2021-01-26,19.030,19.180,18.350,18.550,17790081
2021-01-27,18.570,20.410,18.420,20.410,25231322
2021-01-28,19.950,21.740,19.750,20.750,31195933
2021-01-29,20.780,22.580,20.640,21.040,24732317
2021-02-01,21.330,21.490,20.190,21.240,20162411
2021-02-02,21.340,23.000,20.800,22.980,26562881
2021-02-03,22.660,23.250,22.070,22.670,16044570
2021-02-04,22.630,23.000,20.740,21.450,20808912
2021-02-05,21.440,21.870,19.910,20.390,23613216
2021-02-08,20.430,21.680,20.280,21.040,12241025
2021-02-09,21.080,21.600,20.510,21.500,11661859
2021-02-10,21.490,21.650,20.000,21.490,15173385
2021-02-18,21.960,22.870,21.450,22.560,15096710
2021-02-19,22.600,22.800,21.000,21.550,11718143
2021-02-22,21.310,21.990,20.760,21.620,10992362
2021-02-23,20.800,21.200,20.420,20.530,12145058
2021-02-24,20.900,22.300,20.850,21.190,17197690
2021-02-25,21.600,23.310,21.360,23.300,22329062
2021-02-26,22.050,22.500,21.020,21.500,18271358
2021-03-01,21.550,23.650,21.540,23.650,14854823
2021-03-02,24.900,25.750,21.700,22.220,29349107
2021-03-03,22.010,23.380,21.580,23.300,20252133
2021-03-04,22.920,23.350,21.060,21.500,18507552
2021-03-05,21.060,21.220,19.500,20.520,15341267
2021-03-08,20.870,20.900,19.500,19.580,12561456
2021-03-09,19.580,20.290,18.660,19.570,10674349
2021-03-10,19.930,20.180,19.100,19.570,8505110
2021-03-11,19.770,20.750,19.000,20.700,10088893
2021-03-12,20.510,21.030,20.110,20.520,7202497
2021-03-15,20.310,20.890,20.160,20.430,4912291
2021-03-16,20.510,21.650,20.370,21.290,8531774
2021-03-17,21.120,22.850,21.040,22.520,9278527
2021-03-18,22.510,23.320,22.220,23.200,9747389
2021-03-19,22.600,23.650,22.530,23.100,8657657
2021-03-22,23.270,23.980,23.010,23.110,7343156
2021-03-23,23.200,24.110,23.000,23.630,9689149
2021-03-24,23.570,23.860,22.790,23.340,9851675
2021-03-25,23.200,23.400,22.130,22.390,10280796
2021-03-26,22.510,24.000,22.500,23.750,9485377
2021-03-29,23.900,24.420,22.900,24.310,12022627
2021-03-30,24.020,24.970,23.710,24.590,6856563
2021-03-31,24.500,25.390,24.080,25.010,6926984
2021-04-01,25.060,25.690,24.710,24.960,7166937
2021-04-02,24.930,25.010,24.380,24.500,6160022
2021-04-06,24.500,25.900,24.470,25.880,8127266
2021-04-07,25.800,25.800,24.440,24.690,8587493
2021-04-08,24.630,25.520,24.110,25.420,8452482
2021-04-09,25.140,25.270,24.020,24.240,6548215
2021-04-12,24.130,24.360,23.200,24.170,5709071
2021-04-13,24.390,24.390,22.430,22.520,9763700
2021-04-14,22.800,23.900,22.260,23.570,5817511
2021-04-15,23.590,24.140,23.000,23.750,4073408
2021-04-16,23.760,24.680,23.500,23.640,5539535
2021-04-19,23.490,24.770,23.300,24.400,5656139
2021-04-20,24.250,24.450,23.700,23.830,5119752
2021-04-21,23.290,24.310,23.280,23.830,4076827
2021-04-22,23.890,25.100,23.890,24.840,6404349
2021-04-23,24.860,25.250,24.590,24.850,4333758
2021-04-26,25.000,25.530,24.410,24.750,4589027
2021-04-27,24.650,25.000,23.950,24.430,4297630
2021-04-28,24.620,24.720,23.660,23.990,4745202
2021-04-29,23.940,24.200,23.270,24.000,5799846
2021-04-30,24.100,26.400,24.100,26.400,10407265
2021-05-06,27.160,28.220,25.780,26.200,18814755
2021-05-07,26.940,26.940,23.580,23.660,22898291
2021-05-10,23.000,24.000,22.450,23.610,8497876
2021-05-11,23.310,23.790,21.840,22.420,9513468
2021-05-12,22.420,23.400,22.380,23.210,6857356
2021-05-13,23.050,23.700,22.470,23.280,5574508
2021-05-14,23.240,23.770,22.810,23.230,5740709
2021-05-17,23.070,23.480,22.700,23.060,6554748
2021-05-18,22.950,23.270,22.000,23.000,6309302
2021-05-19,22.950,24.160,22.650,23.970,7529079
2021-05-20,23.970,24.170,23.610,23.740,4924616
2021-05-21,23.840,24.000,23.030,23.160,4366620
2021-05-24,23.100,23.100,22.380,22.600,4774095
2021-05-25,22.820,23.250,22.510,22.830,5878690
2021-05-26,22.780,23.400,22.620,23.200,4690864
2021-05-27,23.250,25.520,23.100,25.520,12368563
2021-05-28,26.040,26.500,24.580,24.860,10741408
2021-05-31,25.040,26.350,24.440,26.200,9029189
2021-06-01,26.200,27.410,25.920,27.170,9598173
2021-06-02,27.230,27.600,26.850,27.160,5774743
2021-06-03,27.120,27.150,26.400,26.400,6222075
2021-06-04,26.000,26.570,25.420,26.280,6312380
2021-06-07,26.500,27.160,25.760,26.200,5446637
2021-06-08,26.190,26.290,24.500,24.640,8651107
2021-06-09,24.600,25.680,24.100,25.600,7390938
2021-06-10,25.600,25.850,25.100,25.200,4564899
2021-06-11,25.240,25.450,24.740,24.900,4033130
2021-06-15,25.250,25.940,24.660,25.480,6277559
2021-06-16,25.480,25.480,23.810,23.880,6743982
2021-06-17,23.710,24.140,22.560,23.480,12481466
2021-06-18,23.700,24.140,23.480,23.950,6494798
2021-06-21,23.700,25.330,23.500,25.260,7282232
2021-06-22,25.800,26.280,24.500,24.610,7299453
2021-06-23,24.700,25.380,24.450,25.170,5420161
2021-06-24,25.060,25.750,24.620,24.890,5027514
2021-06-25,24.850,24.850,24.260,24.600,3789009
2021-06-28,24.630,25.600,24.520,25.470,5411432
2021-06-29,25.500,26.550,25.130,26.340,8303875
2021-06-30,26.600,27.240,26.130,26.850,8720482
2021-07-01,26.300,26.670,25.920,26.420,5730401
2021-07-02,26.260,26.260,24.960,25.370,6268909
2021-07-05,25.480,25.720,24.100,25.590,8249097
2021-07-06,25.710,26.790,24.700,25.210,8090693
2021-07-07,25.010,26.480,24.630,26.300,9064223
2021-07-08,26.430,28.200,26.430,27.490,13028593
2021-07-09,27.380,27.660,26.610,26.980,8553042
2021-07-12,27.600,27.780,26.700,27.350,9822484
2021-07-13,27.210,27.660,26.450,26.770,7996663
2021-07-14,27.000,27.000,24.700,24.800,15181331
2021-07-15,24.700,25.380,24.520,24.980,8159374
2021-07-16,25.020,25.700,24.800,24.860,7306754
2021-07-19,24.740,25.270,23.680,23.920,10685983
2021-07-20,24.100,25.250,24.000,25.200,7746958
2021-07-21,25.010,25.330,24.720,25.180,7732907
2021-07-22,25.180,26.100,25.150,25.380,7043203
2021-07-23,25.170,25.950,24.850,25.100,6347881
2021-07-26,24.980,25.900,24.320,24.660,7451589
2021-07-27,24.540,26.060,24.540,24.750,10300593
2021-07-28,24.360,24.530,22.730,23.720,7556768
2021-07-29,24.050,25.260,24.050,24.930,7317779
2021-07-30,24.930,25.380,24.570,24.700,6024229
2021-08-02,24.680,25.110,24.110,24.990,9178745
2021-08-03,24.800,25.910,24.590,24.790,10290362
2021-08-04,25.180,25.600,24.780,25.100,8122554
2021-08-05,24.920,25.300,23.900,23.950,11296908
2021-08-06,23.990,24.200,23.000,23.230,10279027
2021-08-09,23.260,23.760,23.020,23.460,7140609
2021-08-10,23.470,24.490,23.300,24.280,8291557
2021-08-11,24.380,24.600,23.830,24.160,6583276
2021-08-12,24.080,24.260,23.300,23.550,7935036
2021-08-13,23.380,23.950,23.190,23.410,5278277
2021-08-16,23.480,23.660,22.870,23.050,6198614
2021-08-17,23.110,23.280,22.080,22.450,7831810
2021-08-18,22.380,23.090,22.220,22.900,7875734
2021-08-19,22.500,22.640,21.780,21.880,8783097
2021-08-20,21.980,23.170,21.680,22.830,10293533
2021-08-23,23.050,25.110,23.050,25.110,19199414
2021-08-24,25.470,26.060,25.200,25.820,23498154
2021-08-25,25.930,26.300,25.210,26.090,14320907
2021-08-26,26.100,26.820,25.900,25.960,12002118
2021-08-27,26.090,26.750,25.600,26.440,10849357
2021-08-30,26.430,27.000,26.180,26.500,9001404
2021-08-31,26.340,26.830,25.900,26.030,8652119
2021-09-01,25.970,26.690,25.240,25.650,8265560
2021-09-02,25.690,27.200,25.410,26.740,10857306
2021-09-03,26.700,28.180,26.290,26.970,12555270
2021-09-06,26.960,27.370,25.930,26.680,6905320
2021-09-07,26.630,27.650,26.420,27.340,7570633
2021-09-08,27.470,27.780,26.540,26.640,6994666
2021-09-09,26.320,26.440,25.250,25.890,9686781
2021-09-10,25.750,26.460,25.390,26.280,7651016
2021-09-13,26.250,26.280,25.280,25.770,5948686
2021-09-14,25.770,26.400,25.340,25.460,5638830
2021-09-15,25.370,26.400,25.050,26.210,5891059
2021-09-16,26.500,26.500,23.610,23.640,13592577
2021-09-17,23.600,24.180,22.760,23.780,7064692
2021-09-22,23.060,24.130,23.060,23.810,3431088
2021-09-23,24.000,24.100,23.440,23.650,3286549
2021-09-24,23.380,23.700,22.960,23.150,4833319
2021-09-27,23.560,24.020,22.350,23.070,5028819
2021-09-28,22.990,23.470,22.560,23.030,3148206
2021-09-29,22.900,22.900,22.170,22.270,3840076
2021-09-30,22.430,23.660,22.370,23.280,4700872
2021-10-08,23.300,23.460,22.900,23.120,3592009
2021-10-11,23.070,23.110,22.510,22.630,3236988
2021-10-12,22.550,22.580,20.810,21.170,7902012
2021-10-13,21.080,21.830,20.710,21.750,5139527
2021-10-14,22.300,23.880,22.300,23.500,8709083
2021-10-15,23.200,23.730,22.820,23.500,6308012
2021-10-18,23.640,24.100,23.380,23.800,4120258
2021-10-19,23.800,23.860,23.460,23.700,3326213
2021-10-20,23.700,24.150,23.400,23.950,4598203
2021-10-21,23.890,24.400,23.700,24.180,3838758
2021-10-22,24.250,24.330,23.400,23.530,3532067
2021-10-25,23.530,24.120,23.520,24.010,3558857
2021-10-26,24.280,24.280,23.630,24.090,2774140
2021-10-27,23.980,24.280,23.450,23.760,3688792
2021-10-28,23.430,23.940,23.100,23.490,4548107
2021-10-29,23.550,23.810,22.660,23.680,5124708
2021-11-01,23.660,25.390,23.590,25.080,9197043
2021-11-02,25.070,25.300,24.560,24.990,6248140
2021-11-03,24.940,25.060,24.130,24.710,5893825
2021-11-04,25.010,25.700,24.580,25.670,6576295
2021-11-05,25.620,26.400,25.350,25.430,6182651
2021-11-08,25.220,26.380,25.220,26.090,5804651
2021-11-09,26.080,26.940,25.900,26.670,6401198
2021-11-10,26.500,26.850,26.330,26.580,4383070
2021-11-11,26.410,26.460,25.880,26.360,4083667
2021-11-12,26.200,26.980,26.100,26.840,4528741
2021-11-15,26.920,27.490,26.610,26.770,4944992
2021-11-16,26.490,27.460,26.280,26.840,6910872
2021-11-17,26.960,27.900,26.510,27.740,6190769
2021-11-18,27.900,28.450,27.450,28.140,7397460
2021-11-19,28.260,28.530,27.600,28.190,4912004
2021-11-22,28.260,29.160,27.660,28.450,6340079
2021-11-23,28.430,30.280,28.250,29.370,8874646
2021-11-24,29.390,30.700,29.130,30.290,9007895
2021-11-25,30.000,30.200,27.720,27.960,15044807
2021-11-26,27.810,29.500,27.800,28.610,13962656
2021-11-29,28.100,28.480,27.580,28.090,7721569
2021-11-30,28.310,29.660,28.100,29.200,9803973
2021-12-01,28.900,29.160,27.950,28.230,7063338
2021-12-02,28.280,28.370,27.550,27.860,5240100
2021-12-03,27.880,28.070,26.940,27.080,10196909
2021-12-06,27.230,28.050,27.010,27.040,6888820
2021-12-07,27.210,27.460,25.660,26.170,9578638
2021-12-08,26.320,27.080,26.090,26.900,5654047
2021-12-09,27.300,27.470,26.770,26.790,5957824
2021-12-10,26.790,27.710,26.620,27.500,7323777
2021-12-13,27.960,28.170,26.240,26.390,10575531
2021-12-14,26.300,26.360,25.750,25.800,8303245
2021-12-15,25.930,26.950,25.930,26.300,7768136
2021-12-16,26.580,26.890,26.310,26.820,4919963
2021-12-17,26.790,27.780,26.490,26.490,8697229
2021-12-20,26.430,26.780,25.970,26.290,5169689
2021-12-21,26.210,27.300,26.150,26.900,7363469
2021-12-22,26.630,27.130,26.060,26.660,5787732
2021-12-23,26.660,26.660,26.100,26.340,5050908
2021-12-24,26.300,26.540,25.180,25.240,6882919
2021-12-27,25.400,26.280,25.280,25.850,5796799
2021-12-28,26.010,26.380,25.640,26.320,4432202
2021-12-29,26.280,26.820,26.010,26.150,4623928
