1,2020-03-04,1.40亿,7270.47万,4718.77万,2551.70万,0.02,0.00,0.00,0.00,1.40亿
2,2020-03-03,1.14亿,8025.87万,7951.93万,73.94万,0.02,0.00,0.00,0.00,1.14亿
3,2020-03-02,1.14亿,2377.83万,778.16万,1599.66万,0.02,0.02,0.00,0.02,1.14亿
4,2020-02-28,9757.94万,3915.94万,3820.04万,95.90万,0.00,0.00,0.02,-0.02,9757.94万
5,2020-02-27,9662.04万,2460.55万,3483.47万,-1022.93万,0.02,0.00,0.00,0.00,9662.15万
6,2020-02-26,1.07亿,2770.37万,2521.12万,249.25万,0.02,0.00,0.00,0.00,1.07亿
7,2020-02-25,1.04亿,448.16万,533.26万,-85.10万,0.02,0.00,0.00,0.00,1.04亿
8,2020-02-24,1.05亿,1057.78万,877.76万,180.02万,0.02,0.00,0.00,0.00,1.05亿
9,2020-02-21,1.03亿,746.80万,759.44万,-12.64万,0.02,0.00,0.00,0.00,1.03亿
10,2020-02-20,1.04亿,1091.21万,457.87万,633.34万,0.02,0.00,0.00,0.00,1.04亿
11,2020-02-19,9720.10万,355.40万,638.27万,-282.87万,0.02,0.00,0.00,0.00,9720.19万
12,2020-02-18,1.00亿,1177.63万,1166.22万,11.42万,0.02,0.00,0.00,0.00,1.00亿
13,2020-02-17,9991.55万,993.15万,395.78万,597.37万,0.02,0.00,0.00,0.00,9991.64万
14,2020-02-14,9394.18万,144.01万,543.45万,-399.43万,0.02,0.00,0.00,0.00,9394.27万
15,2020-02-13,9793.62万,523.58万,1001.41万,-477.83万,0.02,0.00,0.00,0.00,9793.70万
16,2020-02-12,1.03亿,533.92万,853.44万,-319.52万,0.02,0.00,0.00,0.00,1.03亿
17,2020-02-11,1.06亿,1181.04万,718.45万,462.59万,0.02,0.00,0.00,0.00,1.06亿
18,2020-02-10,1.01亿,484.87万,365.61万,119.26万,0.02,0.02,0.00,0.02,1.01亿
19,2020-02-07,1.00亿,288.01万,773.11万,-485.10万,0.00,0.00,0.00,0.00,1.00亿
20,2020-02-06,1.05亿,773.91万,1239.39万,-465.48万,0.00,0.00,0.00,0.00,1.05亿
21,2020-02-05,1.10亿,508.91万,449.08万,59.83万,0.00,0.00,0.00,0.00,1.10亿
22,2020-02-04,1.09亿,457.13万,819.73万,-362.60万,0.00,0.00,0.00,0.00,1.09亿
23,2020-02-03,1.13亿,221.79万,454.90万,-233.10万,0.00,0.00,0.02,-0.02,1.13亿
24,2020-01-23,1.15亿,336.61万,778.42万,-441.80万,0.02,0.00,0.00,0.00,1.15亿
25,2020-01-22,1.19亿,436.78万,650.00万,-213.22万,0.02,0.00,0.09,-0.09,1.19亿
26,2020-01-21,1.22亿,474.61万,492.09万,-17.49万,0.11,0.00,0.00,0.00,1.22亿
27,2020-01-20,1.22亿,404.67万,335.17万,69.50万,0.11,0.00,0.00,0.00,1.22亿
28,2020-01-17,1.21亿,417.67万,345.35万,72.31万,0.11,0.00,0.00,0.00,1.21亿
29,2020-01-16,1.20亿,439.41万,389.94万,49.47万,0.11,0.00,0.00,0.00,1.20亿
30,2020-01-15,1.20亿,539.33万,458.13万,81.20万,0.11,0.00,0.00,0.00,1.20亿
31,2020-01-14,1.19亿,1116.86万,980.63万,136.23万,0.11,0.00,0.00,0.00,1.19亿
32,2020-01-13,1.18亿,1027.65万,606.68万,420.97万,0.11,0.00,0.24,-0.24,1.18亿
33,2020-01-10,1.13亿,1342.74万,862.44万,480.30万,0.35,0.24,0.00,0.24,1.13亿
34,2020-01-09,1.09亿,1356.32万,1218.02万,138.30万,0.11,0.00,0.69,-0.69,1.09亿
35,2020-01-08,1.07亿,1904.23万,1650.31万,253.92万,0.80,0.69,0.00,0.69,1.07亿
36,2020-01-07,1.05亿,1418.13万,780.34万,637.79万,0.11,0.00,0.00,0.00,1.05亿
37,2020-01-06,9828.09万,471.29万,592.18万,-120.90万,0.11,0.00,0.00,0.00,9828.63万
38,2020-01-03,9948.99万,381.44万,176.47万,204.97万,0.11,0.00,0.00,0.00,9949.52万
39,2020-01-02,9744.02万,177.78万,113.45万,64.33万,0.11,0.00,0.00,0.00,9744.55万
40,2019-12-31,9679.69万,111.45万,196.68万,-85.23万,0.11,0.00,0.00,0.00,9680.21万
41,2019-12-30,9764.92万,415.94万,384.52万,31.42万,0.11,0.00,0.00,0.00,9765.44万
42,2019-12-27,9733.50万,354.43万,341.19万,13.25万,0.11,0.00,0.00,0.00,9734.02万
43,2019-12-26,9720.26万,296.48万,257.01万,39.47万,0.11,0.00,0.00,0.00,9720.78万
44,2019-12-25,9680.79万,415.86万,730.73万,-314.87万,0.11,0.00,0.00,0.00,9681.31万
45,2019-12-24,9995.66万,295.07万,201.99万,93.08万,0.11,0.00,0.00,0.00,9996.19万
46,2019-12-23,9902.58万,763.48万,486.44万,277.04万,0.11,0.00,0.00,0.00,9903.10万
47,2019-12-20,9625.55万,158.72万,171.57万,-12.86万,0.11,0.00,0.00,0.00,9626.06万
48,2019-12-19,9638.40万,139.60万,112.68万,26.92万,0.11,0.00,0.00,0.00,9638.92万
49,2019-12-18,9611.48万,252.69万,303.42万,-50.73万,0.11,0.00,0.00,0.00,9612.00万
50,2019-12-17,9662.21万,235.02万,229.18万,5.84万,0.11,0.00,0.69,-0.69,9662.73万
51,2019-12-16,9656.37万,231.97万,169.22万,62.75万,0.80,0.69,0.00,0.69,9660.15万
52,2019-12-13,9593.62万,346.31万,240.38万,105.93万,0.11,0.00,0.00,0.00,9594.13万
53,2019-12-12,9487.69万,207.66万,695.48万,-487.81万,0.11,0.00,0.00,0.00,9488.21万
54,2019-12-11,9975.50万,259.49万,190.23万,69.26万,0.11,0.00,0.00,0.00,9976.02万
55,2019-12-10,9906.24万,130.97万,124.59万,6.38万,0.11,0.00,0.00,0.00,9906.75万
56,2019-12-09,9899.86万,53.09万,133.38万,-80.29万,0.11,0.00,0.00,0.00,9900.37万
57,2019-12-06,9980.16万,30.14万,313.70万,-283.55万,0.11,0.00,0.00,0.00,9980.66万
58,2019-12-05,1.03亿,444.67万,117.85万,326.82万,0.11,0.00,0.00,0.00,1.03亿
59,2019-12-04,9936.89万,76.51万,54.07万,22.44万,0.11,0.00,0.00,0.00,9937.39万
60,2019-12-03,9914.45万,74.18万,63.84万,10.34万,0.11,0.09,0.00,0.09,9914.95万
61,2019-12-02,9904.10万,131.64万,109.70万,21.94万,0.02,0.00,0.25,-0.25,9904.19万
62,2019-11-29,9882.16万,35.81万,93.17万,-57.36万,0.27,0.00,0.00,0.00,9883.41万
63,2019-11-28,9939.52万,144.58万,265.80万,-121.22万,0.27,0.00,0.00,0.00,9940.77万
64,2019-11-27,1.01亿,121.49万,127.40万,-5.91万,0.27,0.00,0.00,0.00,1.01亿
65,2019-11-26,1.01亿,106.71万,96.75万,9.95万,0.27,0.00,0.00,0.00,1.01亿
66,2019-11-25,1.01亿,55.62万,25.55万,30.06万,0.27,0.00,0.00,0.00,1.01亿
67,2019-11-22,1.00亿,243.88万,63.14万,180.74万,0.27,0.00,0.00,0.00,1.00亿
68,2019-11-21,9845.90万,95.68万,12.51万,83.17万,0.27,0.00,0.00,0.00,9847.10万
69,2019-11-20,9762.73万,104.78万,88.14万,16.64万,0.27,0.00,0.00,0.00,9763.94万
70,2019-11-19,9746.09万,202.64万,262.30万,-59.66万,0.27,0.00,0.00,0.00,9747.32万
71,2019-11-18,9805.75万,73.41万,69.49万,3.92万,0.27,0.00,0.00,0.00,9806.98万
72,2019-11-15,9801.82万,74.16万,139.40万,-65.24万,0.27,0.00,0.00,0.00,9803.05万
73,2019-11-14,9867.06万,31.19万,75.72万,-44.53万,0.27,0.00,0.00,0.00,9868.29万
74,2019-11-13,9911.59万,19.08万,94.65万,-75.57万,0.27,0.00,0.00,0.00,9912.81万
75,2019-11-12,9987.16万,25.54万,78.16万,-52.63万,0.27,0.00,0.00,0.00,9988.37万
76,2019-11-11,1.00亿,105.59万,121.80万,-16.21万,0.27,0.25,0.00,0.25,1.00亿
77,2019-11-08,1.01亿,120.70万,142.46万,-21.75万,0.02,0.00,0.00,0.00,1.01亿
78,2019-11-07,1.01亿,29.12万,73.50万,-44.38万,0.02,0.00,0.00,0.00,1.01亿
79,2019-11-06,1.01亿,249.53万,77.50万,172.03万,0.02,0.00,0.78,-0.78,1.01亿
80,2019-11-05,9950.10万,168.65万,249.74万,-81.09万,0.80,0.78,0.00,0.78,9953.73万
81,2019-11-04,1.00亿,23.45万,347.14万,-323.69万,0.02,0.00,0.00,0.00,1.00亿
82,2019-11-01,1.04亿,347.33万,312.93万,34.40万,0.02,0.00,0.00,0.00,1.04亿
83,2019-10-31,1.03亿,424.63万,108.10万,316.53万,0.02,0.00,0.00,0.00,1.03亿
84,2019-10-30,1.00亿,265.89万,66.99万,198.90万,0.02,0.00,0.00,0.00,1.00亿
85,2019-10-29,9805.04万,17.55万,23.06万,-5.50万,0.02,0.00,0.00,0.00,9805.13万
86,2019-10-28,9810.54万,89.96万,94.88万,-4.92万,0.02,0.00,0.00,0.00,9810.63万
87,2019-10-25,9815.47万,145.35万,25.75万,119.59万,0.02,0.00,0.78,-0.78,9815.56万
88,2019-10-24,9695.87万,0.40万,29.87万,-29.47万,0.80,0.00,0.00,0.00,9699.46万
89,2019-10-23,9725.34万,27.33万,26.09万,1.25万,0.80,0.00,0.00,0.00,9728.92万
90,2019-10-22,9724.10万,14.17万,70.24万,-56.08万,0.80,0.00,0.00,0.00,9727.70万
91,2019-10-21,9780.18万,53.25万,227.03万,-173.78万,0.80,0.78,0.00,0.78,9783.75万
92,2019-10-18,9953.96万,160.24万,656.47万,-496.23万,0.02,0.00,0.00,0.00,9954.05万
93,2019-10-17,1.05亿,39.94万,80.33万,-40.39万,0.02,0.00,0.00,0.00,1.05亿
94,2019-10-16,1.05亿,69.46万,243.34万,-173.88万,0.02,0.00,0.00,0.00,1.05亿
95,2019-10-15,1.07亿,79.57万,83.47万,-3.90万,0.02,0.00,0.00,0.00,1.07亿
96,2019-10-14,1.07亿,226.49万,354.54万,-128.05万,0.02,0.00,0.00,0.00,1.07亿
97,2019-10-11,1.08亿,197.74万,130.80万,66.94万,0.02,0.00,0.00,0.00,1.08亿
98,2019-10-10,1.07亿,380.62万,294.43万,86.19万,0.02,0.00,0.00,0.00,1.07亿
99,2019-10-09,1.06亿,266.27万,164.86万,101.41万,0.02,0.00,0.00,0.00,1.06亿
100,2019-10-08,1.05亿,339.71万,147.10万,192.61万,0.02,0.00,0.00,0.00,1.05亿
101,2019-09-30,1.03亿,187.57万,159.02万,28.55万,0.02,0.00,0.00,0.00,1.03亿
102,2019-09-27,1.03亿,258.88万,56.71万,202.17万,0.02,0.00,0.00,0.00,1.03亿
103,2019-09-26,1.01亿,459.21万,287.61万,171.59万,0.02,0.00,0.00,0.00,1.01亿
104,2019-09-25,9946.95万,75.86万,332.07万,-256.21万,0.02,0.00,0.00,0.00,9947.05万
105,2019-09-24,1.02亿,317.26万,86.91万,230.35万,0.02,0.00,0.00,0.00,1.02亿
106,2019-09-23,9972.81万,361.41万,137.67万,223.73万,0.02,0.00,0.00,0.00,9972.90万
107,2019-09-20,9749.07万,390.42万,184.16万,206.26万,0.02,0.00,0.00,0.00,9749.17万
108,2019-09-19,9542.81万,219.90万,300.65万,-80.75万,0.02,0.00,0.00,0.00,9542.91万
109,2019-09-18,9623.56万,107.48万,472.34万,-364.85万,0.02,0.00,0.00,0.00,9623.66万
110,2019-09-17,9988.41万,536.90万,576.22万,-39.32万,0.02,0.00,0.00,0.00,9988.51万
111,2019-09-16,1.00亿,60.88万,161.20万,-100.32万,0.02,0.00,0.00,0.00,1.00亿
112,2019-09-12,1.01亿,164.22万,123.81万,40.42万,0.02,0.00,0.00,0.00,1.01亿
113,2019-09-11,1.01亿,124.61万,176.17万,-51.56万,0.02,0.00,0.00,0.00,1.01亿
114,2019-09-10,1.01亿,155.48万,83.64万,71.85万,0.02,0.00,0.00,0.00,1.01亿
115,2019-09-09,1.01亿,87.92万,112.44万,-24.52万,0.02,0.00,0.00,0.00,1.01亿
116,2019-09-06,1.01亿,244.37万,209.44万,34.93万,0.02,0.00,0.00,0.00,1.01亿
117,2019-09-05,1.01亿,348.32万,151.33万,197.00万,0.02,0.00,0.00,0.00,1.01亿
118,2019-09-04,9859.94万,51.38万,137.44万,-86.05万,0.02,0.00,0.00,0.00,9860.03万
119,2019-09-03,9945.99万,56.01万,81.96万,-25.95万,0.02,0.00,0.00,0.00,9946.09万
120,2019-09-02,9971.94万,45.54万,190.95万,-145.41万,0.02,0.00,0.00,0.00,9972.03万
121,2019-08-30,1.01亿,79.53万,46.14万,33.40万,0.02,0.00,0.00,0.00,1.01亿
122,2019-08-29,1.01亿,99.11万,61.06万,38.06万,0.02,0.00,0.68,-0.68,1.01亿
123,2019-08-28,1.00亿,102.47万,176.35万,-73.88万,0.70,0.00,0.00,0.00,1.00亿
124,2019-08-27,1.01亿,101.54万,239.16万,-137.62万,0.70,0.00,0.00,0.00,1.01亿
125,2019-08-26,1.03亿,112.55万,181.91万,-69.36万,0.70,0.68,0.10,0.58,1.03亿
126,2019-08-23,1.03亿,20.15万,49.48万,-29.33万,0.12,0.10,0.00,0.10,1.03亿
127,2019-08-22,1.04亿,239.43万,479.01万,-239.58万,0.02,0.00,0.00,0.00,1.04亿
128,2019-08-21,1.06亿,71.71万,72.95万,-1.24万,0.02,0.00,0.00,0.00,1.06亿
129,2019-08-20,1.06亿,142.00万,73.27万,68.74万,0.02,0.00,0.00,0.00,1.06亿
130,2019-08-19,1.05亿,84.20万,89.19万,-4.99万,0.02,0.00,0.00,0.00,1.05亿
131,2019-08-16,1.05亿,114.44万,43.05万,71.38万,0.02,0.00,0.53,-0.53,1.05亿
132,2019-08-15,1.05亿,103.62万,50.50万,53.12万,0.55,0.53,0.25,0.28,1.05亿
133,2019-08-14,1.04亿,15.70万,23.45万,-7.75万,0.27,0.25,0.22,0.03,1.04亿
134,2019-08-13,1.04亿,59.15万,32.18万,26.96万,0.24,0.00,0.00,0.00,1.04亿
135,2019-08-12,1.04亿,27.75万,58.19万,-30.44万,0.24,0.00,0.00,0.00,1.04亿
136,2019-08-09,1.04亿,45.47万,66.64万,-21.17万,0.24,0.00,0.00,0.00,1.04亿
137,2019-08-08,1.04亿,42.27万,7.01万,35.26万,0.24,0.00,0.00,0.00,1.04亿
138,2019-08-07,1.04亿,56.25万,8.54万,47.71万,0.24,0.00,0.00,0.00,1.04亿
139,2019-08-06,1.04亿,8.97万,154.59万,-145.62万,0.24,0.00,0.00,0.00,1.04亿
140,2019-08-05,1.05亿,20.35万,29.55万,-9.20万,0.24,0.02,0.00,0.02,1.05亿
141,2019-08-02,1.05亿,22.03万,57.32万,-35.29万,0.22,0.22,0.00,0.22,1.05亿
142,2019-08-01,1.05亿,15.90万,66.14万,-50.24万,0.00,0.00,0.00,0.00,1.05亿
143,2019-07-31,1.06亿,40.57万,75.87万,-35.29万,0.00,0.00,0.00,0.00,1.06亿
144,2019-07-30,1.06亿,20.02万,78.64万,-58.61万,0.00,0.00,0.78,-0.78,1.06亿
145,2019-07-29,1.07亿,133.59万,231.79万,-98.20万,0.78,0.78,0.00,0.78,1.07亿
146,2019-07-26,1.08亿,12.72万,37.84万,-25.12万,0.00,0.00,0.00,0.00,1.08亿
147,2019-07-25,1.08亿,39.46万,194.45万,-154.99万,0.00,0.00,0.48,-0.48,1.08亿
148,2019-07-24,1.10亿,43.73万,42.93万,0.80万,0.48,0.48,0.30,0.18,1.10亿
149,2019-07-23,1.10亿,11.38万,52.78万,-41.40万,0.30,0.00,0.22,-0.22,1.10亿
150,2019-07-22,1.10亿,41.72万,41.02万,0.70万,0.52,0.22,0.00,0.22,1.10亿
151,2019-07-19,1.10亿,145.44万,55.11万,90.33万,0.30,0.00,0.01,-0.01,1.10亿
152,2019-07-18,1.09亿,16.42万,42.99万,-26.57万,0.31,0.00,0.00,0.00,1.09亿
153,2019-07-17,1.09亿,10.48万,43.16万,-32.69万,0.31,0.30,0.00,0.30,1.09亿
154,2019-07-16,1.10亿,33.00万,149.51万,-116.51万,0.01,0.00,0.48,-0.48,1.10亿
155,2019-07-15,1.11亿,86.53万,104.88万,-18.34万,0.49,0.01,0.30,-0.29,1.11亿
156,2019-07-12,1.11亿,56.20万,201.95万,-145.76万,0.78,0.00,0.00,0.00,1.11亿
157,2019-07-11,1.13亿,39.12万,133.03万,-93.92万,0.78,0.48,0.00,0.48,1.13亿
158,2019-07-10,1.14亿,185.64万,134.99万,50.65万,0.30,0.00,0.00,0.00,1.14亿
159,2019-07-09,1.13亿,148.64万,140.07万,8.57万,0.30,0.00,0.00,0.00,1.13亿
160,2019-07-08,1.13亿,163.87万,78.62万,85.25万,0.30,0.00,0.00,0.00,1.13亿
161,2019-07-05,1.12亿,87.36万,212.95万,-125.60万,0.30,0.00,0.00,0.00,1.12亿
162,2019-07-04,1.13亿,73.65万,45.99万,27.65万,0.30,0.00,0.00,0.00,1.13亿
163,2019-07-03,1.13亿,67.08万,181.92万,-114.85万,0.30,0.00,0.00,0.00,1.13亿
164,2019-07-02,1.14亿,50.10万,208.80万,-158.70万,0.30,0.00,0.00,0.00,1.14亿
165,2019-07-01,1.16亿,264.69万,190.40万,74.29万,0.30,0.00,0.00,0.00,1.16亿
166,2019-06-28,1.15亿,156.00万,430.46万,-274.46万,0.30,0.00,0.00,0.00,1.15亿
167,2019-06-27,1.18亿,44.34万,88.64万,-44.30万,0.30,0.00,0.00,0.00,1.18亿
168,2019-06-26,1.18亿,12.95万,55.55万,-42.60万,0.30,0.00,0.00,0.00,1.18亿
169,2019-06-25,1.19亿,257.38万,245.39万,11.99万,0.30,0.30,0.00,0.30,1.19亿
170,2019-06-24,1.19亿,145.74万,191.36万,-45.61万,0.00,0.00,0.00,0.00,1.19亿
171,2019-06-21,1.19亿,149.90万,398.76万,-248.86万,0.00,0.00,0.00,0.00,1.19亿
172,2019-06-20,1.22亿,111.89万,612.19万,-500.30万,0.00,0.00,0.00,0.00,1.22亿
173,2019-06-19,1.27亿,75.48万,93.02万,-17.55万,0.00,0.00,0.00,0.00,1.27亿
174,2019-06-18,1.27亿,89.42万,83.52万,5.90万,0.00,0.00,0.78,-0.78,1.27亿
175,2019-06-17,1.27亿,47.24万,57.58万,-10.35万,0.78,0.78,0.00,0.78,1.27亿
176,2019-06-14,1.27亿,106.00万,93.24万,12.76万,0.00,0.00,0.00,0.00,1.27亿
177,2019-06-13,1.27亿,154.18万,79.92万,74.26万,0.00,0.00,0.00,0.00,1.27亿
178,2019-06-12,1.26亿,50.81万,301.75万,-250.94万,0.00,0.00,0.02,-0.02,1.26亿
179,2019-06-11,1.28亿,138.72万,204.36万,-65.64万,0.02,0.02,0.20,-0.18,1.28亿
180,2019-06-10,1.29亿,84.73万,41.59万,43.14万,0.20,0.00,0.00,0.00,1.29亿
181,2019-06-06,1.29亿,142.98万,215.18万,-72.20万,0.20,0.00,0.02,-0.02,1.29亿
182,2019-06-05,1.29亿,20.87万,132.74万,-111.88万,0.22,0.00,0.00,0.00,1.29亿
183,2019-06-04,1.30亿,92.34万,230.71万,-138.37万,0.22,0.00,0.00,0.00,1.30亿
184,2019-06-03,1.32亿,180.89万,46.51万,134.38万,0.22,0.00,0.00,0.00,1.32亿
185,2019-05-31,1.30亿,326.62万,651.84万,-325.21万,0.22,0.00,0.78,-0.78,1.30亿
186,2019-05-30,1.34亿,619.12万,146.77万,472.34万,1.00,0.00,0.00,0.00,1.34亿
187,2019-05-29,1.29亿,187.75万,233.77万,-46.02万,1.00,0.00,0.00,0.00,1.29亿
188,2019-05-28,1.29亿,156.80万,327.26万,-170.46万,1.00,0.00,0.00,0.00,1.30亿
189,2019-05-27,1.31亿,715.27万,422.26万,293.01万,1.00,0.02,0.00,0.02,1.31亿
190,2019-05-24,1.28亿,386.87万,498.88万,-112.02万,0.98,0.00,0.02,-0.02,1.28亿
191,2019-05-23,1.29亿,246.48万,453.02万,-206.54万,1.00,0.00,0.00,0.00,1.29亿
192,2019-05-22,1.31亿,148.67万,415.71万,-267.04万,1.00,0.00,0.00,0.00,1.31亿
193,2019-05-21,1.34亿,271.93万,123.13万,148.80万,1.00,0.00,0.00,0.00,1.34亿
194,2019-05-20,1.33亿,181.12万,628.27万,-447.15万,1.00,0.00,0.00,0.00,1.33亿
195,2019-05-17,1.37亿,348.01万,303.77万,44.24万,1.00,0.00,0.00,0.00,1.37亿
196,2019-05-16,1.37亿,219.62万,314.87万,-95.25万,1.00,0.01,0.00,0.01,1.37亿
197,2019-05-15,1.38亿,387.13万,181.96万,205.17万,0.99,0.00,0.00,0.00,1.38亿
198,2019-05-14,1.36亿,619.75万,521.33万,98.43万,0.99,0.00,0.00,0.00,1.36亿
199,2019-05-13,1.35亿,624.41万,417.69万,206.73万,0.99,0.78,0.00,0.78,1.35亿
200,2019-05-10,1.32亿,616.69万,557.43万,59.26万,0.21,0.00,0.00,0.00,1.32亿
201,2019-05-09,1.32亿,310.08万,326.28万,-16.20万,0.21,0.19,0.00,0.19,1.32亿
202,2019-05-08,1.32亿,601.22万,861.06万,-259.84万,0.02,0.00,0.20,-0.20,1.32亿
203,2019-05-07,1.35亿,803.97万,602.28万,201.69万,0.22,0.20,0.00,0.20,1.35亿
204,2019-05-06,1.33亿,1136.29万,1388.34万,-252.05万,0.02,0.00,0.78,-0.78,1.33亿
205,2019-04-30,1.35亿,451.95万,1383.39万,-931.44万,0.80,0.78,0.00,0.78,1.35亿
206,2019-04-29,1.44亿,696.86万,806.76万,-109.90万,0.02,0.00,0.00,0.00,1.44亿
207,2019-04-26,1.46亿,471.68万,770.36万,-298.68万,0.02,0.00,0.00,0.00,1.46亿
208,2019-04-25,1.49亿,1530.84万,1351.69万,179.15万,0.02,0.00,0.01,-0.01,1.49亿
209,2019-04-24,1.47亿,682.46万,1064.24万,-381.78万,0.03,0.00,0.00,0.00,1.47亿
210,2019-04-23,1.51亿,1589.93万,939.05万,650.88万,0.03,0.00,0.00,0.00,1.51亿
211,2019-04-22,1.44亿,2395.14万,1062.29万,1332.85万,0.03,0.00,0.77,-0.77,1.44亿
212,2019-04-19,1.31亿,1513.68万,1413.92万,99.76万,0.80,0.00,0.00,0.00,1.31亿
213,2019-04-18,1.30亿,2939.60万,2651.29万,288.31万,0.80,0.00,0.00,0.00,1.30亿
214,2019-04-17,1.27亿,2243.77万,2352.90万,-109.13万,0.80,0.00,0.00,0.00,1.27亿
215,2019-04-16,1.28亿,2042.64万,1908.54万,134.10万,0.80,0.77,0.00,0.77,1.28亿
216,2019-04-15,1.27亿,2322.36万,3686.19万,-1363.83万,0.03,0.00,0.00,0.00,1.27亿
217,2019-04-12,1.40亿,4612.47万,3094.56万,1517.92万,0.03,0.00,0.77,-0.77,1.40亿
218,2019-04-11,1.25亿,2554.78万,2216.88万,337.91万,0.80,0.77,0.00,0.77,1.25亿
219,2019-04-10,1.22亿,1822.79万,1541.34万,281.45万,0.03,0.00,0.00,0.00,1.22亿
220,2019-04-09,1.19亿,1706.40万,1223.94万,482.45万,0.03,0.00,0.00,0.00,1.19亿
221,2019-04-08,1.14亿,1207.64万,1119.43万,88.22万,0.03,0.00,0.00,0.00,1.14亿
222,2019-04-04,1.13亿,805.88万,1280.70万,-474.82万,0.03,0.01,0.00,0.01,1.13亿
223,2019-04-03,1.18亿,1407.98万,898.58万,509.40万,0.02,0.00,0.00,0.00,1.18亿
224,2019-04-02,1.13亿,1481.51万,673.96万,807.55万,0.02,0.00,0.00,0.00,1.13亿
225,2019-04-01,1.05亿,1638.88万,935.97万,702.91万,0.02,0.00,0.00,0.00,1.05亿
226,2019-03-29,9772.21万,653.61万,1256.38万,-602.77万,0.02,0.00,0.78,-0.78,9772.31万
227,2019-03-28,1.04亿,313.72万,676.26万,-362.54万,0.80,0.00,0.00,0.00,1.04亿
228,2019-03-27,1.07亿,477.52万,556.22万,-78.70万,0.80,0.78,0.00,0.78,1.07亿
229,2019-03-26,1.08亿,600.08万,1043.31万,-443.23万,0.02,0.00,0.00,0.00,1.08亿
230,2019-03-25,1.13亿,2016.81万,951.10万,1065.71万,0.02,0.00,0.00,0.00,1.13亿
231,2019-03-22,1.02亿,1041.17万,579.10万,462.07万,0.02,0.00,0.00,0.00,1.02亿
232,2019-03-21,9731.67万,601.10万,795.76万,-194.65万,0.02,0.00,0.00,0.00,9731.77万
233,2019-03-20,9926.32万,748.81万,690.16万,58.65万,0.02,0.00,0.00,0.00,9926.43万
234,2019-03-19,9867.68万,696.55万,1281.84万,-585.30万,0.02,0.00,0.00,0.00,9867.78万
235,2019-03-18,1.05亿,796.23万,1003.99万,-207.77万,0.02,0.00,0.00,0.00,1.05亿
236,2019-03-15,1.07亿,245.19万,646.87万,-401.68万,0.02,0.00,0.00,0.00,1.07亿
237,2019-03-14,1.11亿,802.47万,2628.26万,-1825.79万,0.02,0.00,0.00,0.00,1.11亿
238,2019-03-13,1.29亿,1207.09万,1748.80万,-541.71万,0.02,0.00,0.00,0.00,1.29亿
239,2019-03-12,1.34亿,2166.05万,1607.34万,558.70万,0.02,0.00,0.00,0.00,1.34亿
240,2019-03-11,1.29亿,1857.84万,1923.99万,-66.14万,0.02,0.00,0.00,0.00,1.29亿
241,2019-03-08,1.29亿,1583.07万,1448.46万,134.61万,0.02,0.00,0.00,0.00,1.29亿
242,2019-03-07,1.28亿,1253.30万,1504.67万,-251.37万,0.02,0.00,0.00,0.00,1.28亿
243,2019-03-06,1.31亿,1871.13万,1629.37万,241.76万,0.02,0.00,0.00,0.00,1.31亿
244,2019-03-05,1.28亿,1806.79万,951.67万,855.12万,0.02,0.00,0.00,0.00,1.28亿
245,2019-03-04,1.20亿,1643.90万,1065.76万,578.14万,0.02,0.00,0.00,0.00,1.20亿
246,2019-03-01,1.14亿,378.83万,646.74万,-267.91万,0.02,0.00,0.00,0.00,1.14亿
247,2019-02-28,1.16亿,625.95万,452.82万,173.12万,0.02,0.00,0.00,0.00,1.16亿
248,2019-02-27,1.15亿,1356.47万,1114.13万,242.34万,0.02,0.00,0.00,0.00,1.15亿
249,2019-02-26,1.12亿,1698.45万,1649.77万,48.68万,0.02,0.00,0.00,0.00,1.12亿
250,2019-02-25,1.12亿,2162.92万,2046.84万,116.08万,0.02,0.00,0.00,0.00,1.12亿
251,2019-02-22,1.11亿,1669.54万,1113.70万,555.84万,0.02,0.00,0.00,0.00,1.11亿
252,2019-02-21,1.05亿,1214.21万,945.89万,268.32万,0.02,0.00,0.00,0.00,1.05亿
253,2019-02-20,1.02亿,2443.32万,1448.18万,995.15万,0.02,0.00,0.00,0.00,1.02亿
254,2019-02-19,9247.46万,2112.01万,2595.94万,-483.93万,0.02,0.00,0.00,0.00,9247.56万
255,2019-02-18,9731.39万,1339.22万,776.50万,562.72万,0.02,0.00,0.00,0.00,9731.48万
256,2019-02-15,9168.67万,329.93万,185.24万,144.69万,0.02,0.00,0.00,0.00,9168.75万
257,2019-02-14,9023.99万,515.97万,127.10万,388.87万,0.02,0.00,0.00,0.00,9024.07万
258,2019-02-13,8635.12万,278.43万,373.38万,-94.96万,0.02,0.00,0.00,0.00,8635.20万
259,2019-02-12,8730.08万,434.91万,431.63万,3.28万,0.02,0.00,0.00,0.00,8730.16万
260,2019-02-11,8726.79万,371.34万,169.61万,201.72万,0.02,0.00,0.00,0.00,8726.87万
261,2019-02-01,8525.07万,154.53万,360.96万,-206.43万,0.02,0.00,0.00,0.00,8525.15万
262,2019-01-31,8731.50万,197.83万,397.14万,-199.31万,0.02,0.00,0.00,0.00,8731.58万
263,2019-01-30,8930.81万,83.59万,85.99万,-2.40万,0.02,0.00,0.00,0.00,8930.89万
264,2019-01-29,8933.21万,140.62万,260.69万,-120.06万,0.02,0.00,2.00,-2.00,8933.29万
265,2019-01-28,9053.27万,187.11万,119.33万,67.78万,2.02,0.00,2.00,-2.00,9061.11万
266,2019-01-25,8985.49万,129.44万,164.64万,-35.21万,4.02,0.00,0.00,0.00,9001.53万
267,2019-01-24,9020.70万,121.35万,78.03万,43.32万,4.02,0.00,0.00,0.00,9036.78万
268,2019-01-23,8977.38万,96.24万,215.53万,-119.29万,4.02,0.00,0.00,0.00,8993.54万
269,2019-01-22,9096.67万,52.57万,279.40万,-226.83万,4.02,0.00,2.89,-2.89,9112.59万
270,2019-01-21,9323.50万,214.08万,259.91万,-45.82万,6.91,0.00,1.12,-1.12,9351.14万
271,2019-01-18,9369.32万,75.67万,251.52万,-175.85万,8.03,0.00,0.00,0.00,9401.68万
272,2019-01-17,9545.17万,457.45万,120.48万,336.97万,8.03,0.00,1.54,-1.54,9576.89万
273,2019-01-16,9208.20万,87.80万,99.66万,-11.85万,9.57,0.00,0.00,0.00,9246.86万
274,2019-01-15,9220.05万,193.01万,236.28万,-43.27万,9.57,0.00,0.44,-0.44,9258.62万
275,2019-01-14,9263.32万,28.85万,88.42万,-59.57万,10.01,0.00,0.00,0.00,9303.46万
276,2019-01-11,9322.90万,78.17万,301.42万,-223.25万,10.01,1.83,0.89,0.94,9363.24万
277,2019-01-10,9546.15万,406.14万,262.37万,143.77万,9.07,2.78,1.93,0.85,9582.16万
278,2019-01-09,9402.38万,467.83万,466.81万,1.02万,8.22,3.21,3.28,-0.07,9435.34万
279,2019-01-08,9401.36万,73.20万,299.97万,-226.78万,8.29,0.84,3.16,-2.32,9434.18万
280,2019-01-07,9628.13万,199.01万,159.74万,39.27万,10.61,7.36,0.00,7.36,9669.62万
281,2019-01-04,9588.86万,362.85万,359.86万,2.98万,3.25,2.36,7.21,-4.85,9601.31万
282,2019-01-03,9585.88万,151.46万,34.28万,117.18万,8.10,0.00,0.00,0.00,9615.68万
283,2019-01-02,9468.70万,61.25万,55.61万,5.64万,8.10,0.00,0.00,0.00,9498.59万
284,2018-12-28,9463.06万,70.11万,173.04万,-102.93万,8.10,0.00,1.83,-1.83,9493.11万
285,2018-12-27,9565.99万,148.62万,164.92万,-16.30万,9.93,1.31,0.00,1.31,9603.23万
286,2018-12-26,9582.29万,194.16万,99.29万,94.86万,8.62,0.16,2.88,-2.72,9614.61万
287,2018-12-25,9487.43万,141.60万,252.82万,-111.22万,11.34,0.36,0.00,0.36,9529.72万
288,2018-12-24,9598.65万,58.45万,93.80万,-35.35万,10.98,0.00,0.00,0.00,9641.03万
289,2018-12-21,9634.00万,60.76万,53.73万,7.02万,10.98,0.00,0.52,-0.52,9675.39万
290,2018-12-20,9626.97万,158.48万,85.18万,73.30万,11.50,0.52,0.00,0.52,9670.79万
291,2018-12-19,9553.68万,138.38万,178.47万,-40.08万,10.98,7.21,0.00,7.21,9595.62万
292,2018-12-18,9593.76万,220.14万,320.72万,-100.58万,3.77,0.00,7.73,-7.73,9608.54万
293,2018-12-17,9694.34万,302.30万,254.01万,48.29万,11.50,7.68,0.00,7.68,9740.57万
294,2018-12-14,9646.05万,270.25万,288.48万,-18.23万,3.82,0.05,7.09,-7.04,9661.03万
295,2018-12-13,9664.29万,254.75万,492.10万,-237.36万,10.86,2.35,0.64,1.71,9708.38万
296,2018-12-12,9901.65万,385.06万,547.94万,-162.88万,9.15,1.64,0.00,1.64,9938.80万
297,2018-12-11,1.01亿,191.63万,107.77万,83.86万,7.51,0.00,2.31,-2.31,1.01亿
298,2018-12-10,9980.67万,158.31万,83.16万,75.15万,9.82,1.64,0.00,1.64,1.00亿
299,2018-12-07,9905.52万,337.25万,213.86万,123.38万,8.18,0.00,0.34,-0.34,9938.65万
300,2018-12-06,9782.14万,465.12万,400.56万,64.56万,8.52,0.34,2.58,-2.24,9816.64万
301,2018-12-05,9717.58万,678.36万,679.25万,-0.88万,10.76,3.25,0.74,2.51,9762.23万
302,2018-12-04,9718.46万,212.34万,381.61万,-169.27万,8.25,0.74,0.00,0.74,9752.04万
303,2018-12-03,9887.73万,357.52万,343.41万,14.12万,7.51,3.74,0.25,3.49,9917.62万
304,2018-11-30,9873.61万,263.14万,299.86万,-36.72万,4.02,0.00,3.86,-3.86,9888.89万
305,2018-11-29,9910.33万,267.61万,183.03万,84.58万,7.88,3.29,1.62,1.67,9940.27万
306,2018-11-28,9825.75万,229.47万,214.33万,15.14万,6.21,1.19,0.01,1.18,9850.03万
307,2018-11-27,9810.61万,87.98万,182.18万,-94.20万,5.03,0.50,1.09,-0.59,9830.38万
308,2018-11-26,9904.81万,240.75万,136.22万,104.52万,5.62,5.12,0.75,4.37,9926.68万
309,2018-11-23,9800.29万,240.61万,397.89万,-157.28万,1.25,1.00,7.39,-6.39,9805.17万
310,2018-11-22,9957.57万,361.40万,138.14万,223.26万,7.64,7.39,0.20,7.19,9989.28万
311,2018-11-21,9734.31万,203.05万,285.51万,-82.47万,0.45,0.10,3.63,-3.53,9736.14万
312,2018-11-20,9816.78万,340.04万,730.52万,-390.47万,3.98,3.62,7.52,-3.90,9832.94万
313,2018-11-19,1.02亿,797.33万,365.11万,432.22万,7.88,1.70,3.00,-1.30,1.02亿
314,2018-11-16,9775.03万,783.41万,935.69万,-152.28万,9.18,6.10,0.00,6.10,9813.13万
315,2018-11-15,9927.31万,504.91万,518.44万,-13.53万,3.08,2.83,18.42,-15.59,9939.85万
316,2018-11-14,9940.84万,1030.41万,905.91万,124.50万,18.67,17.42,2.00,15.42,1.00亿
317,2018-11-13,9816.35万,615.25万,472.97万,142.28万,3.25,0.00,0.00,0.00,9829.31万
318,2018-11-12,9674.06万,653.51万,406.60万,246.91万,3.25,0.00,1.14,-1.14,9686.80万
319,2018-11-09,9427.16万,183.25万,231.88万,-48.63万,4.39,0.84,0.30,0.54,9444.01万
320,2018-11-08,9475.79万,236.94万,102.86万,134.07万,3.85,3.30,0.00,3.30,9490.69万
321,2018-11-07,9341.71万,242.85万,236.12万,6.73万,0.55,0.00,14.34,-14.34,9343.83万
322,2018-11-06,9334.99万,189.63万,167.97万,21.66万,14.89,14.34,0.20,14.14,9392.31万
323,2018-11-05,9313.33万,353.80万,267.32万,86.48万,0.75,0.20,0.00,0.20,9316.22万
324,2018-11-02,9226.85万,242.28万,328.95万,-86.67万,0.55,0.00,1.30,-1.30,9228.98万
325,2018-11-01,9313.52万,371.95万,260.04万,111.91万,1.85,0.00,1.83,-1.83,9320.50万
326,2018-10-31,9201.62万,460.54万,577.04万,-116.50万,3.68,3.13,0.00,3.13,9215.49万
327,2018-10-30,9318.11万,190.56万,81.32万,109.25万,0.55,0.00,2.24,-2.24,9320.13万
328,2018-10-29,9208.87万,128.80万,405.62万,-276.82万,2.79,2.24,0.00,2.24,9219.02万
329,2018-10-26,9485.69万,649.16万,337.25万,311.91万,0.55,0.00,20.94,-20.94,9487.79万
330,2018-10-25,9173.78万,531.25万,633.67万,-102.42万,21.49,20.94,0.00,20.94,9258.03万
331,2018-10-24,9276.20万,95.37万,110.94万,-15.58万,0.55,0.00,1.60,-1.60,9278.19万
332,2018-10-23,9291.77万,125.62万,168.55万,-42.93万,2.15,1.60,0.00,1.60,9299.57万
333,2018-10-22,9334.71万,384.22万,266.87万,117.36万,0.55,0.00,0.00,0.00,9336.76万
334,2018-10-19,9217.35万,60.25万,118.58万,-58.32万,0.55,0.00,1.94,-1.94,9219.29万
335,2018-10-18,9275.67万,23.11万,150.82万,-127.71万,2.49,1.00,7.12,-6.12,9284.19万
336,2018-10-17,9403.39万,209.19万,118.96万,90.23万,8.61,4.36,0.00,4.36,9432.99万
337,2018-10-16,9313.15万,79.40万,174.61万,-95.22万,4.25,2.98,0.55,2.43,9327.63万
338,2018-10-15,9408.37万,71.00万,82.02万,-11.01万,1.82,0.55,0.00,0.55,9414.84万
339,2018-10-12,9419.38万,91.48万,182.75万,-91.27万,1.27,0.97,1.22,-0.26,9424.04万
340,2018-10-11,9510.65万,222.76万,774.31万,-551.56万,1.52,0.34,0.00,0.34,9516.40万
341,2018-10-10,1.01亿,123.89万,46.79万,77.10万,1.18,0.88,0.00,0.88,1.01亿
342,2018-10-09,9985.10万,76.46万,87.15万,-10.68万,0.30,0.00,0.75,-0.75,9986.35万
343,2018-10-08,9995.79万,196.54万,84.07万,112.47万,1.05,0.75,0.00,0.75,1.00亿
344,2018-09-28,9883.31万,50.67万,462.02万,-411.35万,0.30,0.00,0.00,0.00,9884.59万
345,2018-09-27,1.03亿,233.85万,199.12万,34.72万,0.30,0.00,1.22,-1.22,1.03亿
346,2018-09-26,1.03亿,260.06万,527.75万,-267.69万,1.52,1.22,0.00,1.22,1.03亿
347,2018-09-25,1.05亿,133.17万,176.98万,-43.81万,0.30,0.00,17.58,-17.58,1.05亿
348,2018-09-21,1.06亿,845.71万,582.82万,262.89万,17.88,17.58,0.00,17.58,1.06亿
349,2018-09-20,1.03亿,121.51万,482.86万,-361.35万,0.30,0.00,0.00,0.00,1.03亿
350,2018-09-19,1.07亿,706.49万,199.66万,506.83万,0.30,0.00,0.00,0.00,1.07亿
351,2018-09-18,1.02亿,282.01万,187.99万,94.03万,0.30,0.00,0.00,0.00,1.02亿
352,2018-09-17,1.01亿,45.58万,95.27万,-49.70万,0.30,0.00,0.00,0.00,1.01亿
353,2018-09-14,1.01亿,79.87万,91.43万,-11.56万,0.30,0.00,0.00,0.00,1.01亿
354,2018-09-13,1.01亿,112.53万,82.85万,29.68万,0.30,0.00,0.00,0.00,1.01亿
355,2018-09-12,1.01亿,9.12万,81.95万,-72.84万,0.30,0.00,0.00,0.00,1.01亿
356,2018-09-11,1.02亿,39.27万,194.30万,-155.03万,0.30,0.00,0.00,0.00,1.02亿
357,2018-09-10,1.03亿,138.38万,239.64万,-101.27万,0.30,0.30,0.00,0.30,1.03亿
358,2018-09-07,1.04亿,46.99万,77.80万,-30.81万,0.00,0.00,0.00,0.00,1.04亿
359,2018-09-06,1.05亿,57.58万,91.02万,-33.44万,0.00,0.00,6.06,-6.06,1.05亿
360,2018-09-05,1.05亿,65.83万,63.80万,2.03万,6.06,6.01,0.00,6.01,1.05亿
361,2018-09-04,1.05亿,112.87万,177.42万,-64.55万,0.05,0.05,0.07,-0.02,1.05亿
362,2018-09-03,1.06亿,144.95万,248.65万,-103.70万,0.07,0.07,0.09,-0.02,1.06亿
363,2018-08-31,1.07亿,97.71万,256.82万,-159.11万,0.09,0.09,0.46,-0.37,1.07亿
364,2018-08-30,1.08亿,185.28万,144.84万,40.45万,0.46,0.02,0.00,0.02,1.08亿
365,2018-08-29,1.08亿,147.71万,167.21万,-19.50万,0.44,0.00,0.00,0.00,1.08亿
366,2018-08-28,1.08亿,150.67万,75.15万,75.52万,0.44,0.00,0.00,0.00,1.08亿
367,2018-08-27,1.07亿,110.89万,73.64万,37.25万,0.44,0.00,5.99,-5.99,1.07亿
368,2018-08-24,1.07亿,33.30万,135.51万,-102.21万,6.43,0.01,3.37,-3.36,1.07亿
369,2018-08-23,1.08亿,15.65万,50.41万,-34.76万,9.79,0.00,0.00,0.00,1.08亿
370,2018-08-22,1.08亿,17.81万,95.37万,-77.57万,9.79,0.00,0.00,0.00,1.09亿
371,2018-08-21,1.09亿,93.24万,94.18万,-0.94万,9.79,0.27,5.01,-4.74,1.09亿
372,2018-08-20,1.09亿,178.75万,97.38万,81.37万,14.53,0.40,2.81,-2.41,1.10亿
373,2018-08-17,1.08亿,159.57万,199.67万,-40.11万,16.94,4.94,0.00,4.94,1.09亿
374,2018-08-16,1.09亿,146.78万,175.81万,-29.03万,12.00,0.00,9.50,-9.50,1.09亿
375,2018-08-15,1.09亿,110.02万,154.86万,-44.83万,21.50,0.00,0.00,0.00,1.10亿
376,2018-08-14,1.09亿,204.65万,116.19万,88.46万,21.50,0.00,0.00,0.00,1.10亿
377,2018-08-13,1.08亿,176.55万,104.58万,71.96万,21.50,20.00,0.00,20.00,1.09亿
378,2018-08-10,1.08亿,64.64万,85.06万,-20.42万,1.50,0.00,0.00,0.00,1.08亿
379,2018-08-09,1.08亿,152.78万,161.88万,-9.11万,1.50,0.00,0.00,0.00,1.08亿
380,2018-08-08,1.08亿,83.20万,99.92万,-16.72万,1.50,1.50,0.00,1.50,1.08亿
381,2018-08-07,1.08亿,158.94万,182.25万,-23.30万,0.00,0.00,2.91,-2.91,1.08亿
382,2018-08-06,1.08亿,161.30万,110.36万,50.94万,2.91,0.00,17.17,-17.17,1.09亿
383,2018-08-03,1.08亿,104.63万,73.71万,30.92万,20.08,0.00,0.00,0.00,1.09亿
384,2018-08-02,1.08亿,271.75万,190.65万,81.10万,20.08,17.17,1.41,15.76,1.09亿
385,2018-08-01,1.07亿,270.49万,605.22万,-334.73万,4.33,0.00,0.28,-0.28,1.07亿
386,2018-07-31,1.10亿,182.08万,148.86万,33.22万,4.61,0.00,0.00,0.00,1.10亿
387,2018-07-30,1.10亿,221.39万,223.69万,-2.30万,4.61,0.00,0.12,-0.12,1.10亿
388,2018-07-27,1.10亿,199.99万,169.98万,30.01万,4.73,0.00,0.00,0.00,1.10亿
389,2018-07-26,1.10亿,227.47万,238.79万,-11.31万,4.73,0.00,1.22,-1.22,1.10亿
390,2018-07-25,1.10亿,532.10万,707.53万,-175.42万,4.25,0.50,1.22,-0.72,1.10亿
391,2018-07-24,1.11亿,748.75万,1015.44万,-266.69万,4.97,0.09,1.46,-1.37,1.12亿
392,2018-07-23,1.14亿,650.92万,632.14万,18.77万,6.34,1.56,0.17,1.39,1.15亿
393,2018-07-20,1.14亿,516.76万,815.21万,-298.45万,4.95,0.00,5.55,-5.55,1.14亿
394,2018-07-19,1.17亿,383.88万,512.54万,-128.66万,10.50,0.00,0.00,0.00,1.18亿
395,2018-07-18,1.18亿,481.38万,902.06万,-420.69万,10.50,0.00,0.00,0.00,1.19亿
396,2018-07-17,1.22亿,499.53万,416.84万,82.69万,10.50,0.27,0.00,0.27,1.23亿
397,2018-07-16,1.22亿,639.33万,310.14万,329.19万,10.23,1.11,0.27,0.84,1.22亿
398,2018-07-13,1.18亿,469.88万,340.70万,129.18万,9.39,0.22,0.73,-0.51,1.19亿
399,2018-07-12,1.17亿,259.38万,243.15万,16.23万,9.90,1.26,0.00,1.26,1.18亿
400,2018-07-11,1.17亿,417.05万,342.54万,74.51万,8.64,5.55,1.26,4.29,1.17亿
401,2018-07-10,1.16亿,399.52万,108.35万,291.17万,4.35,0.34,1.00,-0.66,1.16亿
402,2018-07-09,1.13亿,324.55万,212.39万,112.16万,5.01,1.20,1.64,-0.44,1.14亿
403,2018-07-06,1.12亿,307.13万,229.92万,77.21万,5.45,1.83,3.13,-1.30,1.12亿
404,2018-07-05,1.11亿,306.35万,341.32万,-34.97万,6.75,0.35,1.45,-1.10,1.12亿
405,2018-07-04,1.12亿,395.15万,465.36万,-70.20万,7.85,2.85,0.00,2.85,1.12亿
406,2018-07-03,1.12亿,700.21万,522.15万,178.06万,5.00,1.83,5.49,-3.66,1.13亿
407,2018-07-02,1.11亿,362.27万,562.34万,-200.07万,8.66,4.18,1.57,2.61,1.11亿
408,2018-06-29,1.13亿,593.73万,594.28万,-0.55万,6.05,0.08,4.05,-3.97,1.13亿
409,2018-06-28,1.13亿,155.14万,290.66万,-135.52万,10.02,5.25,0.38,4.87,1.13亿
410,2018-06-27,1.14亿,455.16万,325.75万,129.41万,5.15,1.89,0.13,1.76,1.14亿
411,2018-06-26,1.13亿,352.21万,485.00万,-132.78万,3.39,0.07,2.63,-2.56,1.13亿
412,2018-06-25,1.14亿,322.84万,373.36万,-50.52万,5.95,2.16,1.26,0.90,1.14亿
413,2018-06-22,1.14亿,866.07万,447.10万,418.97万,5.05,0.55,1.50,-0.95,1.15亿
414,2018-06-21,1.10亿,296.19万,565.92万,-269.72万,6.00,0.20,0.00,0.20,1.11亿
415,2018-06-20,1.13亿,184.10万,301.24万,-117.14万,5.80,2.11,0.00,2.11,1.13亿
416,2018-06-19,1.14亿,497.42万,491.65万,5.76万,3.69,1.30,0.00,1.30,1.14亿
417,2018-06-15,1.14亿,167.67万,727.43万,-559.77万,2.39,1.73,1.50,0.23,1.14亿
418,2018-06-14,1.20亿,164.86万,214.59万,-49.73万,2.16,1.00,0.00,1.00,1.20亿
419,2018-06-13,1.20亿,123.54万,378.52万,-254.98万,1.16,0.00,0.00,0.00,1.20亿
420,2018-06-12,1.23亿,148.42万,316.70万,-168.27万,1.16,0.00,0.00,0.00,1.23亿
421,2018-06-11,1.24亿,247.04万,631.12万,-384.09万,1.16,0.16,0.00,0.16,1.24亿
422,2018-06-08,1.28亿,310.81万,319.85万,-9.04万,1.00,0.00,0.00,0.00,1.28亿
423,2018-06-07,1.28亿,227.42万,124.55万,102.88万,1.00,0.00,0.70,-0.70,1.28亿
424,2018-06-06,1.27亿,253.99万,157.53万,96.45万,1.70,0.00,0.00,0.00,1.27亿
425,2018-06-05,1.26亿,224.36万,141.91万,82.45万,1.70,0.00,0.00,0.00,1.26亿
426,2018-06-04,1.25亿,228.04万,165.89万,62.15万,1.70,0.00,0.00,0.00,1.26亿
427,2018-06-01,1.25亿,231.43万,234.80万,-3.37万,1.70,1.00,0.00,1.00,1.25亿
428,2018-05-31,1.25亿,242.28万,135.60万,106.68万,0.70,0.00,0.00,0.00,1.25亿
429,2018-05-30,1.24亿,189.22万,177.12万,12.10万,0.70,0.70,0.10,0.60,1.24亿
430,2018-05-29,1.24亿,284.72万,281.17万,3.54万,0.10,0.00,0.00,0.00,1.24亿
431,2018-05-28,1.24亿,271.14万,264.27万,6.87万,0.10,0.00,0.00,0.00,1.24亿
432,2018-05-25,1.24亿,292.11万,247.98万,44.13万,0.10,0.00,0.10,-0.10,1.24亿
433,2018-05-24,1.23亿,267.46万,390.47万,-123.00万,0.20,0.10,0.10,0.00,1.23亿
434,2018-05-23,1.24亿,503.21万,511.84万,-8.62万,0.20,0.00,0.10,-0.10,1.24亿
435,2018-05-22,1.24亿,285.69万,386.43万,-100.74万,0.30,0.00,0.00,0.00,1.24亿
436,2018-05-21,1.25亿,1116.96万,469.81万,647.16万,0.30,0.00,0.00,0.00,1.25亿
437,2018-05-18,1.19亿,228.33万,290.78万,-62.44万,0.30,0.00,0.00,0.00,1.19亿
438,2018-05-17,1.20亿,199.17万,97.18万,101.98万,0.30,0.00,0.00,0.00,1.20亿
439,2018-05-16,1.19亿,229.79万,287.12万,-57.33万,0.30,0.00,0.00,0.00,1.19亿
440,2018-05-15,1.19亿,245.98万,345.19万,-99.21万,0.30,0.10,0.00,0.10,1.19亿
441,2018-05-14,1.20亿,480.33万,153.06万,327.27万,0.20,0.00,0.00,0.00,1.20亿
442,2018-05-11,1.17亿,454.78万,634.99万,-180.21万,0.20,0.00,3.00,-3.00,1.17亿
443,2018-05-10,1.19亿,284.57万,365.21万,-80.65万,3.20,0.10,0.00,0.10,1.19亿
444,2018-05-09,1.20亿,308.61万,281.70万,26.91万,3.10,3.00,0.00,3.00,1.20亿
445,2018-05-08,1.19亿,448.75万,644.15万,-195.40万,0.10,0.00,0.15,-0.15,1.19亿
446,2018-05-07,1.21亿,673.65万,307.15万,366.50万,0.25,0.10,0.00,0.10,1.21亿
447,2018-05-04,1.18亿,428.94万,484.39万,-55.45万,0.15,0.00,0.10,-0.10,1.18亿
448,2018-05-03,1.18亿,509.14万,331.20万,177.94万,0.25,0.10,0.05,0.05,1.18亿
449,2018-05-02,1.16亿,441.21万,393.40万,47.82万,0.20,0.15,0.10,0.05,1.16亿
450,2018-04-27,1.16亿,390.75万,443.63万,-52.88万,0.15,0.00,1.67,-1.67,1.16亿
451,2018-04-26,1.16亿,879.44万,810.07万,69.37万,1.82,1.75,0.10,1.65,1.16亿
452,2018-04-25,1.16亿,263.82万,254.69万,9.13万,0.17,0.00,0.00,0.00,1.16亿
453,2018-04-24,1.16亿,333.63万,417.37万,-83.73万,0.17,0.00,0.00,0.00,1.16亿
454,2018-04-23,1.16亿,415.35万,201.71万,213.63万,0.17,0.10,0.15,-0.05,1.16亿
455,2018-04-20,1.14亿,341.80万,449.28万,-107.48万,0.22,0.15,2.26,-2.11,1.14亿
456,2018-04-19,1.15亿,246.34万,90.08万,156.26万,2.33,0.00,0.00,0.00,1.16亿
457,2018-04-18,1.14亿,245.66万,293.94万,-48.28万,2.33,2.26,0.00,2.26,1.14亿
458,2018-04-17,1.14亿,108.91万,267.76万,-158.84万,0.07,0.00,0.27,-0.27,1.14亿
459,2018-04-16,1.16亿,273.83万,408.02万,-134.19万,0.34,0.27,10.15,-9.88,1.16亿
460,2018-04-13,1.17亿,133.63万,292.38万,-158.75万,10.22,0.10,0.00,0.10,1.18亿
461,2018-04-12,1.19亿,318.38万,286.41万,31.98万,10.12,3.49,0.37,3.12,1.19亿
462,2018-04-11,1.18亿,635.70万,387.81万,247.89万,7.00,0.00,0.00,0.00,1.19亿
463,2018-04-10,1.16亿,247.63万,311.39万,-63.76万,7.00,0.10,2.76,-2.66,1.16亿
464,2018-04-09,1.17亿,176.10万,351.59万,-175.49万,9.66,0.00,0.10,-0.10,1.17亿
465,2018-04-04,1.18亿,261.24万,352.03万,-90.79万,9.76,0.21,0.10,0.11,1.19亿
466,2018-04-03,1.19亿,216.33万,312.27万,-95.94万,9.65,0.00,0.35,-0.35,1.20亿
467,2018-04-02,1.20亿,551.01万,243.39万,307.62万,10.00,0.00,0.00,0.00,1.21亿
468,2018-03-30,1.17亿,171.54万,513.61万,-342.08万,10.00,0.03,0.00,0.03,1.18亿
469,2018-03-29,1.21亿,536.04万,443.35万,92.69万,9.97,7.47,0.00,7.47,1.21亿
470,2018-03-28,1.20亿,486.74万,313.00万,173.74万,2.50,0.00,0.00,0.00,1.20亿
471,2018-03-27,1.18亿,321.86万,200.21万,121.65万,2.50,0.15,0.00,0.15,1.18亿
472,2018-03-26,1.17亿,250.34万,422.83万,-172.49万,2.35,2.35,0.26,2.09,1.17亿
473,2018-03-23,1.18亿,646.93万,693.82万,-46.88万,0.26,0.06,0.30,-0.24,1.18亿
474,2018-03-22,1.19亿,293.71万,289.46万,4.25万,0.50,0.30,2.10,-1.80,1.19亿
475,2018-03-21,1.19亿,631.53万,270.46万,361.07万,2.30,2.20,0.10,2.10,1.19亿
476,2018-03-20,1.15亿,346.81万,545.48万,-198.67万,0.20,0.20,1.81,-1.61,1.15亿
477,2018-03-19,1.17亿,278.28万,101.37万,176.91万,1.81,0.91,0.07,0.84,1.17亿
478,2018-03-16,1.15亿,159.33万,347.69万,-188.37万,0.97,0.80,0.00,0.80,1.16亿
479,2018-03-15,1.17亿,159.45万,205.52万,-46.06万,0.17,0.00,0.00,0.00,1.17亿
480,2018-03-14,1.18亿,455.20万,390.22万,64.98万,0.17,0.00,0.00,0.00,1.18亿
481,2018-03-13,1.17亿,409.49万,676.82万,-267.33万,0.17,0.00,1.00,-1.00,1.17亿
482,2018-03-12,1.20亿,563.23万,871.61万,-308.39万,1.17,1.00,0.13,0.87,1.20亿
483,2018-03-09,1.23亿,130.08万,459.63万,-329.55万,0.30,0.00,0.00,0.00,1.23亿
484,2018-03-08,1.26亿,496.26万,126.11万,370.16万,0.30,0.00,1.28,-1.28,1.26亿
485,2018-03-07,1.23亿,243.17万,193.87万,49.30万,1.58,0.07,0.10,-0.03,1.23亿
486,2018-03-06,1.22亿,360.41万,275.09万,85.32万,1.61,0.10,4.42,-4.32,1.22亿
487,2018-03-05,1.21亿,214.82万,282.14万,-67.32万,5.93,1.28,0.00,1.28,1.22亿
488,2018-03-02,1.22亿,436.71万,655.30万,-218.60万,4.65,0.00,0.00,0.00,1.22亿
489,2018-03-01,1.24亿,268.45万,398.64万,-130.19万,4.65,0.10,0.00,0.10,1.24亿
490,2018-02-28,1.25亿,464.08万,292.70万,171.39万,4.55,0.00,0.00,0.00,1.26亿
491,2018-02-27,1.24亿,352.67万,259.19万,93.48万,4.55,0.00,0.00,0.00,1.24亿
492,2018-02-26,1.23亿,459.64万,307.66万,151.97万,4.55,0.00,0.00,0.00,1.23亿
493,2018-02-23,1.21亿,176.50万,170.66万,5.84万,4.55,0.00,0.00,0.00,1.21亿
494,2018-02-22,1.21亿,126.65万,197.77万,-71.12万,4.55,0.00,0.00,0.00,1.21亿
495,2018-02-14,1.22亿,78.48万,253.17万,-174.69万,4.55,0.00,0.22,-0.22,1.22亿
496,2018-02-13,1.24亿,269.57万,295.93万,-26.37万,4.77,0.00,0.38,-0.38,1.24亿
497,2018-02-12,1.24亿,257.67万,531.90万,-274.23万,5.15,0.00,0.01,-0.01,1.24亿
498,2018-02-09,1.27亿,510.28万,895.15万,-384.87万,5.16,0.39,0.00,0.39,1.27亿
499,2018-02-08,1.30亿,223.55万,246.23万,-22.68万,4.77,0.00,0.00,0.00,1.31亿
500,2018-02-07,1.31亿,553.06万,659.50万,-106.44万,4.77,0.22,0.00,0.22,1.31亿
501,2018-02-06,1.32亿,592.49万,508.48万,84.01万,4.55,0.00,1.00,-1.00,1.32亿
502,2018-02-05,1.31亿,548.97万,686.30万,-137.32万,5.55,0.00,0.00,0.00,1.31亿
503,2018-02-02,1.32亿,610.16万,1754.56万,-1144.39万,5.55,0.00,0.10,-0.10,1.33亿
504,2018-02-01,1.44亿,330.90万,818.68万,-487.78万,5.65,1.10,0.15,0.95,1.44亿
505,2018-01-31,1.49亿,508.78万,617.97万,-109.20万,4.70,0.00,0.00,0.00,1.49亿
506,2018-01-30,1.50亿,364.78万,301.94万,62.84万,4.70,0.00,0.15,-0.15,1.50亿
507,2018-01-29,1.49亿,321.92万,655.48万,-333.57万,4.85,0.00,0.00,0.00,1.49亿
508,2018-01-26,1.52亿,506.10万,567.26万,-61.16万,4.85,0.00,0.10,-0.10,1.53亿
509,2018-01-25,1.53亿,544.00万,674.71万,-130.71万,4.95,0.00,0.00,0.00,1.53亿
510,2018-01-24,1.54亿,399.90万,382.73万,17.17万,4.95,0.00,0.00,0.00,1.55亿
511,2018-01-23,1.54亿,632.72万,544.94万,87.78万,4.95,0.10,0.00,0.10,1.55亿
512,2018-01-22,1.53亿,276.28万,631.15万,-354.88万,4.85,0.00,0.00,0.00,1.54亿
513,2018-01-19,1.57亿,627.34万,833.76万,-206.41万,4.85,0.00,0.60,-0.60,1.57亿
514,2018-01-18,1.59亿,529.09万,422.32万,106.77万,5.45,0.00,0.00,0.00,1.59亿
515,2018-01-17,1.58亿,421.36万,452.71万,-31.35万,5.45,0.20,0.00,0.20,1.58亿
516,2018-01-16,1.58亿,930.36万,304.93万,625.43万,5.25,0.10,0.08,0.02,1.59亿
517,2018-01-15,1.52亿,863.05万,380.57万,482.47万,5.23,0.73,0.10,0.63,1.52亿
518,2018-01-12,1.47亿,443.18万,482.42万,-39.24万,4.60,0.00,0.60,-0.60,1.47亿
519,2018-01-11,1.47亿,613.39万,406.81万,206.59万,5.20,0.62,1.19,-0.57,1.48亿
520,2018-01-10,1.45亿,609.83万,363.66万,246.17万,5.77,0.71,0.10,0.61,1.46亿
521,2018-01-09,1.43亿,429.84万,813.85万,-384.01万,5.16,0.24,0.00,0.24,1.43亿
522,2018-01-08,1.47亿,1257.89万,1217.56万,40.32万,4.92,0.00,0.00,0.00,1.47亿
523,2018-01-05,1.46亿,545.00万,577.73万,-32.73万,4.92,0.34,0.00,0.34,1.47亿
524,2018-01-04,1.47亿,404.95万,609.40万,-204.45万,4.58,0.00,6.93,-6.93,1.47亿
525,2018-01-03,1.49亿,935.53万,1057.11万,-121.59万,11.51,6.93,0.34,6.59,1.50亿
526,2018-01-02,1.50亿,874.22万,667.72万,206.50万,4.92,0.34,0.00,0.34,1.50亿
527,2017-12-29,1.48亿,797.13万,606.80万,190.33万,4.58,0.00,1.70,-1.70,1.48亿
528,2017-12-28,1.46亿,597.35万,722.23万,-124.89万,6.28,0.00,0.00,0.00,1.46亿
529,2017-12-27,1.47亿,805.32万,305.65万,499.66万,6.28,1.70,0.00,1.70,1.48亿
530,2017-12-26,1.42亿,288.21万,407.36万,-119.15万,4.58,0.10,0.00,0.10,1.43亿
531,2017-12-25,1.43亿,310.14万,250.20万,59.93万,4.48,0.00,0.00,0.00,1.44亿
532,2017-12-22,1.43亿,186.44万,352.05万,-165.61万,4.48,0.00,0.05,-0.05,1.43亿
533,2017-12-21,1.44亿,238.60万,239.85万,-1.25万,4.53,0.00,4.75,-4.75,1.45亿
534,2017-12-20,1.44亿,204.59万,556.89万,-352.31万,9.28,4.75,0.05,4.70,1.45亿
535,2017-12-19,1.48亿,288.18万,421.53万,-133.35万,4.58,0.05,0.00,0.05,1.48亿
536,2017-12-18,1.49亿,430.22万,278.95万,151.27万,4.53,0.05,0.00,0.05,1.50亿
537,2017-12-15,1.48亿,77.13万,327.57万,-250.44万,4.48,0.00,0.00,0.00,1.48亿
538,2017-12-14,1.50亿,301.87万,278.61万,23.26万,4.48,0.00,0.00,0.00,1.51亿
539,2017-12-13,1.50亿,181.49万,123.77万,57.72万,4.48,0.00,0.00,0.00,1.50亿
540,2017-12-12,1.49亿,415.54万,488.40万,-72.86万,4.48,0.00,0.00,0.00,1.50亿
541,2017-12-11,1.50亿,250.89万,451.94万,-201.05万,4.48,0.00,0.00,0.00,1.51亿
542,2017-12-08,1.52亿,152.56万,501.75万,-349.19万,4.48,0.00,0.00,0.00,1.53亿
543,2017-12-07,1.56亿,144.95万,202.35万,-57.39万,4.48,0.00,0.83,-0.83,1.56亿
544,2017-12-06,1.56亿,576.37万,654.65万,-78.29万,5.31,0.83,1.19,-0.36,1.57亿
545,2017-12-05,1.57亿,642.22万,590.95万,51.27万,5.67,1.19,0.00,1.19,1.58亿
546,2017-12-04,1.57亿,521.94万,171.95万,349.99万,4.48,0.00,0.00,0.00,1.57亿
547,2017-12-01,1.53亿,185.27万,697.76万,-512.49万,4.48,0.00,0.00,0.00,1.53亿
548,2017-11-30,1.58亿,468.41万,578.26万,-109.84万,4.48,0.00,0.02,-0.02,1.59亿
549,2017-11-29,1.59亿,598.80万,468.49万,130.31万,4.50,0.00,0.00,0.00,1.60亿
550,2017-11-28,1.58亿,348.65万,761.85万,-413.20万,4.50,0.00,3.10,-3.10,1.58亿
551,2017-11-27,1.62亿,848.79万,604.10万,244.69万,7.60,3.00,0.10,2.90,1.63亿
552,2017-11-24,1.60亿,1136.86万,1341.90万,-205.04万,4.70,0.20,1.40,-1.20,1.60亿
553,2017-11-23,1.62亿,896.42万,784.10万,112.32万,5.90,1.46,0.01,1.45,1.62亿
554,2017-11-22,1.61亿,807.92万,772.01万,35.91万,4.45,0.01,0.55,-0.54,1.61亿
555,2017-11-21,1.60亿,660.58万,700.49万,-39.92万,4.99,0.00,0.00,0.00,1.61亿
556,2017-11-20,1.61亿,1173.08万,580.38万,592.71万,4.99,4.99,0.10,4.89,1.61亿
557,2017-11-17,1.55亿,911.57万,1450.59万,-539.02万,0.10,0.10,0.23,-0.13,1.55亿
558,2017-11-16,1.60亿,776.63万,928.75万,-152.12万,0.23,0.20,0.00,0.20,1.60亿
559,2017-11-15,1.62亿,560.04万,562.53万,-2.48万,0.03,0.00,0.00,0.00,1.62亿
560,2017-11-14,1.62亿,998.91万,460.01万,538.90万,0.03,0.00,0.20,-0.20,1.62亿
561,2017-11-13,1.56亿,753.55万,458.15万,295.40万,0.23,0.20,0.00,0.20,1.56亿
562,2017-11-10,1.53亿,619.22万,1268.25万,-649.04万,0.03,0.00,0.00,0.00,1.53亿
563,2017-11-09,1.60亿,751.22万,275.81万,475.41万,0.03,0.00,0.00,0.00,1.60亿
564,2017-11-08,1.55亿,1135.97万,757.47万,378.50万,0.03,0.00,0.30,-0.30,1.55亿
565,2017-11-07,1.51亿,860.94万,305.74万,555.21万,0.33,0.30,0.00,0.30,1.51亿
566,2017-11-06,1.46亿,642.19万,535.32万,106.87万,0.03,0.00,0.00,0.00,1.46亿
567,2017-11-03,1.45亿,809.46万,1203.47万,-394.00万,0.03,0.00,6.37,-6.37,1.45亿
568,2017-11-02,1.49亿,1176.52万,781.79万,394.73万,6.40,6.37,0.10,6.27,1.49亿
569,2017-11-01,1.45亿,1130.26万,789.79万,340.47万,0.13,0.10,0.00,0.10,1.45亿
570,2017-10-31,1.41亿,576.29万,781.04万,-204.75万,0.03,0.00,0.00,0.00,1.41亿
571,2017-10-30,1.43亿,798.66万,617.17万,181.49万,0.03,0.00,0.10,-0.10,1.43亿
572,2017-10-27,1.41亿,483.13万,1229.93万,-746.80万,0.13,0.10,0.10,0.00,1.41亿
573,2017-10-26,1.49亿,671.77万,952.05万,-280.28万,0.13,0.00,0.00,0.00,1.49亿
574,2017-10-25,1.52亿,683.18万,752.47万,-69.29万,0.13,0.10,0.00,0.10,1.52亿
575,2017-10-24,1.52亿,470.19万,471.10万,-0.91万,0.03,0.00,0.00,0.00,1.52亿
576,2017-10-23,1.52亿,903.16万,814.66万,88.49万,0.03,0.00,0.49,-0.49,1.52亿
577,2017-10-20,1.52亿,444.81万,796.85万,-352.04万,0.52,0.49,2.00,-1.51,1.52亿
578,2017-10-19,1.55亿,1395.09万,310.35万,1084.74万,2.03,0.03,0.00,0.03,1.55亿
579,2017-10-18,1.44亿,663.97万,976.89万,-312.92万,2.00,1.97,0.00,1.97,1.44亿
580,2017-10-17,1.47亿,489.19万,413.98万,75.21万,0.03,0.00,0.00,0.00,1.47亿
581,2017-10-16,1.47亿,753.66万,977.99万,-224.34万,0.03,0.00,6.47,-6.47,1.47亿
582,2017-10-13,1.49亿,463.51万,652.69万,-189.18万,6.50,0.00,0.00,0.00,1.49亿
583,2017-10-12,1.51亿,628.65万,1317.16万,-688.51万,6.50,0.00,0.00,0.00,1.51亿
584,2017-10-11,1.58亿,987.33万,1213.85万,-226.52万,6.50,6.47,0.00,6.47,1.58亿
585,2017-10-10,1.60亿,1101.63万,1161.70万,-60.07万,0.03,0.00,0.00,0.00,1.60亿
586,2017-10-09,1.60亿,1650.95万,664.93万,986.02万,0.03,0.00,0.00,0.00,1.60亿
587,2017-09-29,1.51亿,279.82万,803.18万,-523.37万,0.03,0.00,3.02,-3.02,1.51亿
588,2017-09-28,1.56亿,650.06万,708.21万,-58.15万,3.05,0.00,0.00,0.00,1.56亿
589,2017-09-27,1.56亿,267.45万,485.86万,-218.41万,3.05,0.00,0.00,0.00,1.57亿
590,2017-09-26,1.59亿,706.99万,411.16万,295.83万,3.05,0.00,0.00,0.00,1.59亿
591,2017-09-25,1.56亿,483.84万,721.38万,-237.54万,3.05,0.00,0.07,-0.07,1.56亿
592,2017-09-22,1.58亿,655.89万,875.05万,-219.16万,3.12,0.00,1.67,-1.67,1.58亿
593,2017-09-21,1.60亿,443.01万,776.55万,-333.53万,4.79,0.00,0.00,0.00,1.61亿
594,2017-09-20,1.64亿,1071.68万,689.20万,382.47万,4.79,0.00,0.00,0.00,1.64亿
595,2017-09-19,1.60亿,1079.36万,952.80万,126.55万,4.79,0.00,0.00,0.00,1.60亿
596,2017-09-18,1.58亿,965.11万,844.95万,120.16万,4.79,0.46,0.10,0.36,1.59亿
597,2017-09-15,1.57亿,1854.99万,1506.03万,348.96万,4.43,0.00,0.13,-0.13,1.58亿
598,2017-09-14,1.54亿,1559.89万,1258.02万,301.88万,4.56,1.23,0.50,0.73,1.54亿
599,2017-09-13,1.51亿,1353.75万,1018.47万,335.28万,3.83,0.10,0.00,0.10,1.51亿
600,2017-09-12,1.47亿,2934.29万,2104.57万,829.72万,3.73,0.00,0.47,-0.47,1.48亿
601,2017-09-11,1.39亿,2061.45万,1979.75万,81.70万,4.20,0.47,0.00,0.47,1.39亿
602,2017-09-08,1.38亿,1907.94万,1722.76万,185.19万,3.73,0.00,2.77,-2.77,1.39亿
603,2017-09-07,1.36亿,1668.75万,1027.33万,641.42万,6.50,0.00,0.00,0.00,1.37亿
604,2017-09-06,1.30亿,1007.99万,1599.72万,-591.73万,6.50,0.46,0.00,0.46,1.31亿
605,2017-09-05,1.36亿,335.46万,585.04万,-249.58万,6.04,0.15,0.27,-0.12,1.36亿
606,2017-09-04,1.38亿,1246.60万,660.64万,585.96万,6.16,2.34,0.19,2.15,1.39亿
607,2017-09-01,1.33亿,659.27万,929.08万,-269.81万,4.01,0.00,0.00,0.00,1.33亿
608,2017-08-31,1.35亿,1258.72万,1092.41万,166.31万,4.01,0.01,0.33,-0.32,1.36亿
609,2017-08-30,1.34亿,876.30万,1271.31万,-395.01万,4.33,0.11,0.00,0.11,1.34亿
610,2017-08-29,1.38亿,1301.98万,2571.81万,-1269.83万,4.22,0.27,0.00,0.27,1.38亿
611,2017-08-28,1.50亿,1606.83万,922.00万,684.84万,3.95,0.18,0.00,0.18,1.51亿
612,2017-08-25,1.43亿,1470.96万,849.38万,621.58万,3.77,0.15,0.30,-0.15,1.44亿
613,2017-08-24,1.37亿,541.45万,395.13万,146.32万,3.92,0.00,0.00,0.00,1.38亿
614,2017-08-23,1.36亿,459.17万,913.01万,-453.83万,3.92,0.30,0.00,0.30,1.36亿
615,2017-08-22,1.40亿,897.01万,758.90万,138.11万,3.62,0.00,0.34,-0.34,1.41亿
616,2017-08-21,1.39亿,744.21万,666.15万,78.05万,3.96,0.34,1.52,-1.18,1.39亿
617,2017-08-18,1.38亿,1275.25万,1307.66万,-32.41万,5.14,0.00,0.00,0.00,1.39亿
618,2017-08-17,1.38亿,1199.97万,1718.94万,-518.97万,5.14,0.01,1.10,-1.09,1.39亿
619,2017-08-16,1.44亿,709.24万,425.96万,283.28万,6.23,2.62,1.73,0.89,1.44亿
620,2017-08-15,1.41亿,1318.96万,1123.22万,195.74万,5.34,0.83,0.35,0.48,1.41亿
621,2017-08-14,1.39亿,1098.16万,908.13万,190.03万,4.86,0.37,0.57,-0.20,1.39亿
622,2017-08-11,1.37亿,1905.73万,2710.88万,-805.14万,5.06,0.66,0.49,0.17,1.37亿
623,2017-08-10,1.45亿,1221.70万,1011.60万,210.11万,4.89,0.68,2.23,-1.55,1.45亿
624,2017-08-09,1.43亿,744.17万,629.25万,114.92万,6.44,1.44,0.81,0.63,1.43亿
625,2017-08-08,1.42亿,1795.21万,1517.63万,277.59万,5.81,0.81,2.20,-1.39,1.42亿
626,2017-08-07,1.39亿,1339.75万,1592.81万,-253.06万,7.20,0.20,7.08,-6.88,1.40亿
627,2017-08-04,1.41亿,2840.18万,1898.77万,941.41万,14.08,7.89,19.14,-11.25,1.43亿
628,2017-08-03,1.32亿,2641.27万,3328.38万,-687.12万,25.33,20.42,12.23,8.19,1.35亿
629,2017-08-02,1.39亿,980.05万,1256.47万,-276.42万,17.14,1.84,0.01,1.83,1.41亿
630,2017-08-01,1.42亿,1674.35万,1129.60万,544.75万,15.31,0.00,0.36,-0.36,1.43亿
631,2017-07-31,1.36亿,1794.73万,1692.66万,102.07万,15.67,0.36,0.82,-0.46,1.38亿
632,2017-07-28,1.35亿,1697.18万,2011.41万,-314.23万,16.13,0.82,0.00,0.82,1.37亿
633,2017-07-27,1.38亿,1435.29万,1235.70万,199.59万,15.31,0.00,0.00,0.00,1.40亿
634,2017-07-26,1.36亿,1203.51万,1509.78万,-306.27万,15.31,0.00,4.85,-4.85,1.38亿
635,2017-07-25,1.39亿,896.91万,1195.76万,-298.84万,20.16,2.01,3.50,-1.49,1.41亿
636,2017-07-24,1.42亿,3415.69万,2592.78万,822.91万,21.65,3.69,0.99,2.70,1.44亿
637,2017-07-21,1.34亿,1604.76万,3413.67万,-1808.91万,18.95,1.95,1.23,0.72,1.36亿
638,2017-07-20,1.52亿,873.27万,1311.46万,-438.18万,18.23,2.90,2.00,0.90,1.54亿
639,2017-07-19,1.57亿,1123.22万,1859.15万,-735.94万,17.33,8.34,0.10,8.24,1.58亿
640,2017-07-18,1.64亿,484.29万,1006.63万,-522.35万,9.09,3.90,1.00,2.90,1.65亿
641,2017-07-17,1.69亿,1753.84万,1513.47万,240.37万,6.19,1.59,1.69,-0.10,1.70亿
642,2017-07-14,1.67亿,1169.81万,1110.79万,59.02万,6.29,0.60,0.26,0.34,1.67亿
643,2017-07-13,1.66亿,966.07万,1016.88万,-50.81万,5.95,1.66,0.00,1.66,1.67亿
644,2017-07-12,1.67亿,1820.21万,937.34万,882.87万,4.29,0.30,2.15,-1.85,1.67亿
645,2017-07-11,1.58亿,1800.95万,1866.54万,-65.59万,6.14,2.05,2.21,-0.16,1.58亿
646,2017-07-10,1.59亿,807.47万,977.19万,-169.72万,6.30,0.08,1.50,-1.42,1.59亿
647,2017-07-07,1.60亿,2177.40万,1202.08万,975.33万,7.72,1.50,0.60,0.90,1.61亿
648,2017-07-06,1.51亿,1633.26万,1013.00万,620.26万,6.82,1.69,0.88,0.81,1.51亿
649,2017-07-05,1.44亿,946.74万,545.99万,400.75万,6.01,0.00,3.05,-3.05,1.45亿
650,2017-07-04,1.40亿,813.04万,1031.11万,-218.07万,9.06,3.46,1.00,2.46,1.41亿
651,2017-07-03,1.43亿,1092.11万,743.12万,348.99万,6.60,4.10,0.80,3.30,1.43亿
652,2017-06-30,1.39亿,1488.51万,1159.35万,329.15万,3.30,1.49,16.04,-14.55,1.39亿
653,2017-06-29,1.36亿,1144.61万,1156.26万,-11.65万,17.85,1.91,0.10,1.81,1.37亿
654,2017-06-28,1.36亿,1157.87万,729.76万,428.12万,16.04,0.00,3.30,-3.30,1.37亿
655,2017-06-27,1.32亿,899.99万,690.22万,209.76万,19.34,0.14,0.18,-0.04,1.33亿
656,2017-06-26,1.29亿,1564.88万,1805.39万,-240.51万,19.38,4.28,0.96,3.32,1.31亿
657,2017-06-23,1.32亿,871.07万,1103.03万,-231.96万,16.06,1.53,0.40,1.13,1.33亿
658,2017-06-22,1.34亿,1250.76万,1466.94万,-216.18万,14.93,3.00,5.33,-2.33,1.36亿
659,2017-06-21,1.36亿,417.07万,634.84万,-217.77万,17.26,2.30,0.20,2.10,1.38亿
660,2017-06-20,1.39亿,1018.30万,461.94万,556.37万,15.16,0.00,5.30,-5.30,1.40亿
661,2017-06-19,1.33亿,579.40万,1080.37万,-500.97万,20.46,2.69,1.85,0.84,1.35亿
662,2017-06-16,1.38亿,675.10万,724.55万,-49.46万,19.62,2.64,7.70,-5.06,1.40亿
663,2017-06-15,1.38亿,575.94万,402.46万,173.48万,24.68,5.12,3.69,1.43,1.41亿
664,2017-06-14,1.37亿,913.93万,682.11万,231.82万,23.25,7.00,6.20,0.80,1.39亿
665,2017-06-13,1.34亿,1088.53万,1254.84万,-166.31万,22.45,11.45,0.00,11.45,1.36亿
666,2017-06-12,1.36亿,519.99万,424.68万,95.31万,11.00,0.40,4.75,-4.35,1.37亿
667,2017-06-09,1.35亿,1539.94万,1141.43万,398.51万,15.35,1.50,5.47,-3.97,1.36亿
668,2017-06-08,1.31亿,1112.08万,578.12万,533.96万,19.32,11.45,1.54,9.91,1.33亿
669,2017-06-07,1.26亿,826.20万,1192.80万,-366.60万,9.41,2.03,19.06,-17.03,1.27亿
670,2017-06-06,1.29亿,348.26万,339.55万,8.71万,26.44,20.18,0.00,20.18,1.32亿
671,2017-06-05,1.29亿,107.19万,306.91万,-199.72万,6.26,0.78,4.93,-4.15,1.30亿
672,2017-06-02,1.31亿,466.09万,720.56万,-254.47万,10.41,8.44,1.02,7.42,1.32亿
673,2017-06-01,1.34亿,600.48万,429.93万,170.56万,2.99,0.01,4.33,-4.32,1.34亿
674,2017-05-31,1.32亿,1015.39万,344.40万,670.99万,7.31,0.10,0.85,-0.75,1.33亿
675,2017-05-26,1.26亿,371.79万,163.85万,207.94万,8.06,1.54,0.20,1.34,1.26亿
676,2017-05-25,1.23亿,430.16万,148.75万,281.41万,6.72,0.21,4.67,-4.46,1.24亿
677,2017-05-24,1.21亿,321.15万,393.81万,-72.66万,11.18,4.85,6.97,-2.12,1.22亿
678,2017-05-23,1.21亿,1133.92万,467.72万,666.20万,13.30,1.98,10.84,-8.86,1.22亿
679,2017-05-22,1.15亿,335.42万,616.38万,-280.96万,22.16,1.12,1.00,0.12,1.17亿
680,2017-05-19,1.17亿,101.35万,184.10万,-82.74万,22.04,0.03,0.14,-0.11,1.19亿
681,2017-05-18,1.18亿,310.45万,190.59万,119.86万,22.15,0.14,1.48,-1.34,1.20亿
682,2017-05-17,1.17亿,723.91万,241.18万,482.72万,23.49,1.43,5.26,-3.83,1.19亿
683,2017-05-16,1.12亿,385.43万,278.17万,107.26万,27.32,2.90,4.68,-1.78,1.15亿
684,2017-05-15,1.11亿,130.80万,805.13万,-674.33万,29.10,0.93,0.13,0.80,1.14亿
685,2017-05-12,1.18亿,1149.28万,900.26万,249.02万,28.30,7.31,5.88,1.43,1.20亿
686,2017-05-11,1.15亿,808.81万,944.13万,-135.31万,26.87,23.03,0.11,22.92,1.18亿
687,2017-05-10,1.17亿,757.09万,1060.77万,-303.68万,3.95,1.15,3.88,-2.73,1.17亿
688,2017-05-09,1.20亿,592.94万,328.32万,264.62万,6.68,2.64,11.43,-8.79,1.20亿
689,2017-05-08,1.17亿,666.28万,726.09万,-59.81万,15.47,10.43,1.20,9.23,1.19亿
690,2017-05-05,1.18亿,385.68万,549.03万,-163.34万,6.24,1.31,0.66,0.65,1.18亿
691,2017-05-04,1.19亿,763.61万,535.42万,228.19万,5.59,0.53,1.40,-0.87,1.20亿
692,2017-05-03,1.17亿,662.19万,294.52万,367.67万,6.46,1.40,1.24,0.16,1.18亿
693,2017-05-02,1.13亿,626.85万,374.85万,252.00万,6.30,1.33,2.20,-0.87,1.14亿
694,2017-04-28,1.11亿,935.93万,1120.73万,-184.80万,7.17,5.09,5.26,-0.17,1.12亿
695,2017-04-27,1.13亿,632.62万,783.69万,-151.07万,7.34,4.84,4.19,0.65,1.13亿
696,2017-04-26,1.14亿,478.08万,344.45万,133.63万,6.69,3.56,1.04,2.52,1.15亿
697,2017-04-25,1.13亿,328.45万,292.25万,36.21万,4.17,1.36,0.01,1.35,1.13亿
698,2017-04-24,1.13亿,726.61万,1329.67万,-603.06万,2.82,0.36,6.10,-5.74,1.13亿
699,2017-04-21,1.19亿,292.40万,568.70万,-276.29万,8.56,5.39,1.32,4.07,1.19亿
700,2017-04-20,1.21亿,572.23万,367.35万,204.88万,4.49,2.42,3.00,-0.58,1.22亿
701,2017-04-19,1.19亿,834.31万,1094.47万,-260.16万,5.07,5.05,4.83,0.22,1.20亿
702,2017-04-18,1.22亿,1699.63万,1115.92万,583.71万,4.85,0.00,1.50,-1.50,1.22亿
703,2017-04-17,1.16亿,1072.08万,833.91万,238.18万,6.35,1.50,4.00,-2.50,1.17亿
704,2017-04-14,1.14亿,3502.41万,601.11万,2901.30万,8.85,4.00,0.98,3.02,1.15亿
705,2017-04-13,8474.77万,905.15万,1838.15万,-933.00万,5.83,0.98,0.00,0.98,8526.08万
706,2017-04-12,9407.77万,1359.80万,1323.78万,36.03万,4.85,4.83,0.00,4.83,9449.48万
707,2017-04-11,9371.75万,439.64万,1398.54万,-958.91万,0.02,0.00,0.30,-0.30,9371.92万
708,2017-04-10,1.03亿,1064.24万,1784.51万,-720.27万,0.32,0.00,0.00,0.00,1.03亿
709,2017-04-07,1.11亿,670.50万,653.59万,16.91万,0.32,0.00,0.00,0.00,1.11亿
710,2017-04-06,1.10亿,819.06万,680.30万,138.76万,0.32,0.00,6.05,-6.05,1.10亿
711,2017-04-05,1.09亿,778.61万,645.77万,132.84万,6.37,5.80,0.13,5.67,1.09亿
712,2017-03-31,1.08亿,1045.77万,770.15万,275.62万,0.70,0.33,3.84,-3.51,1.08亿
713,2017-03-30,1.05亿,1797.43万,1487.56万,309.87万,4.21,3.96,2.54,1.42,1.05亿
714,2017-03-29,1.02亿,3257.78万,3513.46万,-255.68万,2.79,1.83,0.00,1.83,1.02亿
715,2017-03-28,1.04亿,437.71万,1315.35万,-877.64万,0.96,0.20,0.00,0.20,1.04亿
716,2017-03-27,1.13亿,2571.92万,1129.85万,1442.06万,0.76,0.00,0.00,0.00,1.13亿
717,2017-03-24,9868.19万,862.20万,1316.77万,-454.57万,0.76,0.00,0.00,0.00,9874.80万
718,2017-03-23,1.03亿,1375.84万,1054.37万,321.48万,0.76,0.76,2.74,-1.98,1.03亿
719,2017-03-22,1.00亿,1101.23万,790.42万,310.80万,2.74,0.00,1.12,-1.12,1.00亿
720,2017-03-21,9690.48万,1479.57万,638.66万,840.91万,3.86,1.12,0.07,1.05,9723.98万
721,2017-03-20,8849.56万,1137.34万,1456.68万,-319.33万,2.81,0.06,0.00,0.06,8874.18万
722,2017-03-17,9168.90万,1908.62万,1495.75万,412.88万,2.75,0.00,0.15,-0.15,9192.85万
723,2017-03-16,8756.02万,1721.22万,1367.79万,353.43万,2.90,0.00,0.00,0.00,8781.80万
724,2017-03-15,8402.58万,1209.08万,1203.74万,5.33万,2.90,0.18,0.00,0.18,8428.31万
725,2017-03-14,8397.25万,2258.14万,1397.76万,860.38万,2.72,0.17,0.12,0.05,8420.97万
726,2017-03-13,7536.87万,1878.45万,1921.03万,-42.58万,2.67,0.06,0.00,0.06,7560.45万
727,2017-03-10,7579.45万,897.93万,1020.45万,-122.52万,2.61,0.06,0.10,-0.04,7602.05万
728,2017-03-09,7701.98万,498.90万,1221.74万,-722.84万,2.65,0.15,0.00,0.15,7724.71万
729,2017-03-08,8424.81万,917.39万,762.30万,155.09万,2.50,0.00,0.00,0.00,8446.21万
730,2017-03-07,8269.72万,1230.51万,620.30万,610.21万,2.50,0.00,0.00,0.00,8291.37万
731,2017-03-06,7659.51万,1541.15万,1270.89万,270.25万,2.50,1.00,0.41,0.59,7681.36万
732,2017-03-03,7389.26万,802.21万,615.37万,186.84万,1.91,0.41,0.40,0.01,7405.76万
733,2017-03-02,7202.42万,755.95万,912.14万,-156.18万,1.90,0.40,0.00,0.40,7218.76万
734,2017-03-01,7358.60万,1565.33万,2160.19万,-594.86万,1.50,0.50,0.00,0.50,7371.56万
735,2017-02-28,7953.47万,549.71万,1284.24万,-734.53万,1.00,1.00,0.46,0.54,7962.04万
736,2017-02-27,8687.99万,989.12万,558.42万,430.71万,0.46,0.12,0.00,0.12,8691.90万
737,2017-02-24,8257.28万,1131.64万,170.03万,961.61万,0.34,0.00,2.66,-2.66,8260.24万
738,2017-02-23,7295.68万,2096.64万,658.88万,1437.77万,3.00,0.00,0.00,0.00,7321.96万
739,2017-02-22,5857.91万,792.93万,1243.45万,-450.52万,3.00,0.00,0.00,0.00,5884.01万
740,2017-02-21,6308.43万,1166.46万,1180.66万,-14.21万,3.00,0.00,0.00,0.00,6334.50万
741,2017-02-20,6322.63万,1025.75万,608.12万,417.63万,3.00,2.66,0.00,2.66,6348.40万
742,2017-02-17,5905.00万,562.60万,569.48万,-6.88万,0.34,0.00,0.61,-0.61,5907.86万
743,2017-02-16,5911.89万,851.51万,684.83万,166.68万,0.95,0.00,0.94,-0.94,5919.96万
744,2017-02-15,5745.21万,540.09万,501.95万,38.15万,1.89,0.00,0.93,-0.93,5761.07万
745,2017-02-14,5707.07万,1449.84万,483.76万,966.08万,2.82,1.87,0.00,1.87,5730.78万
746,2017-02-13,4740.99万,1303.64万,960.04万,343.61万,0.95,0.95,0.00,0.95,4749.02万
747,2017-02-10,4397.38万,810.84万,384.70万,426.14万,0.00,0.00,0.00,0.00,4397.38万
748,2017-02-09,3971.24万,610.28万,1083.24万,-472.96万,0.00,0.00,0.00,0.00,3971.24万
749,2017-02-08,4444.20万,649.51万,521.59万,127.93万,0.00,0.00,0.00,0.00,4444.20万
750,2017-02-07,4316.28万,557.29万,883.39万,-326.10万,0.00,0.00,0.00,0.00,4316.28万
751,2017-02-06,4642.37万,1208.69万,420.82万,787.87万,0.00,0.00,0.00,0.00,4642.37万
752,2017-02-03,3854.50万,873.83万,273.75万,600.08万,0.00,0.00,0.00,0.00,3854.50万
753,2017-01-26,3254.42万,312.98万,448.36万,-135.38万,0.00,0.00,0.00,0.00,3254.42万
754,2017-01-25,3389.80万,679.52万,507.59万,171.93万,0.00,0.00,0.00,0.00,3389.80万
755,2017-01-24,3217.87万,302.95万,825.26万,-522.31万,0.00,0.00,0.00,0.00,3217.87万
756,2017-01-23,3740.18万,329.26万,556.19万,-226.93万,0.00,0.00,0.00,0.00,3740.18万
757,2017-01-20,3967.10万,892.48万,558.56万,333.92万,0.00,0.00,0.00,0.00,3967.10万
758,2017-01-19,3633.19万,534.15万,174.37万,359.78万,0.00,0.00,0.00,0.00,3633.19万
759,2017-01-18,3273.41万,374.64万,383.78万,-9.14万,0.00,0.00,0.00,0.00,3273.41万
760,2017-01-17,3282.55万,771.88万,253.11万,518.76万,0.00,0.00,0.00,0.00,3282.55万
761,2017-01-16,2763.78万,458.58万,681.05万,-222.47万,0.00,0.00,0.00,0.00,2763.78万
762,2017-01-13,2986.26万,373.25万,292.47万,80.78万,0.00,0.00,0.00,0.00,2986.26万
763,2017-01-12,2905.48万,247.21万,410.95万,-163.74万,0.00,0.00,0.00,0.00,2905.48万
764,2017-01-11,3069.22万,326.12万,535.96万,-209.84万,0.00,0.00,0.00,0.00,3069.22万
765,2017-01-10,3279.06万,678.04万,722.10万,-44.06万,0.00,0.00,0.00,0.00,3279.06万
766,2017-01-09,3323.12万,1021.04万,557.97万,463.07万,0.00,0.00,0.00,0.00,3323.12万
767,2017-01-06,2860.04万,826.11万,367.10万,459.00万,0.00,0.00,0.00,0.00,2860.04万
768,2017-01-05,2401.04万,633.68万,334.47万,299.21万,0.00,0.00,0.00,0.00,2401.04万
769,2017-01-04,2101.82万,616.02万,414.68万,201.34万,0.00,0.00,0.00,0.00,2101.82万
770,2017-01-03,1900.48万,455.20万,342.36万,112.84万,0.00,0.00,0.00,0.00,1900.48万
771,2016-12-30,1787.64万,157.30万,248.30万,-90.99万,0.00,0.00,0.00,0.00,1787.64万
772,2016-12-29,1878.64万,309.16万,179.16万,130.01万,0.00,0.00,0.00,0.00,1878.64万
773,2016-12-28,1748.63万,336.86万,262.50万,74.36万,0.00,0.00,0.00,0.00,1748.63万
774,2016-12-27,1674.27万,187.53万,187.96万,-0.43万,0.00,0.00,0.00,0.00,1674.27万
775,2016-12-26,1674.70万,562.79万,375.47万,187.32万,0.00,0.00,0.00,0.00,1674.70万
776,2016-12-23,1487.38万,641.42万,201.28万,440.14万,0.00,0.00,0.00,0.00,1487.38万
777,2016-12-22,1047.24万,207.22万,190.65万,16.57万,0.00,0.00,0.00,0.00,1047.24万
778,2016-12-21,1030.67万,251.07万,197.91万,53.17万,0.00,0.00,0.00,0.00,1030.67万
779,2016-12-20,977.50万,310.79万,180.25万,130.54万,0.00,0.00,0.00,0.00,977.50万
780,2016-12-19,846.96万,385.33万,172.05万,213.28万,0.00,0.00,0.00,0.00,846.96万
781,2016-12-16,633.69万,141.40万,86.06万,55.34万,0.00,0.00,0.00,0.00,633.69万
782,2016-12-15,578.35万,164.76万,91.69万,73.07万,0.00,0.00,0.00,0.00,578.35万
783,2016-12-14,505.27万,146.45万,102.19万,44.26万,0.00,0.00,0.00,0.00,505.27万
784,2016-12-13,461.02万,301.93万,161.58万,140.35万,0.00,0.00,0.00,0.00,461.02万
785,2016-12-12,320.67万,440.49万,119.82万,320.67万,0.00,0.00,0.00,0.00,320.67万
